ISO-10303-21;
HEADER;
/* Generated by software containing ST-Developer
 * from STEP Tools, Inc. (www.steptools.com) 
 */
/* OPTION: using custom renumber hook */

FILE_DESCRIPTION(
/* description */ ('STEP AP242 Edition 2',
'CAx-IF Rec.Pracs.---Representation and Presentation of Product Manufa
cturing Information (PMI)---4.0---2014-10-13',
'CAx-IF Rec.Pracs.---3D Tessellated Geometry---0.4---2014-09-14','2;1',
'CAx-IF Rec.Pracs.---User Defined Attributes---1.5---2016-08-15'),
/* implementation_level */ '2;1');

FILE_NAME(
/* name */ '3D_PCB1_2026-04-08 - Part 87',
/* time_stamp */ '2026-04-09T00:00:53Z',
/* author */ (''),
/* organization */ (''),
/* preprocessor_version */ 'ST-DEVELOPER v20',
/* originating_system */ 'ONSHAPE BY PTC INC, 1.213',
/* authorisation */ '  ');

FILE_SCHEMA (('AP242_MANAGED_MODEL_BASED_3D_ENGINEERING_MIM_LF { 1 0 10303 442 3 1 4 }'));
ENDSEC;

DATA;
#10=SHAPE_REPRESENTATION_RELATIONSHIP('','',#3160,#11);
#11=ADVANCED_BREP_SHAPE_REPRESENTATION('',(#3158),#5190);
#12=PLANE('',#3165);
#13=PLANE('',#3169);
#14=PLANE('',#3185);
#15=PLANE('',#3189);
#16=PLANE('',#3193);
#17=PLANE('',#3194);
#18=PLANE('',#3198);
#19=PLANE('',#3202);
#20=PLANE('',#3203);
#21=PLANE('',#3204);
#22=PLANE('',#3205);
#23=PLANE('',#3209);
#24=PLANE('',#3210);
#25=PLANE('',#3211);
#26=PLANE('',#3212);
#27=PLANE('',#3216);
#28=PLANE('',#3217);
#29=PLANE('',#3218);
#30=PLANE('',#3219);
#31=PLANE('',#3258);
#32=PLANE('',#3263);
#33=PLANE('',#3270);
#34=PLANE('',#3275);
#35=PLANE('',#3280);
#36=PLANE('',#3283);
#37=PLANE('',#3288);
#38=PLANE('',#3293);
#39=PLANE('',#3298);
#40=PLANE('',#3301);
#41=PLANE('',#3306);
#42=PLANE('',#3309);
#43=PLANE('',#3310);
#44=PLANE('',#3311);
#45=PLANE('',#3314);
#46=PLANE('',#3317);
#47=PLANE('',#3322);
#48=PLANE('',#3323);
#49=PLANE('',#3324);
#50=PLANE('',#3329);
#51=PLANE('',#3330);
#52=PLANE('',#3331);
#53=PLANE('',#3336);
#54=PLANE('',#3337);
#55=PLANE('',#3338);
#56=PLANE('',#3339);
#57=PLANE('',#3340);
#58=PLANE('',#3341);
#59=PLANE('',#3342);
#60=PLANE('',#3343);
#61=PLANE('',#3344);
#62=PLANE('',#3345);
#63=PLANE('',#3346);
#64=PLANE('',#3347);
#65=PLANE('',#3348);
#66=PLANE('',#3349);
#67=PLANE('',#3354);
#68=PLANE('',#3355);
#69=PLANE('',#3356);
#70=PLANE('',#3357);
#71=PLANE('',#3359);
#72=PLANE('',#3361);
#73=PLANE('',#3363);
#74=PLANE('',#3364);
#75=PLANE('',#3366);
#76=PLANE('',#3367);
#77=PLANE('',#3368);
#78=PLANE('',#3369);
#79=PLANE('',#3370);
#80=PLANE('',#3371);
#81=PLANE('',#3372);
#82=PLANE('',#3373);
#83=PLANE('',#3374);
#84=PLANE('',#3375);
#85=PLANE('',#3376);
#86=PLANE('',#3377);
#87=PLANE('',#3378);
#88=PLANE('',#3382);
#89=PLANE('',#3383);
#90=PLANE('',#3384);
#91=PLANE('',#3386);
#92=PLANE('',#3387);
#93=PLANE('',#3390);
#94=PLANE('',#3391);
#95=PLANE('',#3392);
#96=PLANE('',#3393);
#97=PLANE('',#3394);
#98=PLANE('',#3396);
#99=PLANE('',#3398);
#100=PLANE('',#3399);
#101=PLANE('',#3400);
#102=PLANE('',#3401);
#103=PLANE('',#3403);
#104=PLANE('',#3404);
#105=PLANE('',#3405);
#106=PLANE('',#3406);
#107=PLANE('',#3407);
#108=PLANE('',#3408);
#109=PLANE('',#3409);
#110=PLANE('',#3410);
#111=PLANE('',#3411);
#112=PLANE('',#3412);
#113=PLANE('',#3413);
#114=PLANE('',#3414);
#115=PLANE('',#3415);
#116=PLANE('',#3416);
#117=PLANE('',#3417);
#118=PLANE('',#3418);
#119=CIRCLE('',#3163,0.0003465);
#120=CIRCLE('',#3164,0.0003465);
#121=CIRCLE('',#3167,0.0003465);
#122=CIRCLE('',#3168,0.0003465);
#123=CIRCLE('',#3171,0.000404264668528875);
#124=CIRCLE('',#3172,0.000404264668528875);
#125=CIRCLE('',#3173,0.000404264668528875);
#126=CIRCLE('',#3174,0.000404264668528875);
#127=CIRCLE('',#3176,0.000404264668528875);
#128=CIRCLE('',#3177,0.000404264668528875);
#129=CIRCLE('',#3178,0.000404264668528875);
#130=CIRCLE('',#3179,0.000404264668528875);
#131=CIRCLE('',#3181,0.000404264668528875);
#132=CIRCLE('',#3182,0.000404264668528875);
#133=CIRCLE('',#3183,0.000404264668528875);
#134=CIRCLE('',#3184,0.000404264668528875);
#135=CIRCLE('',#3187,7.334236534548E-5);
#136=CIRCLE('',#3188,7.334236534548E-5);
#137=CIRCLE('',#3191,4.4005306671353E-5);
#138=CIRCLE('',#3192,4.4005306671353E-5);
#139=CIRCLE('',#3196,4.4005306671353E-5);
#140=CIRCLE('',#3197,4.4005306671353E-5);
#141=CIRCLE('',#3200,7.334236534548E-5);
#142=CIRCLE('',#3201,7.334236534548E-5);
#143=CIRCLE('',#3207,7.33431003349391E-5);
#144=CIRCLE('',#3208,7.33431003349391E-5);
#145=CIRCLE('',#3214,4.40066074795232E-5);
#146=CIRCLE('',#3215,4.40066074795232E-5);
#147=CIRCLE('',#3220,0.0003465);
#148=CIRCLE('',#3221,0.0003465);
#149=CIRCLE('',#3222,0.0003465);
#150=CIRCLE('',#3223,0.0003465);
#151=CIRCLE('',#3224,0.000404264668528875);
#152=CIRCLE('',#3225,0.0003465);
#153=CIRCLE('',#3226,0.0003465);
#154=CIRCLE('',#3227,0.0003465);
#155=CIRCLE('',#3228,0.0003465);
#156=CIRCLE('',#3229,0.000404264668528875);
#157=CIRCLE('',#3230,0.000404264668528875);
#158=CIRCLE('',#3231,0.0003465);
#159=CIRCLE('',#3232,0.0003465);
#160=CIRCLE('',#3233,0.000404264668528875);
#161=CIRCLE('',#3234,0.000404264668528875);
#162=CIRCLE('',#3235,0.0003465);
#163=CIRCLE('',#3236,0.0003465);
#164=CIRCLE('',#3237,0.0003465);
#165=CIRCLE('',#3238,0.0003465);
#166=CIRCLE('',#3239,0.000404264668528875);
#167=CIRCLE('',#3240,0.000404264668528875);
#168=CIRCLE('',#3241,0.0003465);
#169=CIRCLE('',#3242,0.0003465);
#170=CIRCLE('',#3243,4.0005404422914E-5);
#171=CIRCLE('',#3244,4.00034322154215E-5);
#172=CIRCLE('',#3245,4.00060067995665E-5);
#173=CIRCLE('',#3246,4.00030198616475E-5);
#174=CIRCLE('',#3247,4.00048242467055E-5);
#175=CIRCLE('',#3248,7.334236534548E-5);
#176=CIRCLE('',#3249,4.4005306671353E-5);
#177=CIRCLE('',#3250,7.334236534548E-5);
#178=CIRCLE('',#3251,0.000404264668528875);
#179=CIRCLE('',#3252,4.0004887702227E-5);
#180=CIRCLE('',#3253,4.00026903253635E-5);
#181=CIRCLE('',#3254,7.33431003349391E-5);
#182=CIRCLE('',#3255,0.000404264668528875);
#183=CIRCLE('',#3257,0.0003465);
#184=CIRCLE('',#3260,0.0003465);
#185=CIRCLE('',#3262,0.0003465);
#186=CIRCLE('',#3265,0.0003465);
#187=CIRCLE('',#3267,0.000404264668528875);
#188=CIRCLE('',#3269,0.0003465);
#189=CIRCLE('',#3272,0.0003465);
#190=CIRCLE('',#3274,0.0003465);
#191=CIRCLE('',#3277,0.0003465);
#192=CIRCLE('',#3279,0.000404264668528875);
#193=CIRCLE('',#3282,0.000404264668528875);
#194=CIRCLE('',#3285,0.000404264668528875);
#195=CIRCLE('',#3287,0.0003465);
#196=CIRCLE('',#3290,0.0003465);
#197=CIRCLE('',#3292,0.0003465);
#198=CIRCLE('',#3295,0.0003465);
#199=CIRCLE('',#3297,0.000404264668528875);
#200=CIRCLE('',#3300,0.0003465);
#201=CIRCLE('',#3303,0.0003465);
#202=CIRCLE('',#3305,0.0003465);
#203=CIRCLE('',#3308,0.0003465);
#204=CIRCLE('',#3313,7.334236534548E-5);
#205=CIRCLE('',#3316,4.4005306671353E-5);
#206=CIRCLE('',#3319,7.334236534548E-5);
#207=CIRCLE('',#3321,7.33431003349391E-5);
#208=CIRCLE('',#3326,0.000404264668528875);
#209=CIRCLE('',#3328,0.000404264668528875);
#210=CIRCLE('',#3333,0.000404264668528875);
#211=CIRCLE('',#3335,0.000404264668528875);
#212=CIRCLE('',#3350,4.00048242467055E-5);
#213=CIRCLE('',#3351,4.00030198616475E-5);
#214=CIRCLE('',#3352,4.00060067995665E-5);
#215=CIRCLE('',#3353,4.00034322154215E-5);
#216=CIRCLE('',#3380,4.000447219566E-5);
#217=CIRCLE('',#3381,4.000447219566E-5);
#218=CIRCLE('',#3385,4.0005404422914E-5);
#219=CIRCLE('',#3388,4.00026903253635E-5);
#220=CIRCLE('',#3389,4.0004887702227E-5);
#221=ORIENTED_EDGE('',*,*,#1119,.F.);
#222=ORIENTED_EDGE('',*,*,#1120,.T.);
#223=ORIENTED_EDGE('',*,*,#1121,.T.);
#224=ORIENTED_EDGE('',*,*,#1122,.F.);
#225=ORIENTED_EDGE('',*,*,#1123,.F.);
#226=ORIENTED_EDGE('',*,*,#1124,.T.);
#227=ORIENTED_EDGE('',*,*,#1119,.T.);
#228=ORIENTED_EDGE('',*,*,#1125,.F.);
#229=ORIENTED_EDGE('',*,*,#1126,.F.);
#230=ORIENTED_EDGE('',*,*,#1127,.T.);
#231=ORIENTED_EDGE('',*,*,#1123,.T.);
#232=ORIENTED_EDGE('',*,*,#1128,.F.);
#233=ORIENTED_EDGE('',*,*,#1129,.T.);
#234=ORIENTED_EDGE('',*,*,#1130,.T.);
#235=ORIENTED_EDGE('',*,*,#1131,.T.);
#236=ORIENTED_EDGE('',*,*,#1132,.T.);
#237=ORIENTED_EDGE('',*,*,#1133,.F.);
#238=ORIENTED_EDGE('',*,*,#1134,.F.);
#239=ORIENTED_EDGE('',*,*,#1135,.T.);
#240=ORIENTED_EDGE('',*,*,#1136,.T.);
#241=ORIENTED_EDGE('',*,*,#1134,.T.);
#242=ORIENTED_EDGE('',*,*,#1137,.F.);
#243=ORIENTED_EDGE('',*,*,#1138,.F.);
#244=ORIENTED_EDGE('',*,*,#1139,.T.);
#245=ORIENTED_EDGE('',*,*,#1140,.F.);
#246=ORIENTED_EDGE('',*,*,#1141,.F.);
#247=ORIENTED_EDGE('',*,*,#1142,.T.);
#248=ORIENTED_EDGE('',*,*,#1143,.T.);
#249=ORIENTED_EDGE('',*,*,#1144,.T.);
#250=ORIENTED_EDGE('',*,*,#1145,.T.);
#251=ORIENTED_EDGE('',*,*,#1146,.T.);
#252=ORIENTED_EDGE('',*,*,#1147,.T.);
#253=ORIENTED_EDGE('',*,*,#1148,.F.);
#254=ORIENTED_EDGE('',*,*,#1149,.F.);
#255=ORIENTED_EDGE('',*,*,#1150,.F.);
#256=ORIENTED_EDGE('',*,*,#1151,.F.);
#257=ORIENTED_EDGE('',*,*,#1152,.T.);
#258=ORIENTED_EDGE('',*,*,#1153,.T.);
#259=ORIENTED_EDGE('',*,*,#1154,.T.);
#260=ORIENTED_EDGE('',*,*,#1155,.T.);
#261=ORIENTED_EDGE('',*,*,#1156,.T.);
#262=ORIENTED_EDGE('',*,*,#1157,.F.);
#263=ORIENTED_EDGE('',*,*,#1158,.T.);
#264=ORIENTED_EDGE('',*,*,#1159,.T.);
#265=ORIENTED_EDGE('',*,*,#1160,.T.);
#266=ORIENTED_EDGE('',*,*,#1161,.T.);
#267=ORIENTED_EDGE('',*,*,#1162,.F.);
#268=ORIENTED_EDGE('',*,*,#1163,.F.);
#269=ORIENTED_EDGE('',*,*,#1164,.F.);
#270=ORIENTED_EDGE('',*,*,#1165,.T.);
#271=ORIENTED_EDGE('',*,*,#1163,.T.);
#272=ORIENTED_EDGE('',*,*,#1166,.F.);
#273=ORIENTED_EDGE('',*,*,#1167,.F.);
#274=ORIENTED_EDGE('',*,*,#1168,.T.);
#275=ORIENTED_EDGE('',*,*,#1164,.T.);
#276=ORIENTED_EDGE('',*,*,#1169,.F.);
#277=ORIENTED_EDGE('',*,*,#1170,.F.);
#278=ORIENTED_EDGE('',*,*,#1171,.T.);
#279=ORIENTED_EDGE('',*,*,#1167,.T.);
#280=ORIENTED_EDGE('',*,*,#1172,.F.);
#281=ORIENTED_EDGE('',*,*,#1173,.F.);
#282=ORIENTED_EDGE('',*,*,#1174,.T.);
#283=ORIENTED_EDGE('',*,*,#1170,.T.);
#284=ORIENTED_EDGE('',*,*,#1175,.F.);
#285=ORIENTED_EDGE('',*,*,#1176,.F.);
#286=ORIENTED_EDGE('',*,*,#1177,.T.);
#287=ORIENTED_EDGE('',*,*,#1178,.T.);
#288=ORIENTED_EDGE('',*,*,#1179,.T.);
#289=ORIENTED_EDGE('',*,*,#1180,.F.);
#290=ORIENTED_EDGE('',*,*,#1181,.T.);
#291=ORIENTED_EDGE('',*,*,#1173,.T.);
#292=ORIENTED_EDGE('',*,*,#1182,.F.);
#293=ORIENTED_EDGE('',*,*,#1183,.F.);
#294=ORIENTED_EDGE('',*,*,#1184,.T.);
#295=ORIENTED_EDGE('',*,*,#1180,.T.);
#296=ORIENTED_EDGE('',*,*,#1185,.F.);
#297=ORIENTED_EDGE('',*,*,#1186,.F.);
#298=ORIENTED_EDGE('',*,*,#1187,.T.);
#299=ORIENTED_EDGE('',*,*,#1183,.T.);
#300=ORIENTED_EDGE('',*,*,#1188,.F.);
#301=ORIENTED_EDGE('',*,*,#1189,.T.);
#302=ORIENTED_EDGE('',*,*,#1190,.T.);
#303=ORIENTED_EDGE('',*,*,#1186,.T.);
#304=ORIENTED_EDGE('',*,*,#1191,.F.);
#305=ORIENTED_EDGE('',*,*,#1192,.F.);
#306=ORIENTED_EDGE('',*,*,#1193,.T.);
#307=ORIENTED_EDGE('',*,*,#1194,.T.);
#308=ORIENTED_EDGE('',*,*,#1195,.F.);
#309=ORIENTED_EDGE('',*,*,#1196,.T.);
#310=ORIENTED_EDGE('',*,*,#1197,.T.);
#311=ORIENTED_EDGE('',*,*,#1198,.T.);
#312=ORIENTED_EDGE('',*,*,#1192,.T.);
#313=ORIENTED_EDGE('',*,*,#1199,.F.);
#314=ORIENTED_EDGE('',*,*,#1200,.F.);
#315=ORIENTED_EDGE('',*,*,#1201,.F.);
#316=ORIENTED_EDGE('',*,*,#1202,.T.);
#317=ORIENTED_EDGE('',*,*,#1200,.T.);
#318=ORIENTED_EDGE('',*,*,#1203,.F.);
#319=ORIENTED_EDGE('',*,*,#1204,.T.);
#320=ORIENTED_EDGE('',*,*,#1205,.T.);
#321=ORIENTED_EDGE('',*,*,#1206,.F.);
#322=ORIENTED_EDGE('',*,*,#1207,.F.);
#323=ORIENTED_EDGE('',*,*,#1208,.F.);
#324=ORIENTED_EDGE('',*,*,#1209,.T.);
#325=ORIENTED_EDGE('',*,*,#1201,.T.);
#326=ORIENTED_EDGE('',*,*,#1210,.F.);
#327=ORIENTED_EDGE('',*,*,#1211,.F.);
#328=ORIENTED_EDGE('',*,*,#1212,.T.);
#329=ORIENTED_EDGE('',*,*,#1208,.T.);
#330=ORIENTED_EDGE('',*,*,#1213,.F.);
#331=ORIENTED_EDGE('',*,*,#1214,.F.);
#332=ORIENTED_EDGE('',*,*,#1215,.T.);
#333=ORIENTED_EDGE('',*,*,#1211,.T.);
#334=ORIENTED_EDGE('',*,*,#1216,.F.);
#335=ORIENTED_EDGE('',*,*,#1217,.T.);
#336=ORIENTED_EDGE('',*,*,#1218,.T.);
#337=ORIENTED_EDGE('',*,*,#1219,.T.);
#338=ORIENTED_EDGE('',*,*,#1214,.T.);
#339=ORIENTED_EDGE('',*,*,#1220,.F.);
#340=ORIENTED_EDGE('',*,*,#1221,.F.);
#341=ORIENTED_EDGE('',*,*,#1222,.T.);
#342=ORIENTED_EDGE('',*,*,#1223,.T.);
#343=ORIENTED_EDGE('',*,*,#1224,.T.);
#344=ORIENTED_EDGE('',*,*,#1225,.T.);
#345=ORIENTED_EDGE('',*,*,#1226,.F.);
#346=ORIENTED_EDGE('',*,*,#1227,.F.);
#347=ORIENTED_EDGE('',*,*,#1228,.F.);
#348=ORIENTED_EDGE('',*,*,#1229,.T.);
#349=ORIENTED_EDGE('',*,*,#1227,.T.);
#350=ORIENTED_EDGE('',*,*,#1230,.F.);
#351=ORIENTED_EDGE('',*,*,#1231,.T.);
#352=ORIENTED_EDGE('',*,*,#1232,.T.);
#353=ORIENTED_EDGE('',*,*,#1233,.T.);
#354=ORIENTED_EDGE('',*,*,#1228,.T.);
#355=ORIENTED_EDGE('',*,*,#1234,.F.);
#356=ORIENTED_EDGE('',*,*,#1235,.F.);
#357=ORIENTED_EDGE('',*,*,#1121,.F.);
#358=ORIENTED_EDGE('',*,*,#1236,.T.);
#359=ORIENTED_EDGE('',*,*,#1126,.T.);
#360=ORIENTED_EDGE('',*,*,#1237,.F.);
#361=ORIENTED_EDGE('',*,*,#1160,.F.);
#362=ORIENTED_EDGE('',*,*,#1238,.T.);
#363=ORIENTED_EDGE('',*,*,#1231,.F.);
#364=ORIENTED_EDGE('',*,*,#1239,.F.);
#365=ORIENTED_EDGE('',*,*,#1240,.F.);
#366=ORIENTED_EDGE('',*,*,#1241,.F.);
#367=ORIENTED_EDGE('',*,*,#1242,.F.);
#368=ORIENTED_EDGE('',*,*,#1243,.F.);
#369=ORIENTED_EDGE('',*,*,#1244,.F.);
#370=ORIENTED_EDGE('',*,*,#1245,.F.);
#371=ORIENTED_EDGE('',*,*,#1246,.F.);
#372=ORIENTED_EDGE('',*,*,#1247,.F.);
#373=ORIENTED_EDGE('',*,*,#1248,.F.);
#374=ORIENTED_EDGE('',*,*,#1249,.F.);
#375=ORIENTED_EDGE('',*,*,#1250,.F.);
#376=ORIENTED_EDGE('',*,*,#1152,.F.);
#377=ORIENTED_EDGE('',*,*,#1251,.F.);
#378=ORIENTED_EDGE('',*,*,#1252,.F.);
#379=ORIENTED_EDGE('',*,*,#1253,.F.);
#380=ORIENTED_EDGE('',*,*,#1254,.F.);
#381=ORIENTED_EDGE('',*,*,#1255,.F.);
#382=ORIENTED_EDGE('',*,*,#1256,.F.);
#383=ORIENTED_EDGE('',*,*,#1257,.F.);
#384=ORIENTED_EDGE('',*,*,#1258,.F.);
#385=ORIENTED_EDGE('',*,*,#1259,.F.);
#386=ORIENTED_EDGE('',*,*,#1260,.F.);
#387=ORIENTED_EDGE('',*,*,#1261,.F.);
#388=ORIENTED_EDGE('',*,*,#1262,.F.);
#389=ORIENTED_EDGE('',*,*,#1263,.F.);
#390=ORIENTED_EDGE('',*,*,#1264,.F.);
#391=ORIENTED_EDGE('',*,*,#1265,.F.);
#392=ORIENTED_EDGE('',*,*,#1266,.F.);
#393=ORIENTED_EDGE('',*,*,#1267,.F.);
#394=ORIENTED_EDGE('',*,*,#1268,.F.);
#395=ORIENTED_EDGE('',*,*,#1269,.F.);
#396=ORIENTED_EDGE('',*,*,#1270,.F.);
#397=ORIENTED_EDGE('',*,*,#1271,.F.);
#398=ORIENTED_EDGE('',*,*,#1272,.F.);
#399=ORIENTED_EDGE('',*,*,#1273,.F.);
#400=ORIENTED_EDGE('',*,*,#1274,.F.);
#401=ORIENTED_EDGE('',*,*,#1275,.F.);
#402=ORIENTED_EDGE('',*,*,#1276,.F.);
#403=ORIENTED_EDGE('',*,*,#1277,.F.);
#404=ORIENTED_EDGE('',*,*,#1278,.F.);
#405=ORIENTED_EDGE('',*,*,#1279,.F.);
#406=ORIENTED_EDGE('',*,*,#1280,.F.);
#407=ORIENTED_EDGE('',*,*,#1281,.F.);
#408=ORIENTED_EDGE('',*,*,#1282,.F.);
#409=ORIENTED_EDGE('',*,*,#1283,.F.);
#410=ORIENTED_EDGE('',*,*,#1131,.F.);
#411=ORIENTED_EDGE('',*,*,#1284,.T.);
#412=ORIENTED_EDGE('',*,*,#1285,.T.);
#413=ORIENTED_EDGE('',*,*,#1286,.T.);
#414=ORIENTED_EDGE('',*,*,#1287,.T.);
#415=ORIENTED_EDGE('',*,*,#1288,.T.);
#416=ORIENTED_EDGE('',*,*,#1217,.F.);
#417=ORIENTED_EDGE('',*,*,#1289,.F.);
#418=ORIENTED_EDGE('',*,*,#1224,.F.);
#419=ORIENTED_EDGE('',*,*,#1290,.T.);
#420=ORIENTED_EDGE('',*,*,#1291,.F.);
#421=ORIENTED_EDGE('',*,*,#1292,.T.);
#422=ORIENTED_EDGE('',*,*,#1293,.T.);
#423=ORIENTED_EDGE('',*,*,#1294,.T.);
#424=ORIENTED_EDGE('',*,*,#1295,.T.);
#425=ORIENTED_EDGE('',*,*,#1296,.T.);
#426=ORIENTED_EDGE('',*,*,#1297,.T.);
#427=ORIENTED_EDGE('',*,*,#1298,.T.);
#428=ORIENTED_EDGE('',*,*,#1299,.T.);
#429=ORIENTED_EDGE('',*,*,#1300,.T.);
#430=ORIENTED_EDGE('',*,*,#1301,.T.);
#431=ORIENTED_EDGE('',*,*,#1302,.F.);
#432=ORIENTED_EDGE('',*,*,#1303,.F.);
#433=ORIENTED_EDGE('',*,*,#1304,.F.);
#434=ORIENTED_EDGE('',*,*,#1305,.F.);
#435=ORIENTED_EDGE('',*,*,#1306,.F.);
#436=ORIENTED_EDGE('',*,*,#1178,.F.);
#437=ORIENTED_EDGE('',*,*,#1307,.T.);
#438=ORIENTED_EDGE('',*,*,#1308,.T.);
#439=ORIENTED_EDGE('',*,*,#1309,.T.);
#440=ORIENTED_EDGE('',*,*,#1310,.T.);
#441=ORIENTED_EDGE('',*,*,#1311,.F.);
#442=ORIENTED_EDGE('',*,*,#1312,.F.);
#443=ORIENTED_EDGE('',*,*,#1313,.F.);
#444=ORIENTED_EDGE('',*,*,#1193,.F.);
#445=ORIENTED_EDGE('',*,*,#1198,.F.);
#446=ORIENTED_EDGE('',*,*,#1314,.T.);
#447=ORIENTED_EDGE('',*,*,#1315,.T.);
#448=ORIENTED_EDGE('',*,*,#1316,.T.);
#449=ORIENTED_EDGE('',*,*,#1142,.F.);
#450=ORIENTED_EDGE('',*,*,#1317,.F.);
#451=ORIENTED_EDGE('',*,*,#1318,.F.);
#452=ORIENTED_EDGE('',*,*,#1319,.F.);
#453=ORIENTED_EDGE('',*,*,#1146,.F.);
#454=ORIENTED_EDGE('',*,*,#1320,.T.);
#455=ORIENTED_EDGE('',*,*,#1321,.T.);
#456=ORIENTED_EDGE('',*,*,#1322,.T.);
#457=ORIENTED_EDGE('',*,*,#1323,.T.);
#458=ORIENTED_EDGE('',*,*,#1324,.T.);
#459=ORIENTED_EDGE('',*,*,#1325,.T.);
#460=ORIENTED_EDGE('',*,*,#1204,.F.);
#461=ORIENTED_EDGE('',*,*,#1326,.F.);
#462=ORIENTED_EDGE('',*,*,#1327,.F.);
#463=ORIENTED_EDGE('',*,*,#1328,.F.);
#464=ORIENTED_EDGE('',*,*,#1329,.F.);
#465=ORIENTED_EDGE('',*,*,#1139,.F.);
#466=ORIENTED_EDGE('',*,*,#1330,.F.);
#467=ORIENTED_EDGE('',*,*,#1331,.F.);
#468=ORIENTED_EDGE('',*,*,#1332,.F.);
#469=ORIENTED_EDGE('',*,*,#1333,.F.);
#470=ORIENTED_EDGE('',*,*,#1280,.T.);
#471=ORIENTED_EDGE('',*,*,#1334,.T.);
#472=ORIENTED_EDGE('',*,*,#1335,.F.);
#473=ORIENTED_EDGE('',*,*,#1336,.F.);
#474=ORIENTED_EDGE('',*,*,#1281,.T.);
#475=ORIENTED_EDGE('',*,*,#1333,.T.);
#476=ORIENTED_EDGE('',*,*,#1337,.F.);
#477=ORIENTED_EDGE('',*,*,#1338,.F.);
#478=ORIENTED_EDGE('',*,*,#1282,.T.);
#479=ORIENTED_EDGE('',*,*,#1336,.T.);
#480=ORIENTED_EDGE('',*,*,#1339,.F.);
#481=ORIENTED_EDGE('',*,*,#1340,.F.);
#482=ORIENTED_EDGE('',*,*,#1274,.T.);
#483=ORIENTED_EDGE('',*,*,#1341,.T.);
#484=ORIENTED_EDGE('',*,*,#1342,.F.);
#485=ORIENTED_EDGE('',*,*,#1343,.F.);
#486=ORIENTED_EDGE('',*,*,#1275,.T.);
#487=ORIENTED_EDGE('',*,*,#1340,.T.);
#488=ORIENTED_EDGE('',*,*,#1344,.F.);
#489=ORIENTED_EDGE('',*,*,#1345,.F.);
#490=ORIENTED_EDGE('',*,*,#1276,.T.);
#491=ORIENTED_EDGE('',*,*,#1343,.T.);
#492=ORIENTED_EDGE('',*,*,#1346,.F.);
#493=ORIENTED_EDGE('',*,*,#1132,.F.);
#494=ORIENTED_EDGE('',*,*,#1331,.T.);
#495=ORIENTED_EDGE('',*,*,#1347,.T.);
#496=ORIENTED_EDGE('',*,*,#1348,.F.);
#497=ORIENTED_EDGE('',*,*,#1349,.F.);
#498=ORIENTED_EDGE('',*,*,#1270,.T.);
#499=ORIENTED_EDGE('',*,*,#1350,.T.);
#500=ORIENTED_EDGE('',*,*,#1351,.F.);
#501=ORIENTED_EDGE('',*,*,#1352,.F.);
#502=ORIENTED_EDGE('',*,*,#1271,.T.);
#503=ORIENTED_EDGE('',*,*,#1349,.T.);
#504=ORIENTED_EDGE('',*,*,#1353,.F.);
#505=ORIENTED_EDGE('',*,*,#1354,.F.);
#506=ORIENTED_EDGE('',*,*,#1272,.T.);
#507=ORIENTED_EDGE('',*,*,#1352,.T.);
#508=ORIENTED_EDGE('',*,*,#1355,.F.);
#509=ORIENTED_EDGE('',*,*,#1356,.F.);
#510=ORIENTED_EDGE('',*,*,#1264,.T.);
#511=ORIENTED_EDGE('',*,*,#1357,.T.);
#512=ORIENTED_EDGE('',*,*,#1358,.F.);
#513=ORIENTED_EDGE('',*,*,#1359,.F.);
#514=ORIENTED_EDGE('',*,*,#1265,.T.);
#515=ORIENTED_EDGE('',*,*,#1356,.T.);
#516=ORIENTED_EDGE('',*,*,#1360,.F.);
#517=ORIENTED_EDGE('',*,*,#1361,.F.);
#518=ORIENTED_EDGE('',*,*,#1266,.T.);
#519=ORIENTED_EDGE('',*,*,#1359,.T.);
#520=ORIENTED_EDGE('',*,*,#1362,.F.);
#521=ORIENTED_EDGE('',*,*,#1363,.F.);
#522=ORIENTED_EDGE('',*,*,#1318,.T.);
#523=ORIENTED_EDGE('',*,*,#1364,.T.);
#524=ORIENTED_EDGE('',*,*,#1365,.F.);
#525=ORIENTED_EDGE('',*,*,#1147,.F.);
#526=ORIENTED_EDGE('',*,*,#1319,.T.);
#527=ORIENTED_EDGE('',*,*,#1363,.T.);
#528=ORIENTED_EDGE('',*,*,#1366,.F.);
#529=ORIENTED_EDGE('',*,*,#1367,.F.);
#530=ORIENTED_EDGE('',*,*,#1260,.T.);
#531=ORIENTED_EDGE('',*,*,#1368,.T.);
#532=ORIENTED_EDGE('',*,*,#1369,.F.);
#533=ORIENTED_EDGE('',*,*,#1370,.F.);
#534=ORIENTED_EDGE('',*,*,#1261,.T.);
#535=ORIENTED_EDGE('',*,*,#1367,.T.);
#536=ORIENTED_EDGE('',*,*,#1371,.F.);
#537=ORIENTED_EDGE('',*,*,#1372,.F.);
#538=ORIENTED_EDGE('',*,*,#1262,.T.);
#539=ORIENTED_EDGE('',*,*,#1370,.T.);
#540=ORIENTED_EDGE('',*,*,#1373,.F.);
#541=ORIENTED_EDGE('',*,*,#1374,.F.);
#542=ORIENTED_EDGE('',*,*,#1256,.T.);
#543=ORIENTED_EDGE('',*,*,#1375,.T.);
#544=ORIENTED_EDGE('',*,*,#1376,.F.);
#545=ORIENTED_EDGE('',*,*,#1377,.F.);
#546=ORIENTED_EDGE('',*,*,#1257,.T.);
#547=ORIENTED_EDGE('',*,*,#1374,.T.);
#548=ORIENTED_EDGE('',*,*,#1378,.F.);
#549=ORIENTED_EDGE('',*,*,#1379,.F.);
#550=ORIENTED_EDGE('',*,*,#1258,.T.);
#551=ORIENTED_EDGE('',*,*,#1377,.T.);
#552=ORIENTED_EDGE('',*,*,#1380,.F.);
#553=ORIENTED_EDGE('',*,*,#1381,.F.);
#554=ORIENTED_EDGE('',*,*,#1252,.T.);
#555=ORIENTED_EDGE('',*,*,#1382,.T.);
#556=ORIENTED_EDGE('',*,*,#1383,.F.);
#557=ORIENTED_EDGE('',*,*,#1384,.F.);
#558=ORIENTED_EDGE('',*,*,#1253,.T.);
#559=ORIENTED_EDGE('',*,*,#1381,.T.);
#560=ORIENTED_EDGE('',*,*,#1385,.F.);
#561=ORIENTED_EDGE('',*,*,#1386,.F.);
#562=ORIENTED_EDGE('',*,*,#1254,.T.);
#563=ORIENTED_EDGE('',*,*,#1384,.T.);
#564=ORIENTED_EDGE('',*,*,#1387,.F.);
#565=ORIENTED_EDGE('',*,*,#1388,.F.);
#566=ORIENTED_EDGE('',*,*,#1249,.T.);
#567=ORIENTED_EDGE('',*,*,#1389,.T.);
#568=ORIENTED_EDGE('',*,*,#1390,.F.);
#569=ORIENTED_EDGE('',*,*,#1153,.F.);
#570=ORIENTED_EDGE('',*,*,#1250,.T.);
#571=ORIENTED_EDGE('',*,*,#1388,.T.);
#572=ORIENTED_EDGE('',*,*,#1391,.F.);
#573=ORIENTED_EDGE('',*,*,#1392,.F.);
#574=ORIENTED_EDGE('',*,*,#1245,.T.);
#575=ORIENTED_EDGE('',*,*,#1393,.T.);
#576=ORIENTED_EDGE('',*,*,#1394,.F.);
#577=ORIENTED_EDGE('',*,*,#1395,.F.);
#578=ORIENTED_EDGE('',*,*,#1246,.T.);
#579=ORIENTED_EDGE('',*,*,#1392,.T.);
#580=ORIENTED_EDGE('',*,*,#1396,.F.);
#581=ORIENTED_EDGE('',*,*,#1397,.F.);
#582=ORIENTED_EDGE('',*,*,#1247,.T.);
#583=ORIENTED_EDGE('',*,*,#1395,.T.);
#584=ORIENTED_EDGE('',*,*,#1398,.F.);
#585=ORIENTED_EDGE('',*,*,#1399,.F.);
#586=ORIENTED_EDGE('',*,*,#1241,.T.);
#587=ORIENTED_EDGE('',*,*,#1400,.T.);
#588=ORIENTED_EDGE('',*,*,#1401,.F.);
#589=ORIENTED_EDGE('',*,*,#1402,.F.);
#590=ORIENTED_EDGE('',*,*,#1242,.T.);
#591=ORIENTED_EDGE('',*,*,#1399,.T.);
#592=ORIENTED_EDGE('',*,*,#1403,.F.);
#593=ORIENTED_EDGE('',*,*,#1404,.F.);
#594=ORIENTED_EDGE('',*,*,#1243,.T.);
#595=ORIENTED_EDGE('',*,*,#1402,.T.);
#596=ORIENTED_EDGE('',*,*,#1405,.F.);
#597=ORIENTED_EDGE('',*,*,#1406,.F.);
#598=ORIENTED_EDGE('',*,*,#1239,.T.);
#599=ORIENTED_EDGE('',*,*,#1235,.T.);
#600=ORIENTED_EDGE('',*,*,#1407,.F.);
#601=ORIENTED_EDGE('',*,*,#1161,.F.);
#602=ORIENTED_EDGE('',*,*,#1240,.T.);
#603=ORIENTED_EDGE('',*,*,#1406,.T.);
#604=ORIENTED_EDGE('',*,*,#1408,.F.);
#605=ORIENTED_EDGE('',*,*,#1409,.F.);
#606=ORIENTED_EDGE('',*,*,#1410,.F.);
#607=ORIENTED_EDGE('',*,*,#1303,.T.);
#608=ORIENTED_EDGE('',*,*,#1411,.F.);
#609=ORIENTED_EDGE('',*,*,#1412,.F.);
#610=ORIENTED_EDGE('',*,*,#1304,.T.);
#611=ORIENTED_EDGE('',*,*,#1410,.T.);
#612=ORIENTED_EDGE('',*,*,#1413,.F.);
#613=ORIENTED_EDGE('',*,*,#1414,.F.);
#614=ORIENTED_EDGE('',*,*,#1305,.T.);
#615=ORIENTED_EDGE('',*,*,#1412,.T.);
#616=ORIENTED_EDGE('',*,*,#1415,.F.);
#617=ORIENTED_EDGE('',*,*,#1179,.F.);
#618=ORIENTED_EDGE('',*,*,#1306,.T.);
#619=ORIENTED_EDGE('',*,*,#1414,.T.);
#620=ORIENTED_EDGE('',*,*,#1416,.F.);
#621=ORIENTED_EDGE('',*,*,#1417,.F.);
#622=ORIENTED_EDGE('',*,*,#1312,.T.);
#623=ORIENTED_EDGE('',*,*,#1418,.F.);
#624=ORIENTED_EDGE('',*,*,#1419,.F.);
#625=ORIENTED_EDGE('',*,*,#1194,.F.);
#626=ORIENTED_EDGE('',*,*,#1313,.T.);
#627=ORIENTED_EDGE('',*,*,#1417,.T.);
#628=ORIENTED_EDGE('',*,*,#1420,.F.);
#629=ORIENTED_EDGE('',*,*,#1421,.F.);
#630=ORIENTED_EDGE('',*,*,#1326,.T.);
#631=ORIENTED_EDGE('',*,*,#1207,.T.);
#632=ORIENTED_EDGE('',*,*,#1422,.F.);
#633=ORIENTED_EDGE('',*,*,#1423,.F.);
#634=ORIENTED_EDGE('',*,*,#1327,.T.);
#635=ORIENTED_EDGE('',*,*,#1421,.T.);
#636=ORIENTED_EDGE('',*,*,#1424,.F.);
#637=ORIENTED_EDGE('',*,*,#1328,.T.);
#638=ORIENTED_EDGE('',*,*,#1423,.T.);
#639=ORIENTED_EDGE('',*,*,#1425,.F.);
#640=ORIENTED_EDGE('',*,*,#1426,.F.);
#641=ORIENTED_EDGE('',*,*,#1427,.T.);
#642=ORIENTED_EDGE('',*,*,#1428,.T.);
#643=ORIENTED_EDGE('',*,*,#1429,.F.);
#644=ORIENTED_EDGE('',*,*,#1430,.F.);
#645=ORIENTED_EDGE('',*,*,#1225,.F.);
#646=ORIENTED_EDGE('',*,*,#1289,.T.);
#647=ORIENTED_EDGE('',*,*,#1221,.T.);
#648=ORIENTED_EDGE('',*,*,#1279,.T.);
#649=ORIENTED_EDGE('',*,*,#1431,.F.);
#650=ORIENTED_EDGE('',*,*,#1278,.T.);
#651=ORIENTED_EDGE('',*,*,#1432,.F.);
#652=ORIENTED_EDGE('',*,*,#1433,.F.);
#653=ORIENTED_EDGE('',*,*,#1341,.F.);
#654=ORIENTED_EDGE('',*,*,#1277,.T.);
#655=ORIENTED_EDGE('',*,*,#1345,.T.);
#656=ORIENTED_EDGE('',*,*,#1434,.F.);
#657=ORIENTED_EDGE('',*,*,#1347,.F.);
#658=ORIENTED_EDGE('',*,*,#1330,.T.);
#659=ORIENTED_EDGE('',*,*,#1138,.T.);
#660=ORIENTED_EDGE('',*,*,#1435,.F.);
#661=ORIENTED_EDGE('',*,*,#1350,.F.);
#662=ORIENTED_EDGE('',*,*,#1273,.T.);
#663=ORIENTED_EDGE('',*,*,#1354,.T.);
#664=ORIENTED_EDGE('',*,*,#1269,.T.);
#665=ORIENTED_EDGE('',*,*,#1436,.F.);
#666=ORIENTED_EDGE('',*,*,#1268,.T.);
#667=ORIENTED_EDGE('',*,*,#1437,.F.);
#668=ORIENTED_EDGE('',*,*,#1438,.F.);
#669=ORIENTED_EDGE('',*,*,#1357,.F.);
#670=ORIENTED_EDGE('',*,*,#1267,.T.);
#671=ORIENTED_EDGE('',*,*,#1361,.T.);
#672=ORIENTED_EDGE('',*,*,#1439,.F.);
#673=ORIENTED_EDGE('',*,*,#1364,.F.);
#674=ORIENTED_EDGE('',*,*,#1317,.T.);
#675=ORIENTED_EDGE('',*,*,#1149,.T.);
#676=ORIENTED_EDGE('',*,*,#1440,.F.);
#677=ORIENTED_EDGE('',*,*,#1368,.F.);
#678=ORIENTED_EDGE('',*,*,#1263,.T.);
#679=ORIENTED_EDGE('',*,*,#1372,.T.);
#680=ORIENTED_EDGE('',*,*,#1441,.F.);
#681=ORIENTED_EDGE('',*,*,#1375,.F.);
#682=ORIENTED_EDGE('',*,*,#1259,.T.);
#683=ORIENTED_EDGE('',*,*,#1379,.T.);
#684=ORIENTED_EDGE('',*,*,#1442,.F.);
#685=ORIENTED_EDGE('',*,*,#1382,.F.);
#686=ORIENTED_EDGE('',*,*,#1255,.T.);
#687=ORIENTED_EDGE('',*,*,#1386,.T.);
#688=ORIENTED_EDGE('',*,*,#1443,.F.);
#689=ORIENTED_EDGE('',*,*,#1389,.F.);
#690=ORIENTED_EDGE('',*,*,#1251,.T.);
#691=ORIENTED_EDGE('',*,*,#1151,.T.);
#692=ORIENTED_EDGE('',*,*,#1444,.F.);
#693=ORIENTED_EDGE('',*,*,#1393,.F.);
#694=ORIENTED_EDGE('',*,*,#1248,.T.);
#695=ORIENTED_EDGE('',*,*,#1397,.T.);
#696=ORIENTED_EDGE('',*,*,#1445,.F.);
#697=ORIENTED_EDGE('',*,*,#1400,.F.);
#698=ORIENTED_EDGE('',*,*,#1244,.T.);
#699=ORIENTED_EDGE('',*,*,#1404,.T.);
#700=ORIENTED_EDGE('',*,*,#1446,.F.);
#701=ORIENTED_EDGE('',*,*,#1334,.F.);
#702=ORIENTED_EDGE('',*,*,#1283,.T.);
#703=ORIENTED_EDGE('',*,*,#1338,.T.);
#704=ORIENTED_EDGE('',*,*,#1405,.T.);
#705=ORIENTED_EDGE('',*,*,#1234,.T.);
#706=ORIENTED_EDGE('',*,*,#1230,.T.);
#707=ORIENTED_EDGE('',*,*,#1226,.T.);
#708=ORIENTED_EDGE('',*,*,#1430,.T.);
#709=ORIENTED_EDGE('',*,*,#1220,.T.);
#710=ORIENTED_EDGE('',*,*,#1216,.T.);
#711=ORIENTED_EDGE('',*,*,#1213,.T.);
#712=ORIENTED_EDGE('',*,*,#1210,.T.);
#713=ORIENTED_EDGE('',*,*,#1203,.T.);
#714=ORIENTED_EDGE('',*,*,#1199,.T.);
#715=ORIENTED_EDGE('',*,*,#1191,.T.);
#716=ORIENTED_EDGE('',*,*,#1188,.T.);
#717=ORIENTED_EDGE('',*,*,#1185,.T.);
#718=ORIENTED_EDGE('',*,*,#1182,.T.);
#719=ORIENTED_EDGE('',*,*,#1175,.T.);
#720=ORIENTED_EDGE('',*,*,#1172,.T.);
#721=ORIENTED_EDGE('',*,*,#1169,.T.);
#722=ORIENTED_EDGE('',*,*,#1166,.T.);
#723=ORIENTED_EDGE('',*,*,#1162,.T.);
#724=ORIENTED_EDGE('',*,*,#1407,.T.);
#725=ORIENTED_EDGE('',*,*,#1398,.T.);
#726=ORIENTED_EDGE('',*,*,#1445,.T.);
#727=ORIENTED_EDGE('',*,*,#1403,.T.);
#728=ORIENTED_EDGE('',*,*,#1401,.T.);
#729=ORIENTED_EDGE('',*,*,#1391,.T.);
#730=ORIENTED_EDGE('',*,*,#1444,.T.);
#731=ORIENTED_EDGE('',*,*,#1396,.T.);
#732=ORIENTED_EDGE('',*,*,#1394,.T.);
#733=ORIENTED_EDGE('',*,*,#1387,.T.);
#734=ORIENTED_EDGE('',*,*,#1443,.T.);
#735=ORIENTED_EDGE('',*,*,#1150,.T.);
#736=ORIENTED_EDGE('',*,*,#1390,.T.);
#737=ORIENTED_EDGE('',*,*,#1380,.T.);
#738=ORIENTED_EDGE('',*,*,#1442,.T.);
#739=ORIENTED_EDGE('',*,*,#1385,.T.);
#740=ORIENTED_EDGE('',*,*,#1383,.T.);
#741=ORIENTED_EDGE('',*,*,#1373,.T.);
#742=ORIENTED_EDGE('',*,*,#1441,.T.);
#743=ORIENTED_EDGE('',*,*,#1378,.T.);
#744=ORIENTED_EDGE('',*,*,#1376,.T.);
#745=ORIENTED_EDGE('',*,*,#1366,.T.);
#746=ORIENTED_EDGE('',*,*,#1440,.T.);
#747=ORIENTED_EDGE('',*,*,#1371,.T.);
#748=ORIENTED_EDGE('',*,*,#1369,.T.);
#749=ORIENTED_EDGE('',*,*,#1362,.T.);
#750=ORIENTED_EDGE('',*,*,#1439,.T.);
#751=ORIENTED_EDGE('',*,*,#1148,.T.);
#752=ORIENTED_EDGE('',*,*,#1365,.T.);
#753=ORIENTED_EDGE('',*,*,#1355,.T.);
#754=ORIENTED_EDGE('',*,*,#1438,.T.);
#755=ORIENTED_EDGE('',*,*,#1360,.T.);
#756=ORIENTED_EDGE('',*,*,#1358,.T.);
#757=ORIENTED_EDGE('',*,*,#1437,.T.);
#758=ORIENTED_EDGE('',*,*,#1436,.T.);
#759=ORIENTED_EDGE('',*,*,#1348,.T.);
#760=ORIENTED_EDGE('',*,*,#1435,.T.);
#761=ORIENTED_EDGE('',*,*,#1353,.T.);
#762=ORIENTED_EDGE('',*,*,#1351,.T.);
#763=ORIENTED_EDGE('',*,*,#1346,.T.);
#764=ORIENTED_EDGE('',*,*,#1434,.T.);
#765=ORIENTED_EDGE('',*,*,#1137,.T.);
#766=ORIENTED_EDGE('',*,*,#1133,.T.);
#767=ORIENTED_EDGE('',*,*,#1339,.T.);
#768=ORIENTED_EDGE('',*,*,#1433,.T.);
#769=ORIENTED_EDGE('',*,*,#1344,.T.);
#770=ORIENTED_EDGE('',*,*,#1342,.T.);
#771=ORIENTED_EDGE('',*,*,#1432,.T.);
#772=ORIENTED_EDGE('',*,*,#1431,.T.);
#773=ORIENTED_EDGE('',*,*,#1122,.T.);
#774=ORIENTED_EDGE('',*,*,#1237,.T.);
#775=ORIENTED_EDGE('',*,*,#1128,.T.);
#776=ORIENTED_EDGE('',*,*,#1125,.T.);
#777=ORIENTED_EDGE('',*,*,#1447,.T.);
#778=ORIENTED_EDGE('',*,*,#1448,.F.);
#779=ORIENTED_EDGE('',*,*,#1449,.F.);
#780=ORIENTED_EDGE('',*,*,#1450,.T.);
#781=ORIENTED_EDGE('',*,*,#1451,.T.);
#782=ORIENTED_EDGE('',*,*,#1450,.F.);
#783=ORIENTED_EDGE('',*,*,#1452,.F.);
#784=ORIENTED_EDGE('',*,*,#1453,.T.);
#785=ORIENTED_EDGE('',*,*,#1454,.F.);
#786=ORIENTED_EDGE('',*,*,#1455,.T.);
#787=ORIENTED_EDGE('',*,*,#1456,.T.);
#788=ORIENTED_EDGE('',*,*,#1457,.F.);
#789=ORIENTED_EDGE('',*,*,#1458,.F.);
#790=ORIENTED_EDGE('',*,*,#1459,.F.);
#791=ORIENTED_EDGE('',*,*,#1460,.T.);
#792=ORIENTED_EDGE('',*,*,#1461,.T.);
#793=ORIENTED_EDGE('',*,*,#1462,.T.);
#794=ORIENTED_EDGE('',*,*,#1452,.T.);
#795=ORIENTED_EDGE('',*,*,#1449,.T.);
#796=ORIENTED_EDGE('',*,*,#1463,.T.);
#797=ORIENTED_EDGE('',*,*,#1464,.T.);
#798=ORIENTED_EDGE('',*,*,#1465,.F.);
#799=ORIENTED_EDGE('',*,*,#1466,.T.);
#800=ORIENTED_EDGE('',*,*,#1467,.T.);
#801=ORIENTED_EDGE('',*,*,#1468,.T.);
#802=ORIENTED_EDGE('',*,*,#1469,.T.);
#803=ORIENTED_EDGE('',*,*,#1470,.T.);
#804=ORIENTED_EDGE('',*,*,#1471,.T.);
#805=ORIENTED_EDGE('',*,*,#1472,.T.);
#806=ORIENTED_EDGE('',*,*,#1473,.T.);
#807=ORIENTED_EDGE('',*,*,#1474,.T.);
#808=ORIENTED_EDGE('',*,*,#1475,.T.);
#809=ORIENTED_EDGE('',*,*,#1476,.T.);
#810=ORIENTED_EDGE('',*,*,#1477,.T.);
#811=ORIENTED_EDGE('',*,*,#1478,.T.);
#812=ORIENTED_EDGE('',*,*,#1479,.F.);
#813=ORIENTED_EDGE('',*,*,#1458,.T.);
#814=ORIENTED_EDGE('',*,*,#1480,.T.);
#815=ORIENTED_EDGE('',*,*,#1408,.T.);
#816=ORIENTED_EDGE('',*,*,#1302,.T.);
#817=ORIENTED_EDGE('',*,*,#1481,.T.);
#818=ORIENTED_EDGE('',*,*,#1464,.F.);
#819=ORIENTED_EDGE('',*,*,#1482,.T.);
#820=ORIENTED_EDGE('',*,*,#1301,.F.);
#821=ORIENTED_EDGE('',*,*,#1483,.F.);
#822=ORIENTED_EDGE('',*,*,#1465,.T.);
#823=ORIENTED_EDGE('',*,*,#1481,.F.);
#824=ORIENTED_EDGE('',*,*,#1159,.F.);
#825=ORIENTED_EDGE('',*,*,#1484,.T.);
#826=ORIENTED_EDGE('',*,*,#1455,.F.);
#827=ORIENTED_EDGE('',*,*,#1482,.F.);
#828=ORIENTED_EDGE('',*,*,#1463,.F.);
#829=ORIENTED_EDGE('',*,*,#1448,.T.);
#830=ORIENTED_EDGE('',*,*,#1485,.T.);
#831=ORIENTED_EDGE('',*,*,#1232,.F.);
#832=ORIENTED_EDGE('',*,*,#1238,.F.);
#833=ORIENTED_EDGE('',*,*,#1293,.F.);
#834=ORIENTED_EDGE('',*,*,#1486,.F.);
#835=ORIENTED_EDGE('',*,*,#1473,.F.);
#836=ORIENTED_EDGE('',*,*,#1487,.T.);
#837=ORIENTED_EDGE('',*,*,#1294,.F.);
#838=ORIENTED_EDGE('',*,*,#1487,.F.);
#839=ORIENTED_EDGE('',*,*,#1472,.F.);
#840=ORIENTED_EDGE('',*,*,#1488,.T.);
#841=ORIENTED_EDGE('',*,*,#1295,.F.);
#842=ORIENTED_EDGE('',*,*,#1488,.F.);
#843=ORIENTED_EDGE('',*,*,#1471,.F.);
#844=ORIENTED_EDGE('',*,*,#1489,.T.);
#845=ORIENTED_EDGE('',*,*,#1296,.F.);
#846=ORIENTED_EDGE('',*,*,#1489,.F.);
#847=ORIENTED_EDGE('',*,*,#1470,.F.);
#848=ORIENTED_EDGE('',*,*,#1490,.T.);
#849=ORIENTED_EDGE('',*,*,#1297,.F.);
#850=ORIENTED_EDGE('',*,*,#1490,.F.);
#851=ORIENTED_EDGE('',*,*,#1469,.F.);
#852=ORIENTED_EDGE('',*,*,#1491,.T.);
#853=ORIENTED_EDGE('',*,*,#1298,.F.);
#854=ORIENTED_EDGE('',*,*,#1491,.F.);
#855=ORIENTED_EDGE('',*,*,#1468,.F.);
#856=ORIENTED_EDGE('',*,*,#1492,.T.);
#857=ORIENTED_EDGE('',*,*,#1299,.F.);
#858=ORIENTED_EDGE('',*,*,#1492,.F.);
#859=ORIENTED_EDGE('',*,*,#1467,.F.);
#860=ORIENTED_EDGE('',*,*,#1493,.T.);
#861=ORIENTED_EDGE('',*,*,#1300,.F.);
#862=ORIENTED_EDGE('',*,*,#1493,.F.);
#863=ORIENTED_EDGE('',*,*,#1466,.F.);
#864=ORIENTED_EDGE('',*,*,#1483,.T.);
#865=ORIENTED_EDGE('',*,*,#1494,.F.);
#866=ORIENTED_EDGE('',*,*,#1291,.T.);
#867=ORIENTED_EDGE('',*,*,#1495,.F.);
#868=ORIENTED_EDGE('',*,*,#1461,.F.);
#869=ORIENTED_EDGE('',*,*,#1223,.F.);
#870=ORIENTED_EDGE('',*,*,#1496,.T.);
#871=ORIENTED_EDGE('',*,*,#1453,.F.);
#872=ORIENTED_EDGE('',*,*,#1462,.F.);
#873=ORIENTED_EDGE('',*,*,#1495,.T.);
#874=ORIENTED_EDGE('',*,*,#1290,.F.);
#875=ORIENTED_EDGE('',*,*,#1292,.F.);
#876=ORIENTED_EDGE('',*,*,#1494,.T.);
#877=ORIENTED_EDGE('',*,*,#1460,.F.);
#878=ORIENTED_EDGE('',*,*,#1486,.T.);
#879=ORIENTED_EDGE('',*,*,#1222,.F.);
#880=ORIENTED_EDGE('',*,*,#1229,.F.);
#881=ORIENTED_EDGE('',*,*,#1233,.F.);
#882=ORIENTED_EDGE('',*,*,#1485,.F.);
#883=ORIENTED_EDGE('',*,*,#1447,.F.);
#884=ORIENTED_EDGE('',*,*,#1451,.F.);
#885=ORIENTED_EDGE('',*,*,#1496,.F.);
#886=ORIENTED_EDGE('',*,*,#1158,.F.);
#887=ORIENTED_EDGE('',*,*,#1165,.F.);
#888=ORIENTED_EDGE('',*,*,#1168,.F.);
#889=ORIENTED_EDGE('',*,*,#1171,.F.);
#890=ORIENTED_EDGE('',*,*,#1174,.F.);
#891=ORIENTED_EDGE('',*,*,#1181,.F.);
#892=ORIENTED_EDGE('',*,*,#1184,.F.);
#893=ORIENTED_EDGE('',*,*,#1187,.F.);
#894=ORIENTED_EDGE('',*,*,#1190,.F.);
#895=ORIENTED_EDGE('',*,*,#1497,.F.);
#896=ORIENTED_EDGE('',*,*,#1456,.F.);
#897=ORIENTED_EDGE('',*,*,#1484,.F.);
#898=ORIENTED_EDGE('',*,*,#1498,.T.);
#899=ORIENTED_EDGE('',*,*,#1418,.T.);
#900=ORIENTED_EDGE('',*,*,#1311,.T.);
#901=ORIENTED_EDGE('',*,*,#1499,.T.);
#902=ORIENTED_EDGE('',*,*,#1475,.F.);
#903=ORIENTED_EDGE('',*,*,#1500,.F.);
#904=ORIENTED_EDGE('',*,*,#1177,.F.);
#905=ORIENTED_EDGE('',*,*,#1501,.F.);
#906=ORIENTED_EDGE('',*,*,#1459,.T.);
#907=ORIENTED_EDGE('',*,*,#1479,.T.);
#908=ORIENTED_EDGE('',*,*,#1502,.T.);
#909=ORIENTED_EDGE('',*,*,#1307,.F.);
#910=ORIENTED_EDGE('',*,*,#1308,.F.);
#911=ORIENTED_EDGE('',*,*,#1502,.F.);
#912=ORIENTED_EDGE('',*,*,#1478,.F.);
#913=ORIENTED_EDGE('',*,*,#1503,.T.);
#914=ORIENTED_EDGE('',*,*,#1309,.F.);
#915=ORIENTED_EDGE('',*,*,#1503,.F.);
#916=ORIENTED_EDGE('',*,*,#1477,.F.);
#917=ORIENTED_EDGE('',*,*,#1504,.T.);
#918=ORIENTED_EDGE('',*,*,#1310,.F.);
#919=ORIENTED_EDGE('',*,*,#1504,.F.);
#920=ORIENTED_EDGE('',*,*,#1476,.F.);
#921=ORIENTED_EDGE('',*,*,#1499,.F.);
#922=ORIENTED_EDGE('',*,*,#1419,.T.);
#923=ORIENTED_EDGE('',*,*,#1416,.T.);
#924=ORIENTED_EDGE('',*,*,#1498,.F.);
#925=ORIENTED_EDGE('',*,*,#1505,.T.);
#926=ORIENTED_EDGE('',*,*,#1195,.T.);
#927=ORIENTED_EDGE('',*,*,#1189,.F.);
#928=ORIENTED_EDGE('',*,*,#1505,.F.);
#929=ORIENTED_EDGE('',*,*,#1500,.T.);
#930=ORIENTED_EDGE('',*,*,#1474,.F.);
#931=ORIENTED_EDGE('',*,*,#1457,.T.);
#932=ORIENTED_EDGE('',*,*,#1497,.T.);
#933=ORIENTED_EDGE('',*,*,#1411,.T.);
#934=ORIENTED_EDGE('',*,*,#1409,.T.);
#935=ORIENTED_EDGE('',*,*,#1480,.F.);
#936=ORIENTED_EDGE('',*,*,#1454,.T.);
#937=ORIENTED_EDGE('',*,*,#1501,.T.);
#938=ORIENTED_EDGE('',*,*,#1176,.T.);
#939=ORIENTED_EDGE('',*,*,#1415,.T.);
#940=ORIENTED_EDGE('',*,*,#1413,.T.);
#941=ORIENTED_EDGE('',*,*,#1506,.T.);
#942=ORIENTED_EDGE('',*,*,#1507,.F.);
#943=ORIENTED_EDGE('',*,*,#1508,.F.);
#944=ORIENTED_EDGE('',*,*,#1509,.T.);
#945=ORIENTED_EDGE('',*,*,#1510,.T.);
#946=ORIENTED_EDGE('',*,*,#1511,.T.);
#947=ORIENTED_EDGE('',*,*,#1512,.F.);
#948=ORIENTED_EDGE('',*,*,#1513,.F.);
#949=ORIENTED_EDGE('',*,*,#1514,.T.);
#950=ORIENTED_EDGE('',*,*,#1515,.T.);
#951=ORIENTED_EDGE('',*,*,#1516,.F.);
#952=ORIENTED_EDGE('',*,*,#1517,.F.);
#953=ORIENTED_EDGE('',*,*,#1518,.T.);
#954=ORIENTED_EDGE('',*,*,#1519,.F.);
#955=ORIENTED_EDGE('',*,*,#1520,.T.);
#956=ORIENTED_EDGE('',*,*,#1521,.T.);
#957=ORIENTED_EDGE('',*,*,#1522,.T.);
#958=ORIENTED_EDGE('',*,*,#1508,.T.);
#959=ORIENTED_EDGE('',*,*,#1523,.T.);
#960=ORIENTED_EDGE('',*,*,#1524,.T.);
#961=ORIENTED_EDGE('',*,*,#1525,.T.);
#962=ORIENTED_EDGE('',*,*,#1517,.T.);
#963=ORIENTED_EDGE('',*,*,#1526,.T.);
#964=ORIENTED_EDGE('',*,*,#1527,.F.);
#965=ORIENTED_EDGE('',*,*,#1528,.T.);
#966=ORIENTED_EDGE('',*,*,#1529,.F.);
#967=ORIENTED_EDGE('',*,*,#1512,.T.);
#968=ORIENTED_EDGE('',*,*,#1530,.T.);
#969=ORIENTED_EDGE('',*,*,#1518,.F.);
#970=ORIENTED_EDGE('',*,*,#1525,.F.);
#971=ORIENTED_EDGE('',*,*,#1531,.F.);
#972=ORIENTED_EDGE('',*,*,#1532,.F.);
#973=ORIENTED_EDGE('',*,*,#1533,.T.);
#974=ORIENTED_EDGE('',*,*,#1513,.T.);
#975=ORIENTED_EDGE('',*,*,#1529,.T.);
#976=ORIENTED_EDGE('',*,*,#1534,.F.);
#977=ORIENTED_EDGE('',*,*,#1535,.T.);
#978=ORIENTED_EDGE('',*,*,#1536,.T.);
#979=ORIENTED_EDGE('',*,*,#1537,.T.);
#980=ORIENTED_EDGE('',*,*,#1538,.T.);
#981=ORIENTED_EDGE('',*,*,#1539,.T.);
#982=ORIENTED_EDGE('',*,*,#1540,.T.);
#983=ORIENTED_EDGE('',*,*,#1140,.T.);
#984=ORIENTED_EDGE('',*,*,#1329,.T.);
#985=ORIENTED_EDGE('',*,*,#1424,.T.);
#986=ORIENTED_EDGE('',*,*,#1541,.T.);
#987=ORIENTED_EDGE('',*,*,#1531,.T.);
#988=ORIENTED_EDGE('',*,*,#1524,.F.);
#989=ORIENTED_EDGE('',*,*,#1542,.F.);
#990=ORIENTED_EDGE('',*,*,#1205,.F.);
#991=ORIENTED_EDGE('',*,*,#1325,.F.);
#992=ORIENTED_EDGE('',*,*,#1543,.T.);
#993=ORIENTED_EDGE('',*,*,#1534,.T.);
#994=ORIENTED_EDGE('',*,*,#1528,.F.);
#995=ORIENTED_EDGE('',*,*,#1544,.F.);
#996=ORIENTED_EDGE('',*,*,#1315,.F.);
#997=ORIENTED_EDGE('',*,*,#1545,.F.);
#998=ORIENTED_EDGE('',*,*,#1532,.T.);
#999=ORIENTED_EDGE('',*,*,#1546,.F.);
#1000=ORIENTED_EDGE('',*,*,#1197,.F.);
#1001=ORIENTED_EDGE('',*,*,#1547,.T.);
#1002=ORIENTED_EDGE('',*,*,#1514,.F.);
#1003=ORIENTED_EDGE('',*,*,#1533,.F.);
#1004=ORIENTED_EDGE('',*,*,#1545,.T.);
#1005=ORIENTED_EDGE('',*,*,#1314,.F.);
#1006=ORIENTED_EDGE('',*,*,#1143,.F.);
#1007=ORIENTED_EDGE('',*,*,#1316,.F.);
#1008=ORIENTED_EDGE('',*,*,#1546,.T.);
#1009=ORIENTED_EDGE('',*,*,#1539,.F.);
#1010=ORIENTED_EDGE('',*,*,#1548,.T.);
#1011=ORIENTED_EDGE('',*,*,#1320,.F.);
#1012=ORIENTED_EDGE('',*,*,#1145,.F.);
#1013=ORIENTED_EDGE('',*,*,#1549,.T.);
#1014=ORIENTED_EDGE('',*,*,#1321,.F.);
#1015=ORIENTED_EDGE('',*,*,#1548,.F.);
#1016=ORIENTED_EDGE('',*,*,#1538,.F.);
#1017=ORIENTED_EDGE('',*,*,#1550,.T.);
#1018=ORIENTED_EDGE('',*,*,#1322,.F.);
#1019=ORIENTED_EDGE('',*,*,#1550,.F.);
#1020=ORIENTED_EDGE('',*,*,#1537,.F.);
#1021=ORIENTED_EDGE('',*,*,#1551,.T.);
#1022=ORIENTED_EDGE('',*,*,#1323,.F.);
#1023=ORIENTED_EDGE('',*,*,#1551,.F.);
#1024=ORIENTED_EDGE('',*,*,#1536,.F.);
#1025=ORIENTED_EDGE('',*,*,#1552,.T.);
#1026=ORIENTED_EDGE('',*,*,#1324,.F.);
#1027=ORIENTED_EDGE('',*,*,#1552,.F.);
#1028=ORIENTED_EDGE('',*,*,#1535,.F.);
#1029=ORIENTED_EDGE('',*,*,#1543,.F.);
#1030=ORIENTED_EDGE('',*,*,#1287,.F.);
#1031=ORIENTED_EDGE('',*,*,#1553,.T.);
#1032=ORIENTED_EDGE('',*,*,#1519,.T.);
#1033=ORIENTED_EDGE('',*,*,#1554,.F.);
#1034=ORIENTED_EDGE('',*,*,#1218,.F.);
#1035=ORIENTED_EDGE('',*,*,#1288,.F.);
#1036=ORIENTED_EDGE('',*,*,#1554,.T.);
#1037=ORIENTED_EDGE('',*,*,#1526,.F.);
#1038=ORIENTED_EDGE('',*,*,#1516,.T.);
#1039=ORIENTED_EDGE('',*,*,#1555,.T.);
#1040=ORIENTED_EDGE('',*,*,#1130,.F.);
#1041=ORIENTED_EDGE('',*,*,#1556,.T.);
#1042=ORIENTED_EDGE('',*,*,#1510,.F.);
#1043=ORIENTED_EDGE('',*,*,#1509,.F.);
#1044=ORIENTED_EDGE('',*,*,#1522,.F.);
#1045=ORIENTED_EDGE('',*,*,#1557,.T.);
#1046=ORIENTED_EDGE('',*,*,#1284,.F.);
#1047=ORIENTED_EDGE('',*,*,#1285,.F.);
#1048=ORIENTED_EDGE('',*,*,#1557,.F.);
#1049=ORIENTED_EDGE('',*,*,#1521,.F.);
#1050=ORIENTED_EDGE('',*,*,#1558,.T.);
#1051=ORIENTED_EDGE('',*,*,#1286,.F.);
#1052=ORIENTED_EDGE('',*,*,#1558,.F.);
#1053=ORIENTED_EDGE('',*,*,#1520,.F.);
#1054=ORIENTED_EDGE('',*,*,#1553,.F.);
#1055=ORIENTED_EDGE('',*,*,#1196,.F.);
#1056=ORIENTED_EDGE('',*,*,#1202,.F.);
#1057=ORIENTED_EDGE('',*,*,#1209,.F.);
#1058=ORIENTED_EDGE('',*,*,#1212,.F.);
#1059=ORIENTED_EDGE('',*,*,#1215,.F.);
#1060=ORIENTED_EDGE('',*,*,#1219,.F.);
#1061=ORIENTED_EDGE('',*,*,#1555,.F.);
#1062=ORIENTED_EDGE('',*,*,#1515,.F.);
#1063=ORIENTED_EDGE('',*,*,#1530,.F.);
#1064=ORIENTED_EDGE('',*,*,#1511,.F.);
#1065=ORIENTED_EDGE('',*,*,#1547,.F.);
#1066=ORIENTED_EDGE('',*,*,#1420,.T.);
#1067=ORIENTED_EDGE('',*,*,#1206,.T.);
#1068=ORIENTED_EDGE('',*,*,#1544,.T.);
#1069=ORIENTED_EDGE('',*,*,#1527,.T.);
#1070=ORIENTED_EDGE('',*,*,#1541,.F.);
#1071=ORIENTED_EDGE('',*,*,#1425,.T.);
#1072=ORIENTED_EDGE('',*,*,#1422,.T.);
#1073=ORIENTED_EDGE('',*,*,#1144,.F.);
#1074=ORIENTED_EDGE('',*,*,#1549,.F.);
#1075=ORIENTED_EDGE('',*,*,#1559,.T.);
#1076=ORIENTED_EDGE('',*,*,#1141,.T.);
#1077=ORIENTED_EDGE('',*,*,#1540,.F.);
#1078=ORIENTED_EDGE('',*,*,#1129,.F.);
#1079=ORIENTED_EDGE('',*,*,#1136,.F.);
#1080=ORIENTED_EDGE('',*,*,#1560,.F.);
#1081=ORIENTED_EDGE('',*,*,#1506,.F.);
#1082=ORIENTED_EDGE('',*,*,#1556,.F.);
#1083=ORIENTED_EDGE('',*,*,#1135,.F.);
#1084=ORIENTED_EDGE('',*,*,#1559,.F.);
#1085=ORIENTED_EDGE('',*,*,#1542,.T.);
#1086=ORIENTED_EDGE('',*,*,#1523,.F.);
#1087=ORIENTED_EDGE('',*,*,#1507,.T.);
#1088=ORIENTED_EDGE('',*,*,#1560,.T.);
#1089=ORIENTED_EDGE('',*,*,#1120,.F.);
#1090=ORIENTED_EDGE('',*,*,#1124,.F.);
#1091=ORIENTED_EDGE('',*,*,#1127,.F.);
#1092=ORIENTED_EDGE('',*,*,#1236,.F.);
#1093=ORIENTED_EDGE('',*,*,#1335,.T.);
#1094=ORIENTED_EDGE('',*,*,#1332,.T.);
#1095=ORIENTED_EDGE('',*,*,#1446,.T.);
#1096=ORIENTED_EDGE('',*,*,#1337,.T.);
#1097=ORIENTED_EDGE('',*,*,#1561,.F.);
#1098=ORIENTED_EDGE('',*,*,#1429,.T.);
#1099=ORIENTED_EDGE('',*,*,#1562,.T.);
#1100=ORIENTED_EDGE('',*,*,#1563,.F.);
#1101=ORIENTED_EDGE('',*,*,#1428,.F.);
#1102=ORIENTED_EDGE('',*,*,#1564,.F.);
#1103=ORIENTED_EDGE('',*,*,#1562,.F.);
#1104=ORIENTED_EDGE('',*,*,#1427,.F.);
#1105=ORIENTED_EDGE('',*,*,#1565,.F.);
#1106=ORIENTED_EDGE('',*,*,#1563,.T.);
#1107=ORIENTED_EDGE('',*,*,#1564,.T.);
#1108=ORIENTED_EDGE('',*,*,#1565,.T.);
#1109=ORIENTED_EDGE('',*,*,#1426,.T.);
#1110=ORIENTED_EDGE('',*,*,#1561,.T.);
#1111=ORIENTED_EDGE('',*,*,#1566,.T.);
#1112=ORIENTED_EDGE('',*,*,#1157,.T.);
#1113=ORIENTED_EDGE('',*,*,#1155,.F.);
#1114=ORIENTED_EDGE('',*,*,#1567,.F.);
#1115=ORIENTED_EDGE('',*,*,#1154,.F.);
#1116=ORIENTED_EDGE('',*,*,#1566,.F.);
#1117=ORIENTED_EDGE('',*,*,#1156,.F.);
#1118=ORIENTED_EDGE('',*,*,#1567,.T.);
#1119=EDGE_CURVE('',#1568,#1569,#1870,.T.);
#1120=EDGE_CURVE('',#1568,#1570,#119,.T.);
#1121=EDGE_CURVE('',#1570,#1571,#1871,.T.);
#1122=EDGE_CURVE('',#1569,#1571,#120,.F.);
#1123=EDGE_CURVE('',#1572,#1573,#1872,.T.);
#1124=EDGE_CURVE('',#1572,#1568,#1873,.T.);
#1125=EDGE_CURVE('',#1573,#1569,#1874,.T.);
#1126=EDGE_CURVE('',#1574,#1575,#1875,.T.);
#1127=EDGE_CURVE('',#1574,#1572,#121,.T.);
#1128=EDGE_CURVE('',#1575,#1573,#122,.F.);
#1129=EDGE_CURVE('',#1576,#1577,#1876,.T.);
#1130=EDGE_CURVE('',#1577,#1578,#1877,.T.);
#1131=EDGE_CURVE('',#1578,#1579,#1878,.T.);
#1132=EDGE_CURVE('',#1579,#1580,#1879,.T.);
#1133=EDGE_CURVE('',#1581,#1580,#1880,.T.);
#1134=EDGE_CURVE('',#1576,#1581,#1881,.T.);
#1135=EDGE_CURVE('',#1582,#1583,#1882,.T.);
#1136=EDGE_CURVE('',#1583,#1576,#123,.T.);
#1137=EDGE_CURVE('',#1584,#1581,#124,.T.);
#1138=EDGE_CURVE('',#1585,#1584,#1883,.T.);
#1139=EDGE_CURVE('',#1585,#1586,#125,.T.);
#1140=EDGE_CURVE('',#1587,#1586,#1884,.F.);
#1141=EDGE_CURVE('',#1582,#1587,#126,.T.);
#1142=EDGE_CURVE('',#1588,#1589,#127,.T.);
#1143=EDGE_CURVE('',#1589,#1590,#1885,.T.);
#1144=EDGE_CURVE('',#1590,#1591,#128,.T.);
#1145=EDGE_CURVE('',#1591,#1592,#1886,.F.);
#1146=EDGE_CURVE('',#1592,#1593,#129,.T.);
#1147=EDGE_CURVE('',#1593,#1594,#1887,.T.);
#1148=EDGE_CURVE('',#1595,#1594,#130,.T.);
#1149=EDGE_CURVE('',#1588,#1595,#1888,.T.);
#1150=EDGE_CURVE('',#1596,#1597,#131,.T.);
#1151=EDGE_CURVE('',#1598,#1596,#1889,.T.);
#1152=EDGE_CURVE('',#1598,#1599,#132,.T.);
#1153=EDGE_CURVE('',#1599,#1597,#1890,.T.);
#1154=EDGE_CURVE('',#1600,#1601,#1891,.T.);
#1155=EDGE_CURVE('',#1601,#1602,#133,.T.);
#1156=EDGE_CURVE('',#1602,#1603,#1892,.F.);
#1157=EDGE_CURVE('',#1600,#1603,#134,.T.);
#1158=EDGE_CURVE('',#1604,#1605,#1893,.T.);
#1159=EDGE_CURVE('',#1605,#1606,#1894,.T.);
#1160=EDGE_CURVE('',#1606,#1607,#1895,.T.);
#1161=EDGE_CURVE('',#1607,#1608,#1896,.T.);
#1162=EDGE_CURVE('',#1609,#1608,#1897,.T.);
#1163=EDGE_CURVE('',#1604,#1609,#1898,.T.);
#1164=EDGE_CURVE('',#1610,#1611,#1899,.T.);
#1165=EDGE_CURVE('',#1610,#1604,#135,.T.);
#1166=EDGE_CURVE('',#1611,#1609,#136,.T.);
#1167=EDGE_CURVE('',#1612,#1613,#1900,.T.);
#1168=EDGE_CURVE('',#1612,#1610,#1901,.T.);
#1169=EDGE_CURVE('',#1613,#1611,#1902,.T.);
#1170=EDGE_CURVE('',#1614,#1615,#1903,.T.);
#1171=EDGE_CURVE('',#1614,#1612,#137,.F.);
#1172=EDGE_CURVE('',#1615,#1613,#138,.T.);
#1173=EDGE_CURVE('',#1616,#1617,#1904,.T.);
#1174=EDGE_CURVE('',#1616,#1614,#1905,.T.);
#1175=EDGE_CURVE('',#1617,#1615,#1906,.T.);
#1176=EDGE_CURVE('',#1618,#1619,#1907,.T.);
#1177=EDGE_CURVE('',#1618,#1620,#1908,.T.);
#1178=EDGE_CURVE('',#1620,#1621,#1909,.T.);
#1179=EDGE_CURVE('',#1621,#1619,#1910,.T.);
#1180=EDGE_CURVE('',#1622,#1623,#1911,.T.);
#1181=EDGE_CURVE('',#1622,#1616,#139,.F.);
#1182=EDGE_CURVE('',#1623,#1617,#140,.T.);
#1183=EDGE_CURVE('',#1624,#1625,#1912,.T.);
#1184=EDGE_CURVE('',#1624,#1622,#1913,.T.);
#1185=EDGE_CURVE('',#1625,#1623,#1914,.T.);
#1186=EDGE_CURVE('',#1626,#1627,#1915,.T.);
#1187=EDGE_CURVE('',#1626,#1624,#141,.T.);
#1188=EDGE_CURVE('',#1627,#1625,#142,.T.);
#1189=EDGE_CURVE('',#1628,#1629,#1916,.T.);
#1190=EDGE_CURVE('',#1629,#1626,#1917,.T.);
#1191=EDGE_CURVE('',#1630,#1627,#1918,.T.);
#1192=EDGE_CURVE('',#1631,#1630,#1919,.T.);
#1193=EDGE_CURVE('',#1631,#1632,#1920,.T.);
#1194=EDGE_CURVE('',#1632,#1633,#1921,.T.);
#1195=EDGE_CURVE('',#1628,#1633,#1922,.T.);
#1196=EDGE_CURVE('',#1634,#1635,#1923,.T.);
#1197=EDGE_CURVE('',#1635,#1636,#1924,.T.);
#1198=EDGE_CURVE('',#1636,#1631,#1925,.T.);
#1199=EDGE_CURVE('',#1637,#1630,#1926,.T.);
#1200=EDGE_CURVE('',#1634,#1637,#1927,.T.);
#1201=EDGE_CURVE('',#1638,#1639,#1928,.T.);
#1202=EDGE_CURVE('',#1638,#1634,#1929,.T.);
#1203=EDGE_CURVE('',#1639,#1637,#1930,.T.);
#1204=EDGE_CURVE('',#1640,#1641,#1931,.T.);
#1205=EDGE_CURVE('',#1641,#1642,#1932,.T.);
#1206=EDGE_CURVE('',#1643,#1642,#1933,.T.);
#1207=EDGE_CURVE('',#1640,#1643,#1934,.T.);
#1208=EDGE_CURVE('',#1644,#1645,#1935,.T.);
#1209=EDGE_CURVE('',#1644,#1638,#143,.T.);
#1210=EDGE_CURVE('',#1645,#1639,#144,.T.);
#1211=EDGE_CURVE('',#1646,#1647,#1936,.T.);
#1212=EDGE_CURVE('',#1646,#1644,#1937,.T.);
#1213=EDGE_CURVE('',#1647,#1645,#1938,.T.);
#1214=EDGE_CURVE('',#1648,#1649,#1939,.T.);
#1215=EDGE_CURVE('',#1648,#1646,#1940,.T.);
#1216=EDGE_CURVE('',#1649,#1647,#1941,.T.);
#1217=EDGE_CURVE('',#1650,#1651,#1942,.T.);
#1218=EDGE_CURVE('',#1651,#1652,#1943,.T.);
#1219=EDGE_CURVE('',#1652,#1648,#1944,.T.);
#1220=EDGE_CURVE('',#1653,#1649,#1945,.T.);
#1221=EDGE_CURVE('',#1650,#1653,#1946,.T.);
#1222=EDGE_CURVE('',#1654,#1655,#1947,.T.);
#1223=EDGE_CURVE('',#1655,#1656,#1948,.T.);
#1224=EDGE_CURVE('',#1656,#1657,#1949,.T.);
#1225=EDGE_CURVE('',#1657,#1658,#1950,.T.);
#1226=EDGE_CURVE('',#1659,#1658,#1951,.T.);
#1227=EDGE_CURVE('',#1654,#1659,#1952,.T.);
#1228=EDGE_CURVE('',#1660,#1661,#1953,.T.);
#1229=EDGE_CURVE('',#1660,#1654,#145,.F.);
#1230=EDGE_CURVE('',#1661,#1659,#146,.T.);
#1231=EDGE_CURVE('',#1662,#1663,#1954,.T.);
#1232=EDGE_CURVE('',#1663,#1664,#1955,.T.);
#1233=EDGE_CURVE('',#1664,#1660,#1956,.T.);
#1234=EDGE_CURVE('',#1665,#1661,#1957,.T.);
#1235=EDGE_CURVE('',#1662,#1665,#1958,.T.);
#1236=EDGE_CURVE('',#1570,#1574,#1959,.T.);
#1237=EDGE_CURVE('',#1571,#1575,#1960,.T.);
#1238=EDGE_CURVE('',#1606,#1663,#1961,.T.);
#1239=EDGE_CURVE('',#1666,#1662,#1962,.T.);
#1240=EDGE_CURVE('',#1607,#1666,#1963,.T.);
#1241=EDGE_CURVE('',#1667,#1668,#147,.F.);
#1242=EDGE_CURVE('',#1669,#1667,#1964,.T.);
#1243=EDGE_CURVE('',#1670,#1669,#148,.F.);
#1244=EDGE_CURVE('',#1668,#1670,#1965,.T.);
#1245=EDGE_CURVE('',#1671,#1672,#149,.T.);
#1246=EDGE_CURVE('',#1673,#1671,#1966,.T.);
#1247=EDGE_CURVE('',#1674,#1673,#150,.T.);
#1248=EDGE_CURVE('',#1672,#1674,#1967,.T.);
#1249=EDGE_CURVE('',#1675,#1676,#151,.T.);
#1250=EDGE_CURVE('',#1599,#1675,#1968,.T.);
#1251=EDGE_CURVE('',#1676,#1598,#1969,.T.);
#1252=EDGE_CURVE('',#1677,#1678,#152,.F.);
#1253=EDGE_CURVE('',#1679,#1677,#1970,.T.);
#1254=EDGE_CURVE('',#1680,#1679,#153,.F.);
#1255=EDGE_CURVE('',#1678,#1680,#1971,.T.);
#1256=EDGE_CURVE('',#1681,#1682,#154,.F.);
#1257=EDGE_CURVE('',#1683,#1681,#1972,.T.);
#1258=EDGE_CURVE('',#1684,#1683,#155,.F.);
#1259=EDGE_CURVE('',#1682,#1684,#1973,.T.);
#1260=EDGE_CURVE('',#1685,#1686,#156,.T.);
#1261=EDGE_CURVE('',#1687,#1685,#1974,.T.);
#1262=EDGE_CURVE('',#1688,#1687,#157,.T.);
#1263=EDGE_CURVE('',#1686,#1688,#1975,.T.);
#1264=EDGE_CURVE('',#1689,#1690,#158,.T.);
#1265=EDGE_CURVE('',#1691,#1689,#1976,.T.);
#1266=EDGE_CURVE('',#1692,#1691,#159,.T.);
#1267=EDGE_CURVE('',#1690,#1692,#1977,.T.);
#1268=EDGE_CURVE('',#1693,#1693,#160,.T.);
#1269=EDGE_CURVE('',#1694,#1694,#161,.T.);
#1270=EDGE_CURVE('',#1695,#1696,#162,.T.);
#1271=EDGE_CURVE('',#1697,#1695,#1978,.T.);
#1272=EDGE_CURVE('',#1698,#1697,#163,.T.);
#1273=EDGE_CURVE('',#1696,#1698,#1979,.T.);
#1274=EDGE_CURVE('',#1699,#1700,#164,.T.);
#1275=EDGE_CURVE('',#1701,#1699,#1980,.T.);
#1276=EDGE_CURVE('',#1702,#1701,#165,.T.);
#1277=EDGE_CURVE('',#1700,#1702,#1981,.T.);
#1278=EDGE_CURVE('',#1703,#1703,#166,.T.);
#1279=EDGE_CURVE('',#1704,#1704,#167,.T.);
#1280=EDGE_CURVE('',#1705,#1706,#168,.F.);
#1281=EDGE_CURVE('',#1707,#1705,#1982,.T.);
#1282=EDGE_CURVE('',#1708,#1707,#169,.F.);
#1283=EDGE_CURVE('',#1706,#1708,#1983,.T.);
#1284=EDGE_CURVE('',#1578,#1709,#1984,.T.);
#1285=EDGE_CURVE('',#1709,#1710,#170,.T.);
#1286=EDGE_CURVE('',#1710,#1711,#1985,.T.);
#1287=EDGE_CURVE('',#1711,#1712,#1986,.T.);
#1288=EDGE_CURVE('',#1712,#1651,#1987,.T.);
#1289=EDGE_CURVE('',#1657,#1650,#1988,.T.);
#1290=EDGE_CURVE('',#1656,#1713,#1989,.T.);
#1291=EDGE_CURVE('',#1714,#1713,#1990,.T.);
#1292=EDGE_CURVE('',#1714,#1715,#1991,.T.);
#1293=EDGE_CURVE('',#1715,#1716,#171,.T.);
#1294=EDGE_CURVE('',#1716,#1717,#1992,.T.);
#1295=EDGE_CURVE('',#1717,#1718,#172,.T.);
#1296=EDGE_CURVE('',#1718,#1719,#1993,.T.);
#1297=EDGE_CURVE('',#1719,#1720,#173,.T.);
#1298=EDGE_CURVE('',#1720,#1721,#1994,.T.);
#1299=EDGE_CURVE('',#1721,#1722,#1995,.T.);
#1300=EDGE_CURVE('',#1722,#1723,#174,.T.);
#1301=EDGE_CURVE('',#1723,#1724,#1996,.T.);
#1302=EDGE_CURVE('',#1725,#1724,#1997,.T.);
#1303=EDGE_CURVE('',#1726,#1725,#1998,.T.);
#1304=EDGE_CURVE('',#1727,#1726,#175,.T.);
#1305=EDGE_CURVE('',#1728,#1727,#1999,.T.);
#1306=EDGE_CURVE('',#1621,#1728,#176,.T.);
#1307=EDGE_CURVE('',#1620,#1729,#2000,.T.);
#1308=EDGE_CURVE('',#1729,#1730,#2001,.T.);
#1309=EDGE_CURVE('',#1730,#1731,#2002,.T.);
#1310=EDGE_CURVE('',#1731,#1732,#2003,.T.);
#1311=EDGE_CURVE('',#1733,#1732,#2004,.T.);
#1312=EDGE_CURVE('',#1734,#1733,#2005,.T.);
#1313=EDGE_CURVE('',#1632,#1734,#177,.T.);
#1314=EDGE_CURVE('',#1636,#1735,#2006,.T.);
#1315=EDGE_CURVE('',#1735,#1736,#2007,.T.);
#1316=EDGE_CURVE('',#1736,#1589,#2008,.T.);
#1317=EDGE_CURVE('',#1737,#1588,#2009,.T.);
#1318=EDGE_CURVE('',#1738,#1737,#178,.T.);
#1319=EDGE_CURVE('',#1593,#1738,#2010,.T.);
#1320=EDGE_CURVE('',#1592,#1739,#2011,.T.);
#1321=EDGE_CURVE('',#1739,#1740,#179,.T.);
#1322=EDGE_CURVE('',#1740,#1741,#2012,.T.);
#1323=EDGE_CURVE('',#1741,#1742,#180,.T.);
#1324=EDGE_CURVE('',#1742,#1743,#2013,.T.);
#1325=EDGE_CURVE('',#1743,#1641,#2014,.T.);
#1326=EDGE_CURVE('',#1744,#1640,#181,.T.);
#1327=EDGE_CURVE('',#1745,#1744,#2015,.T.);
#1328=EDGE_CURVE('',#1746,#1745,#2016,.T.);
#1329=EDGE_CURVE('',#1586,#1746,#2017,.T.);
#1330=EDGE_CURVE('',#1747,#1585,#2018,.T.);
#1331=EDGE_CURVE('',#1579,#1747,#182,.T.);
#1332=EDGE_CURVE('',#1748,#1749,#183,.T.);
#1333=EDGE_CURVE('',#1705,#1748,#2019,.T.);
#1334=EDGE_CURVE('',#1706,#1749,#2020,.T.);
#1335=EDGE_CURVE('',#1750,#1748,#2021,.T.);
#1336=EDGE_CURVE('',#1707,#1750,#2022,.T.);
#1337=EDGE_CURVE('',#1751,#1750,#184,.T.);
#1338=EDGE_CURVE('',#1708,#1751,#2023,.T.);
#1339=EDGE_CURVE('',#1752,#1753,#185,.T.);
#1340=EDGE_CURVE('',#1699,#1752,#2024,.T.);
#1341=EDGE_CURVE('',#1700,#1753,#2025,.T.);
#1342=EDGE_CURVE('',#1754,#1752,#2026,.T.);
#1343=EDGE_CURVE('',#1701,#1754,#2027,.T.);
#1344=EDGE_CURVE('',#1755,#1754,#186,.T.);
#1345=EDGE_CURVE('',#1702,#1755,#2028,.T.);
#1346=EDGE_CURVE('',#1580,#1756,#187,.T.);
#1347=EDGE_CURVE('',#1747,#1756,#2029,.T.);
#1348=EDGE_CURVE('',#1757,#1758,#188,.T.);
#1349=EDGE_CURVE('',#1695,#1757,#2030,.T.);
#1350=EDGE_CURVE('',#1696,#1758,#2031,.T.);
#1351=EDGE_CURVE('',#1759,#1757,#2032,.T.);
#1352=EDGE_CURVE('',#1697,#1759,#2033,.T.);
#1353=EDGE_CURVE('',#1760,#1759,#189,.T.);
#1354=EDGE_CURVE('',#1698,#1760,#2034,.T.);
#1355=EDGE_CURVE('',#1761,#1762,#190,.T.);
#1356=EDGE_CURVE('',#1689,#1761,#2035,.T.);
#1357=EDGE_CURVE('',#1690,#1762,#2036,.T.);
#1358=EDGE_CURVE('',#1763,#1761,#2037,.T.);
#1359=EDGE_CURVE('',#1691,#1763,#2038,.T.);
#1360=EDGE_CURVE('',#1764,#1763,#191,.T.);
#1361=EDGE_CURVE('',#1692,#1764,#2039,.T.);
#1362=EDGE_CURVE('',#1765,#1766,#192,.T.);
#1363=EDGE_CURVE('',#1738,#1765,#2040,.T.);
#1364=EDGE_CURVE('',#1737,#1766,#2041,.T.);
#1365=EDGE_CURVE('',#1594,#1765,#2042,.T.);
#1366=EDGE_CURVE('',#1767,#1768,#193,.T.);
#1367=EDGE_CURVE('',#1685,#1767,#2043,.T.);
#1368=EDGE_CURVE('',#1686,#1768,#2044,.T.);
#1369=EDGE_CURVE('',#1769,#1767,#2045,.T.);
#1370=EDGE_CURVE('',#1687,#1769,#2046,.T.);
#1371=EDGE_CURVE('',#1770,#1769,#194,.T.);
#1372=EDGE_CURVE('',#1688,#1770,#2047,.T.);
#1373=EDGE_CURVE('',#1771,#1772,#195,.F.);
#1374=EDGE_CURVE('',#1681,#1771,#2048,.T.);
#1375=EDGE_CURVE('',#1682,#1772,#2049,.T.);
#1376=EDGE_CURVE('',#1773,#1771,#2050,.T.);
#1377=EDGE_CURVE('',#1683,#1773,#2051,.T.);
#1378=EDGE_CURVE('',#1774,#1773,#196,.F.);
#1379=EDGE_CURVE('',#1684,#1774,#2052,.T.);
#1380=EDGE_CURVE('',#1775,#1776,#197,.F.);
#1381=EDGE_CURVE('',#1677,#1775,#2053,.T.);
#1382=EDGE_CURVE('',#1678,#1776,#2054,.T.);
#1383=EDGE_CURVE('',#1777,#1775,#2055,.T.);
#1384=EDGE_CURVE('',#1679,#1777,#2056,.T.);
#1385=EDGE_CURVE('',#1778,#1777,#198,.F.);
#1386=EDGE_CURVE('',#1680,#1778,#2057,.T.);
#1387=EDGE_CURVE('',#1779,#1780,#199,.T.);
#1388=EDGE_CURVE('',#1675,#1779,#2058,.T.);
#1389=EDGE_CURVE('',#1676,#1780,#2059,.T.);
#1390=EDGE_CURVE('',#1597,#1779,#2060,.T.);
#1391=EDGE_CURVE('',#1781,#1782,#200,.T.);
#1392=EDGE_CURVE('',#1671,#1781,#2061,.T.);
#1393=EDGE_CURVE('',#1672,#1782,#2062,.T.);
#1394=EDGE_CURVE('',#1783,#1781,#2063,.T.);
#1395=EDGE_CURVE('',#1673,#1783,#2064,.T.);
#1396=EDGE_CURVE('',#1784,#1783,#201,.T.);
#1397=EDGE_CURVE('',#1674,#1784,#2065,.T.);
#1398=EDGE_CURVE('',#1785,#1786,#202,.F.);
#1399=EDGE_CURVE('',#1667,#1785,#2066,.T.);
#1400=EDGE_CURVE('',#1668,#1786,#2067,.T.);
#1401=EDGE_CURVE('',#1787,#1785,#2068,.T.);
#1402=EDGE_CURVE('',#1669,#1787,#2069,.T.);
#1403=EDGE_CURVE('',#1788,#1787,#203,.F.);
#1404=EDGE_CURVE('',#1670,#1788,#2070,.T.);
#1405=EDGE_CURVE('',#1789,#1665,#2071,.T.);
#1406=EDGE_CURVE('',#1666,#1789,#2072,.T.);
#1407=EDGE_CURVE('',#1608,#1789,#2073,.T.);
#1408=EDGE_CURVE('',#1790,#1725,#2074,.T.);
#1409=EDGE_CURVE('',#1791,#1790,#2075,.T.);
#1410=EDGE_CURVE('',#1726,#1791,#2076,.T.);
#1411=EDGE_CURVE('',#1792,#1791,#204,.T.);
#1412=EDGE_CURVE('',#1727,#1792,#2077,.T.);
#1413=EDGE_CURVE('',#1793,#1792,#2078,.T.);
#1414=EDGE_CURVE('',#1728,#1793,#2079,.T.);
#1415=EDGE_CURVE('',#1619,#1793,#205,.F.);
#1416=EDGE_CURVE('',#1794,#1795,#2080,.T.);
#1417=EDGE_CURVE('',#1734,#1794,#2081,.T.);
#1418=EDGE_CURVE('',#1795,#1733,#2082,.T.);
#1419=EDGE_CURVE('',#1633,#1794,#206,.T.);
#1420=EDGE_CURVE('',#1796,#1643,#207,.T.);
#1421=EDGE_CURVE('',#1744,#1796,#2083,.T.);
#1422=EDGE_CURVE('',#1797,#1796,#2084,.T.);
#1423=EDGE_CURVE('',#1745,#1797,#2085,.T.);
#1424=EDGE_CURVE('',#1746,#1798,#2086,.T.);
#1425=EDGE_CURVE('',#1798,#1797,#2087,.T.);
#1426=EDGE_CURVE('',#1799,#1800,#2088,.T.);
#1427=EDGE_CURVE('',#1799,#1801,#2089,.T.);
#1428=EDGE_CURVE('',#1801,#1802,#2090,.T.);
#1429=EDGE_CURVE('',#1800,#1802,#2091,.T.);
#1430=EDGE_CURVE('',#1658,#1653,#2092,.T.);
#1431=EDGE_CURVE('',#1803,#1803,#208,.T.);
#1432=EDGE_CURVE('',#1804,#1804,#209,.T.);
#1433=EDGE_CURVE('',#1753,#1755,#2093,.T.);
#1434=EDGE_CURVE('',#1756,#1584,#2094,.T.);
#1435=EDGE_CURVE('',#1758,#1760,#2095,.T.);
#1436=EDGE_CURVE('',#1805,#1805,#210,.T.);
#1437=EDGE_CURVE('',#1806,#1806,#211,.T.);
#1438=EDGE_CURVE('',#1762,#1764,#2096,.T.);
#1439=EDGE_CURVE('',#1766,#1595,#2097,.T.);
#1440=EDGE_CURVE('',#1768,#1770,#2098,.T.);
#1441=EDGE_CURVE('',#1772,#1774,#2099,.T.);
#1442=EDGE_CURVE('',#1776,#1778,#2100,.T.);
#1443=EDGE_CURVE('',#1780,#1596,#2101,.T.);
#1444=EDGE_CURVE('',#1782,#1784,#2102,.T.);
#1445=EDGE_CURVE('',#1786,#1788,#2103,.T.);
#1446=EDGE_CURVE('',#1749,#1751,#2104,.T.);
#1447=EDGE_CURVE('',#1807,#1808,#2105,.T.);
#1448=EDGE_CURVE('',#1809,#1808,#2106,.T.);
#1449=EDGE_CURVE('',#1810,#1809,#2107,.T.);
#1450=EDGE_CURVE('',#1810,#1807,#2108,.T.);
#1451=EDGE_CURVE('',#1811,#1807,#2109,.T.);
#1452=EDGE_CURVE('',#1812,#1810,#2110,.T.);
#1453=EDGE_CURVE('',#1812,#1811,#2111,.T.);
#1454=EDGE_CURVE('',#1813,#1814,#2112,.T.);
#1455=EDGE_CURVE('',#1813,#1815,#2113,.T.);
#1456=EDGE_CURVE('',#1815,#1816,#2114,.T.);
#1457=EDGE_CURVE('',#1817,#1816,#2115,.T.);
#1458=EDGE_CURVE('',#1818,#1817,#2116,.T.);
#1459=EDGE_CURVE('',#1814,#1818,#2117,.T.);
#1460=EDGE_CURVE('',#1819,#1820,#2118,.T.);
#1461=EDGE_CURVE('',#1820,#1821,#2119,.T.);
#1462=EDGE_CURVE('',#1821,#1812,#2120,.T.);
#1463=EDGE_CURVE('',#1809,#1822,#2121,.T.);
#1464=EDGE_CURVE('',#1822,#1823,#2122,.T.);
#1465=EDGE_CURVE('',#1824,#1823,#2123,.T.);
#1466=EDGE_CURVE('',#1824,#1825,#212,.T.);
#1467=EDGE_CURVE('',#1825,#1826,#2124,.T.);
#1468=EDGE_CURVE('',#1826,#1827,#2125,.T.);
#1469=EDGE_CURVE('',#1827,#1828,#213,.T.);
#1470=EDGE_CURVE('',#1828,#1829,#2126,.T.);
#1471=EDGE_CURVE('',#1829,#1830,#214,.T.);
#1472=EDGE_CURVE('',#1830,#1831,#2127,.T.);
#1473=EDGE_CURVE('',#1831,#1819,#215,.T.);
#1474=EDGE_CURVE('',#1817,#1832,#2128,.T.);
#1475=EDGE_CURVE('',#1832,#1833,#2129,.T.);
#1476=EDGE_CURVE('',#1833,#1834,#2130,.T.);
#1477=EDGE_CURVE('',#1834,#1835,#2131,.T.);
#1478=EDGE_CURVE('',#1835,#1836,#2132,.T.);
#1479=EDGE_CURVE('',#1818,#1836,#2133,.T.);
#1480=EDGE_CURVE('',#1813,#1790,#2134,.T.);
#1481=EDGE_CURVE('',#1724,#1823,#2135,.T.);
#1482=EDGE_CURVE('',#1822,#1813,#2136,.T.);
#1483=EDGE_CURVE('',#1824,#1723,#2137,.T.);
#1484=EDGE_CURVE('',#1605,#1815,#2138,.T.);
#1485=EDGE_CURVE('',#1808,#1664,#2139,.T.);
#1486=EDGE_CURVE('',#1819,#1715,#2140,.T.);
#1487=EDGE_CURVE('',#1831,#1716,#2141,.T.);
#1488=EDGE_CURVE('',#1830,#1717,#2142,.T.);
#1489=EDGE_CURVE('',#1829,#1718,#2143,.T.);
#1490=EDGE_CURVE('',#1828,#1719,#2144,.T.);
#1491=EDGE_CURVE('',#1827,#1720,#2145,.T.);
#1492=EDGE_CURVE('',#1826,#1721,#2146,.T.);
#1493=EDGE_CURVE('',#1825,#1722,#2147,.T.);
#1494=EDGE_CURVE('',#1714,#1820,#2148,.T.);
#1495=EDGE_CURVE('',#1821,#1713,#2149,.T.);
#1496=EDGE_CURVE('',#1655,#1811,#2150,.T.);
#1497=EDGE_CURVE('',#1816,#1629,#2151,.T.);
#1498=EDGE_CURVE('',#1837,#1795,#2152,.T.);
#1499=EDGE_CURVE('',#1732,#1833,#2153,.T.);
#1500=EDGE_CURVE('',#1837,#1832,#2154,.T.);
#1501=EDGE_CURVE('',#1814,#1618,#2155,.T.);
#1502=EDGE_CURVE('',#1836,#1729,#2156,.T.);
#1503=EDGE_CURVE('',#1835,#1730,#2157,.T.);
#1504=EDGE_CURVE('',#1834,#1731,#2158,.T.);
#1505=EDGE_CURVE('',#1837,#1628,#2159,.T.);
#1506=EDGE_CURVE('',#1838,#1839,#216,.T.);
#1507=EDGE_CURVE('',#1840,#1839,#2160,.T.);
#1508=EDGE_CURVE('',#1841,#1840,#217,.T.);
#1509=EDGE_CURVE('',#1841,#1842,#2161,.T.);
#1510=EDGE_CURVE('',#1842,#1838,#2162,.T.);
#1511=EDGE_CURVE('',#1843,#1844,#2163,.T.);
#1512=EDGE_CURVE('',#1845,#1844,#2164,.T.);
#1513=EDGE_CURVE('',#1846,#1845,#2165,.T.);
#1514=EDGE_CURVE('',#1846,#1843,#2166,.T.);
#1515=EDGE_CURVE('',#1847,#1848,#2167,.T.);
#1516=EDGE_CURVE('',#1849,#1848,#2168,.T.);
#1517=EDGE_CURVE('',#1850,#1849,#2169,.T.);
#1518=EDGE_CURVE('',#1850,#1847,#2170,.T.);
#1519=EDGE_CURVE('',#1851,#1852,#2171,.T.);
#1520=EDGE_CURVE('',#1851,#1853,#2172,.T.);
#1521=EDGE_CURVE('',#1853,#1854,#218,.T.);
#1522=EDGE_CURVE('',#1854,#1841,#2173,.T.);
#1523=EDGE_CURVE('',#1840,#1855,#2174,.T.);
#1524=EDGE_CURVE('',#1855,#1856,#2175,.T.);
#1525=EDGE_CURVE('',#1856,#1850,#2176,.T.);
#1526=EDGE_CURVE('',#1849,#1852,#2177,.T.);
#1527=EDGE_CURVE('',#1857,#1858,#2178,.T.);
#1528=EDGE_CURVE('',#1857,#1859,#2179,.T.);
#1529=EDGE_CURVE('',#1845,#1859,#2180,.T.);
#1530=EDGE_CURVE('',#1844,#1847,#2181,.T.);
#1531=EDGE_CURVE('',#1858,#1856,#2182,.T.);
#1532=EDGE_CURVE('',#1860,#1861,#2183,.T.);
#1533=EDGE_CURVE('',#1860,#1846,#2184,.T.);
#1534=EDGE_CURVE('',#1862,#1859,#2185,.T.);
#1535=EDGE_CURVE('',#1862,#1863,#2186,.T.);
#1536=EDGE_CURVE('',#1863,#1864,#219,.T.);
#1537=EDGE_CURVE('',#1864,#1865,#2187,.T.);
#1538=EDGE_CURVE('',#1865,#1866,#220,.T.);
#1539=EDGE_CURVE('',#1866,#1861,#2188,.T.);
#1540=EDGE_CURVE('',#1867,#1587,#2189,.T.);
#1541=EDGE_CURVE('',#1798,#1858,#2190,.T.);
#1542=EDGE_CURVE('',#1867,#1855,#2191,.T.);
#1543=EDGE_CURVE('',#1743,#1862,#2192,.T.);
#1544=EDGE_CURVE('',#1642,#1857,#2193,.T.);
#1545=EDGE_CURVE('',#1860,#1735,#2194,.T.);
#1546=EDGE_CURVE('',#1736,#1861,#2195,.T.);
#1547=EDGE_CURVE('',#1635,#1843,#2196,.T.);
#1548=EDGE_CURVE('',#1866,#1739,#2197,.T.);
#1549=EDGE_CURVE('',#1591,#1590,#2198,.T.);
#1550=EDGE_CURVE('',#1865,#1740,#2199,.T.);
#1551=EDGE_CURVE('',#1864,#1741,#2200,.T.);
#1552=EDGE_CURVE('',#1863,#1742,#2201,.T.);
#1553=EDGE_CURVE('',#1711,#1851,#2202,.T.);
#1554=EDGE_CURVE('',#1712,#1852,#2203,.T.);
#1555=EDGE_CURVE('',#1848,#1652,#2204,.T.);
#1556=EDGE_CURVE('',#1577,#1838,#2205,.T.);
#1557=EDGE_CURVE('',#1854,#1709,#2206,.T.);
#1558=EDGE_CURVE('',#1853,#1710,#2207,.T.);
#1559=EDGE_CURVE('',#1867,#1582,#2208,.T.);
#1560=EDGE_CURVE('',#1839,#1583,#2209,.T.);
#1561=EDGE_CURVE('',#1800,#1868,#2210,.T.);
#1562=EDGE_CURVE('',#1802,#1869,#2211,.T.);
#1563=EDGE_CURVE('',#1868,#1869,#2212,.T.);
#1564=EDGE_CURVE('',#1869,#1801,#2213,.T.);
#1565=EDGE_CURVE('',#1868,#1799,#2214,.T.);
#1566=EDGE_CURVE('',#1603,#1600,#2215,.T.);
#1567=EDGE_CURVE('',#1602,#1601,#2216,.T.);
#1568=VERTEX_POINT('',#4285);
#1569=VERTEX_POINT('',#4286);
#1570=VERTEX_POINT('',#4288);
#1571=VERTEX_POINT('',#4290);
#1572=VERTEX_POINT('',#4294);
#1573=VERTEX_POINT('',#4295);
#1574=VERTEX_POINT('',#4300);
#1575=VERTEX_POINT('',#4301);
#1576=VERTEX_POINT('',#4306);
#1577=VERTEX_POINT('',#4307);
#1578=VERTEX_POINT('',#4309);
#1579=VERTEX_POINT('',#4311);
#1580=VERTEX_POINT('',#4313);
#1581=VERTEX_POINT('',#4315);
#1582=VERTEX_POINT('',#4319);
#1583=VERTEX_POINT('',#4320);
#1584=VERTEX_POINT('',#4323);
#1585=VERTEX_POINT('',#4325);
#1586=VERTEX_POINT('',#4327);
#1587=VERTEX_POINT('',#4329);
#1588=VERTEX_POINT('',#4333);
#1589=VERTEX_POINT('',#4334);
#1590=VERTEX_POINT('',#4336);
#1591=VERTEX_POINT('',#4338);
#1592=VERTEX_POINT('',#4340);
#1593=VERTEX_POINT('',#4342);
#1594=VERTEX_POINT('',#4344);
#1595=VERTEX_POINT('',#4346);
#1596=VERTEX_POINT('',#4350);
#1597=VERTEX_POINT('',#4351);
#1598=VERTEX_POINT('',#4353);
#1599=VERTEX_POINT('',#4355);
#1600=VERTEX_POINT('',#4358);
#1601=VERTEX_POINT('',#4359);
#1602=VERTEX_POINT('',#4361);
#1603=VERTEX_POINT('',#4363);
#1604=VERTEX_POINT('',#4367);
#1605=VERTEX_POINT('',#4368);
#1606=VERTEX_POINT('',#4370);
#1607=VERTEX_POINT('',#4372);
#1608=VERTEX_POINT('',#4374);
#1609=VERTEX_POINT('',#4376);
#1610=VERTEX_POINT('',#4380);
#1611=VERTEX_POINT('',#4381);
#1612=VERTEX_POINT('',#4386);
#1613=VERTEX_POINT('',#4387);
#1614=VERTEX_POINT('',#4392);
#1615=VERTEX_POINT('',#4393);
#1616=VERTEX_POINT('',#4398);
#1617=VERTEX_POINT('',#4399);
#1618=VERTEX_POINT('',#4404);
#1619=VERTEX_POINT('',#4405);
#1620=VERTEX_POINT('',#4407);
#1621=VERTEX_POINT('',#4409);
#1622=VERTEX_POINT('',#4413);
#1623=VERTEX_POINT('',#4414);
#1624=VERTEX_POINT('',#4419);
#1625=VERTEX_POINT('',#4420);
#1626=VERTEX_POINT('',#4425);
#1627=VERTEX_POINT('',#4426);
#1628=VERTEX_POINT('',#4431);
#1629=VERTEX_POINT('',#4432);
#1630=VERTEX_POINT('',#4435);
#1631=VERTEX_POINT('',#4437);
#1632=VERTEX_POINT('',#4439);
#1633=VERTEX_POINT('',#4441);
#1634=VERTEX_POINT('',#4445);
#1635=VERTEX_POINT('',#4446);
#1636=VERTEX_POINT('',#4448);
#1637=VERTEX_POINT('',#4451);
#1638=VERTEX_POINT('',#4455);
#1639=VERTEX_POINT('',#4456);
#1640=VERTEX_POINT('',#4461);
#1641=VERTEX_POINT('',#4462);
#1642=VERTEX_POINT('',#4464);
#1643=VERTEX_POINT('',#4466);
#1644=VERTEX_POINT('',#4470);
#1645=VERTEX_POINT('',#4471);
#1646=VERTEX_POINT('',#4476);
#1647=VERTEX_POINT('',#4477);
#1648=VERTEX_POINT('',#4482);
#1649=VERTEX_POINT('',#4483);
#1650=VERTEX_POINT('',#4488);
#1651=VERTEX_POINT('',#4489);
#1652=VERTEX_POINT('',#4491);
#1653=VERTEX_POINT('',#4494);
#1654=VERTEX_POINT('',#4498);
#1655=VERTEX_POINT('',#4499);
#1656=VERTEX_POINT('',#4501);
#1657=VERTEX_POINT('',#4503);
#1658=VERTEX_POINT('',#4505);
#1659=VERTEX_POINT('',#4507);
#1660=VERTEX_POINT('',#4511);
#1661=VERTEX_POINT('',#4512);
#1662=VERTEX_POINT('',#4517);
#1663=VERTEX_POINT('',#4518);
#1664=VERTEX_POINT('',#4520);
#1665=VERTEX_POINT('',#4523);
#1666=VERTEX_POINT('',#4531);
#1667=VERTEX_POINT('',#4535);
#1668=VERTEX_POINT('',#4536);
#1669=VERTEX_POINT('',#4538);
#1670=VERTEX_POINT('',#4540);
#1671=VERTEX_POINT('',#4543);
#1672=VERTEX_POINT('',#4544);
#1673=VERTEX_POINT('',#4546);
#1674=VERTEX_POINT('',#4548);
#1675=VERTEX_POINT('',#4551);
#1676=VERTEX_POINT('',#4552);
#1677=VERTEX_POINT('',#4556);
#1678=VERTEX_POINT('',#4557);
#1679=VERTEX_POINT('',#4559);
#1680=VERTEX_POINT('',#4561);
#1681=VERTEX_POINT('',#4564);
#1682=VERTEX_POINT('',#4565);
#1683=VERTEX_POINT('',#4567);
#1684=VERTEX_POINT('',#4569);
#1685=VERTEX_POINT('',#4572);
#1686=VERTEX_POINT('',#4573);
#1687=VERTEX_POINT('',#4575);
#1688=VERTEX_POINT('',#4577);
#1689=VERTEX_POINT('',#4580);
#1690=VERTEX_POINT('',#4581);
#1691=VERTEX_POINT('',#4583);
#1692=VERTEX_POINT('',#4585);
#1693=VERTEX_POINT('',#4588);
#1694=VERTEX_POINT('',#4590);
#1695=VERTEX_POINT('',#4592);
#1696=VERTEX_POINT('',#4593);
#1697=VERTEX_POINT('',#4595);
#1698=VERTEX_POINT('',#4597);
#1699=VERTEX_POINT('',#4600);
#1700=VERTEX_POINT('',#4601);
#1701=VERTEX_POINT('',#4603);
#1702=VERTEX_POINT('',#4605);
#1703=VERTEX_POINT('',#4608);
#1704=VERTEX_POINT('',#4610);
#1705=VERTEX_POINT('',#4612);
#1706=VERTEX_POINT('',#4613);
#1707=VERTEX_POINT('',#4615);
#1708=VERTEX_POINT('',#4617);
#1709=VERTEX_POINT('',#4620);
#1710=VERTEX_POINT('',#4622);
#1711=VERTEX_POINT('',#4624);
#1712=VERTEX_POINT('',#4626);
#1713=VERTEX_POINT('',#4630);
#1714=VERTEX_POINT('',#4632);
#1715=VERTEX_POINT('',#4634);
#1716=VERTEX_POINT('',#4636);
#1717=VERTEX_POINT('',#4638);
#1718=VERTEX_POINT('',#4640);
#1719=VERTEX_POINT('',#4642);
#1720=VERTEX_POINT('',#4644);
#1721=VERTEX_POINT('',#4646);
#1722=VERTEX_POINT('',#4648);
#1723=VERTEX_POINT('',#4650);
#1724=VERTEX_POINT('',#4652);
#1725=VERTEX_POINT('',#4654);
#1726=VERTEX_POINT('',#4656);
#1727=VERTEX_POINT('',#4658);
#1728=VERTEX_POINT('',#4660);
#1729=VERTEX_POINT('',#4663);
#1730=VERTEX_POINT('',#4665);
#1731=VERTEX_POINT('',#4667);
#1732=VERTEX_POINT('',#4669);
#1733=VERTEX_POINT('',#4671);
#1734=VERTEX_POINT('',#4673);
#1735=VERTEX_POINT('',#4676);
#1736=VERTEX_POINT('',#4678);
#1737=VERTEX_POINT('',#4681);
#1738=VERTEX_POINT('',#4683);
#1739=VERTEX_POINT('',#4686);
#1740=VERTEX_POINT('',#4688);
#1741=VERTEX_POINT('',#4690);
#1742=VERTEX_POINT('',#4692);
#1743=VERTEX_POINT('',#4694);
#1744=VERTEX_POINT('',#4697);
#1745=VERTEX_POINT('',#4699);
#1746=VERTEX_POINT('',#4701);
#1747=VERTEX_POINT('',#4704);
#1748=VERTEX_POINT('',#4708);
#1749=VERTEX_POINT('',#4709);
#1750=VERTEX_POINT('',#4714);
#1751=VERTEX_POINT('',#4718);
#1752=VERTEX_POINT('',#4722);
#1753=VERTEX_POINT('',#4723);
#1754=VERTEX_POINT('',#4728);
#1755=VERTEX_POINT('',#4732);
#1756=VERTEX_POINT('',#4736);
#1757=VERTEX_POINT('',#4740);
#1758=VERTEX_POINT('',#4741);
#1759=VERTEX_POINT('',#4746);
#1760=VERTEX_POINT('',#4750);
#1761=VERTEX_POINT('',#4754);
#1762=VERTEX_POINT('',#4755);
#1763=VERTEX_POINT('',#4760);
#1764=VERTEX_POINT('',#4764);
#1765=VERTEX_POINT('',#4768);
#1766=VERTEX_POINT('',#4769);
#1767=VERTEX_POINT('',#4776);
#1768=VERTEX_POINT('',#4777);
#1769=VERTEX_POINT('',#4782);
#1770=VERTEX_POINT('',#4786);
#1771=VERTEX_POINT('',#4790);
#1772=VERTEX_POINT('',#4791);
#1773=VERTEX_POINT('',#4796);
#1774=VERTEX_POINT('',#4800);
#1775=VERTEX_POINT('',#4804);
#1776=VERTEX_POINT('',#4805);
#1777=VERTEX_POINT('',#4810);
#1778=VERTEX_POINT('',#4814);
#1779=VERTEX_POINT('',#4818);
#1780=VERTEX_POINT('',#4819);
#1781=VERTEX_POINT('',#4826);
#1782=VERTEX_POINT('',#4827);
#1783=VERTEX_POINT('',#4832);
#1784=VERTEX_POINT('',#4836);
#1785=VERTEX_POINT('',#4840);
#1786=VERTEX_POINT('',#4841);
#1787=VERTEX_POINT('',#4846);
#1788=VERTEX_POINT('',#4850);
#1789=VERTEX_POINT('',#4854);
#1790=VERTEX_POINT('',#4860);
#1791=VERTEX_POINT('',#4862);
#1792=VERTEX_POINT('',#4866);
#1793=VERTEX_POINT('',#4870);
#1794=VERTEX_POINT('',#4876);
#1795=VERTEX_POINT('',#4877);
#1796=VERTEX_POINT('',#4884);
#1797=VERTEX_POINT('',#4888);
#1798=VERTEX_POINT('',#4892);
#1799=VERTEX_POINT('',#4896);
#1800=VERTEX_POINT('',#4897);
#1801=VERTEX_POINT('',#4899);
#1802=VERTEX_POINT('',#4901);
#1803=VERTEX_POINT('',#4906);
#1804=VERTEX_POINT('',#4909);
#1805=VERTEX_POINT('',#4918);
#1806=VERTEX_POINT('',#4921);
#1807=VERTEX_POINT('',#4943);
#1808=VERTEX_POINT('',#4944);
#1809=VERTEX_POINT('',#4946);
#1810=VERTEX_POINT('',#4948);
#1811=VERTEX_POINT('',#4952);
#1812=VERTEX_POINT('',#4954);
#1813=VERTEX_POINT('',#4958);
#1814=VERTEX_POINT('',#4959);
#1815=VERTEX_POINT('',#4961);
#1816=VERTEX_POINT('',#4963);
#1817=VERTEX_POINT('',#4965);
#1818=VERTEX_POINT('',#4967);
#1819=VERTEX_POINT('',#4971);
#1820=VERTEX_POINT('',#4972);
#1821=VERTEX_POINT('',#4974);
#1822=VERTEX_POINT('',#4977);
#1823=VERTEX_POINT('',#4979);
#1824=VERTEX_POINT('',#4981);
#1825=VERTEX_POINT('',#4983);
#1826=VERTEX_POINT('',#4985);
#1827=VERTEX_POINT('',#4987);
#1828=VERTEX_POINT('',#4989);
#1829=VERTEX_POINT('',#4991);
#1830=VERTEX_POINT('',#4993);
#1831=VERTEX_POINT('',#4995);
#1832=VERTEX_POINT('',#4999);
#1833=VERTEX_POINT('',#5001);
#1834=VERTEX_POINT('',#5003);
#1835=VERTEX_POINT('',#5005);
#1836=VERTEX_POINT('',#5007);
#1837=VERTEX_POINT('',#5045);
#1838=VERTEX_POINT('',#5062);
#1839=VERTEX_POINT('',#5063);
#1840=VERTEX_POINT('',#5065);
#1841=VERTEX_POINT('',#5067);
#1842=VERTEX_POINT('',#5069);
#1843=VERTEX_POINT('',#5073);
#1844=VERTEX_POINT('',#5074);
#1845=VERTEX_POINT('',#5076);
#1846=VERTEX_POINT('',#5078);
#1847=VERTEX_POINT('',#5082);
#1848=VERTEX_POINT('',#5083);
#1849=VERTEX_POINT('',#5085);
#1850=VERTEX_POINT('',#5087);
#1851=VERTEX_POINT('',#5091);
#1852=VERTEX_POINT('',#5092);
#1853=VERTEX_POINT('',#5094);
#1854=VERTEX_POINT('',#5096);
#1855=VERTEX_POINT('',#5099);
#1856=VERTEX_POINT('',#5101);
#1857=VERTEX_POINT('',#5106);
#1858=VERTEX_POINT('',#5107);
#1859=VERTEX_POINT('',#5109);
#1860=VERTEX_POINT('',#5115);
#1861=VERTEX_POINT('',#5116);
#1862=VERTEX_POINT('',#5119);
#1863=VERTEX_POINT('',#5121);
#1864=VERTEX_POINT('',#5123);
#1865=VERTEX_POINT('',#5125);
#1866=VERTEX_POINT('',#5127);
#1867=VERTEX_POINT('',#5131);
#1868=VERTEX_POINT('',#5175);
#1869=VERTEX_POINT('',#5177);
#1870=LINE('',#4284,#2217);
#1871=LINE('',#4289,#2218);
#1872=LINE('',#4293,#2219);
#1873=LINE('',#4296,#2220);
#1874=LINE('',#4297,#2221);
#1875=LINE('',#4299,#2222);
#1876=LINE('',#4305,#2223);
#1877=LINE('',#4308,#2224);
#1878=LINE('',#4310,#2225);
#1879=LINE('',#4312,#2226);
#1880=LINE('',#4314,#2227);
#1881=LINE('',#4316,#2228);
#1882=LINE('',#4318,#2229);
#1883=LINE('',#4324,#2230);
#1884=LINE('',#4328,#2231);
#1885=LINE('',#4335,#2232);
#1886=LINE('',#4339,#2233);
#1887=LINE('',#4343,#2234);
#1888=LINE('',#4347,#2235);
#1889=LINE('',#4352,#2236);
#1890=LINE('',#4356,#2237);
#1891=LINE('',#4357,#2238);
#1892=LINE('',#4362,#2239);
#1893=LINE('',#4366,#2240);
#1894=LINE('',#4369,#2241);
#1895=LINE('',#4371,#2242);
#1896=LINE('',#4373,#2243);
#1897=LINE('',#4375,#2244);
#1898=LINE('',#4377,#2245);
#1899=LINE('',#4379,#2246);
#1900=LINE('',#4385,#2247);
#1901=LINE('',#4388,#2248);
#1902=LINE('',#4389,#2249);
#1903=LINE('',#4391,#2250);
#1904=LINE('',#4397,#2251);
#1905=LINE('',#4400,#2252);
#1906=LINE('',#4401,#2253);
#1907=LINE('',#4403,#2254);
#1908=LINE('',#4406,#2255);
#1909=LINE('',#4408,#2256);
#1910=LINE('',#4410,#2257);
#1911=LINE('',#4412,#2258);
#1912=LINE('',#4418,#2259);
#1913=LINE('',#4421,#2260);
#1914=LINE('',#4422,#2261);
#1915=LINE('',#4424,#2262);
#1916=LINE('',#4430,#2263);
#1917=LINE('',#4433,#2264);
#1918=LINE('',#4434,#2265);
#1919=LINE('',#4436,#2266);
#1920=LINE('',#4438,#2267);
#1921=LINE('',#4440,#2268);
#1922=LINE('',#4442,#2269);
#1923=LINE('',#4444,#2270);
#1924=LINE('',#4447,#2271);
#1925=LINE('',#4449,#2272);
#1926=LINE('',#4450,#2273);
#1927=LINE('',#4452,#2274);
#1928=LINE('',#4454,#2275);
#1929=LINE('',#4457,#2276);
#1930=LINE('',#4458,#2277);
#1931=LINE('',#4460,#2278);
#1932=LINE('',#4463,#2279);
#1933=LINE('',#4465,#2280);
#1934=LINE('',#4467,#2281);
#1935=LINE('',#4469,#2282);
#1936=LINE('',#4475,#2283);
#1937=LINE('',#4478,#2284);
#1938=LINE('',#4479,#2285);
#1939=LINE('',#4481,#2286);
#1940=LINE('',#4484,#2287);
#1941=LINE('',#4485,#2288);
#1942=LINE('',#4487,#2289);
#1943=LINE('',#4490,#2290);
#1944=LINE('',#4492,#2291);
#1945=LINE('',#4493,#2292);
#1946=LINE('',#4495,#2293);
#1947=LINE('',#4497,#2294);
#1948=LINE('',#4500,#2295);
#1949=LINE('',#4502,#2296);
#1950=LINE('',#4504,#2297);
#1951=LINE('',#4506,#2298);
#1952=LINE('',#4508,#2299);
#1953=LINE('',#4510,#2300);
#1954=LINE('',#4516,#2301);
#1955=LINE('',#4519,#2302);
#1956=LINE('',#4521,#2303);
#1957=LINE('',#4522,#2304);
#1958=LINE('',#4524,#2305);
#1959=LINE('',#4526,#2306);
#1960=LINE('',#4527,#2307);
#1961=LINE('',#4529,#2308);
#1962=LINE('',#4530,#2309);
#1963=LINE('',#4532,#2310);
#1964=LINE('',#4537,#2311);
#1965=LINE('',#4541,#2312);
#1966=LINE('',#4545,#2313);
#1967=LINE('',#4549,#2314);
#1968=LINE('',#4553,#2315);
#1969=LINE('',#4554,#2316);
#1970=LINE('',#4558,#2317);
#1971=LINE('',#4562,#2318);
#1972=LINE('',#4566,#2319);
#1973=LINE('',#4570,#2320);
#1974=LINE('',#4574,#2321);
#1975=LINE('',#4578,#2322);
#1976=LINE('',#4582,#2323);
#1977=LINE('',#4586,#2324);
#1978=LINE('',#4594,#2325);
#1979=LINE('',#4598,#2326);
#1980=LINE('',#4602,#2327);
#1981=LINE('',#4606,#2328);
#1982=LINE('',#4614,#2329);
#1983=LINE('',#4618,#2330);
#1984=LINE('',#4619,#2331);
#1985=LINE('',#4623,#2332);
#1986=LINE('',#4625,#2333);
#1987=LINE('',#4627,#2334);
#1988=LINE('',#4628,#2335);
#1989=LINE('',#4629,#2336);
#1990=LINE('',#4631,#2337);
#1991=LINE('',#4633,#2338);
#1992=LINE('',#4637,#2339);
#1993=LINE('',#4641,#2340);
#1994=LINE('',#4645,#2341);
#1995=LINE('',#4647,#2342);
#1996=LINE('',#4651,#2343);
#1997=LINE('',#4653,#2344);
#1998=LINE('',#4655,#2345);
#1999=LINE('',#4659,#2346);
#2000=LINE('',#4662,#2347);
#2001=LINE('',#4664,#2348);
#2002=LINE('',#4666,#2349);
#2003=LINE('',#4668,#2350);
#2004=LINE('',#4670,#2351);
#2005=LINE('',#4672,#2352);
#2006=LINE('',#4675,#2353);
#2007=LINE('',#4677,#2354);
#2008=LINE('',#4679,#2355);
#2009=LINE('',#4680,#2356);
#2010=LINE('',#4684,#2357);
#2011=LINE('',#4685,#2358);
#2012=LINE('',#4689,#2359);
#2013=LINE('',#4693,#2360);
#2014=LINE('',#4695,#2361);
#2015=LINE('',#4698,#2362);
#2016=LINE('',#4700,#2363);
#2017=LINE('',#4702,#2364);
#2018=LINE('',#4703,#2365);
#2019=LINE('',#4710,#2366);
#2020=LINE('',#4711,#2367);
#2021=LINE('',#4713,#2368);
#2022=LINE('',#4715,#2369);
#2023=LINE('',#4719,#2370);
#2024=LINE('',#4724,#2371);
#2025=LINE('',#4725,#2372);
#2026=LINE('',#4727,#2373);
#2027=LINE('',#4729,#2374);
#2028=LINE('',#4733,#2375);
#2029=LINE('',#4737,#2376);
#2030=LINE('',#4742,#2377);
#2031=LINE('',#4743,#2378);
#2032=LINE('',#4745,#2379);
#2033=LINE('',#4747,#2380);
#2034=LINE('',#4751,#2381);
#2035=LINE('',#4756,#2382);
#2036=LINE('',#4757,#2383);
#2037=LINE('',#4759,#2384);
#2038=LINE('',#4761,#2385);
#2039=LINE('',#4765,#2386);
#2040=LINE('',#4770,#2387);
#2041=LINE('',#4771,#2388);
#2042=LINE('',#4773,#2389);
#2043=LINE('',#4778,#2390);
#2044=LINE('',#4779,#2391);
#2045=LINE('',#4781,#2392);
#2046=LINE('',#4783,#2393);
#2047=LINE('',#4787,#2394);
#2048=LINE('',#4792,#2395);
#2049=LINE('',#4793,#2396);
#2050=LINE('',#4795,#2397);
#2051=LINE('',#4797,#2398);
#2052=LINE('',#4801,#2399);
#2053=LINE('',#4806,#2400);
#2054=LINE('',#4807,#2401);
#2055=LINE('',#4809,#2402);
#2056=LINE('',#4811,#2403);
#2057=LINE('',#4815,#2404);
#2058=LINE('',#4820,#2405);
#2059=LINE('',#4821,#2406);
#2060=LINE('',#4823,#2407);
#2061=LINE('',#4828,#2408);
#2062=LINE('',#4829,#2409);
#2063=LINE('',#4831,#2410);
#2064=LINE('',#4833,#2411);
#2065=LINE('',#4837,#2412);
#2066=LINE('',#4842,#2413);
#2067=LINE('',#4843,#2414);
#2068=LINE('',#4845,#2415);
#2069=LINE('',#4847,#2416);
#2070=LINE('',#4851,#2417);
#2071=LINE('',#4853,#2418);
#2072=LINE('',#4855,#2419);
#2073=LINE('',#4857,#2420);
#2074=LINE('',#4859,#2421);
#2075=LINE('',#4861,#2422);
#2076=LINE('',#4863,#2423);
#2077=LINE('',#4867,#2424);
#2078=LINE('',#4869,#2425);
#2079=LINE('',#4871,#2426);
#2080=LINE('',#4875,#2427);
#2081=LINE('',#4878,#2428);
#2082=LINE('',#4879,#2429);
#2083=LINE('',#4885,#2430);
#2084=LINE('',#4887,#2431);
#2085=LINE('',#4889,#2432);
#2086=LINE('',#4891,#2433);
#2087=LINE('',#4893,#2434);
#2088=LINE('',#4895,#2435);
#2089=LINE('',#4898,#2436);
#2090=LINE('',#4900,#2437);
#2091=LINE('',#4902,#2438);
#2092=LINE('',#4903,#2439);
#2093=LINE('',#4911,#2440);
#2094=LINE('',#4913,#2441);
#2095=LINE('',#4915,#2442);
#2096=LINE('',#4923,#2443);
#2097=LINE('',#4925,#2444);
#2098=LINE('',#4927,#2445);
#2099=LINE('',#4929,#2446);
#2100=LINE('',#4931,#2447);
#2101=LINE('',#4933,#2448);
#2102=LINE('',#4935,#2449);
#2103=LINE('',#4937,#2450);
#2104=LINE('',#4939,#2451);
#2105=LINE('',#4942,#2452);
#2106=LINE('',#4945,#2453);
#2107=LINE('',#4947,#2454);
#2108=LINE('',#4949,#2455);
#2109=LINE('',#4951,#2456);
#2110=LINE('',#4953,#2457);
#2111=LINE('',#4955,#2458);
#2112=LINE('',#4957,#2459);
#2113=LINE('',#4960,#2460);
#2114=LINE('',#4962,#2461);
#2115=LINE('',#4964,#2462);
#2116=LINE('',#4966,#2463);
#2117=LINE('',#4968,#2464);
#2118=LINE('',#4970,#2465);
#2119=LINE('',#4973,#2466);
#2120=LINE('',#4975,#2467);
#2121=LINE('',#4976,#2468);
#2122=LINE('',#4978,#2469);
#2123=LINE('',#4980,#2470);
#2124=LINE('',#4984,#2471);
#2125=LINE('',#4986,#2472);
#2126=LINE('',#4990,#2473);
#2127=LINE('',#4994,#2474);
#2128=LINE('',#4998,#2475);
#2129=LINE('',#5000,#2476);
#2130=LINE('',#5002,#2477);
#2131=LINE('',#5004,#2478);
#2132=LINE('',#5006,#2479);
#2133=LINE('',#5008,#2480);
#2134=LINE('',#5010,#2481);
#2135=LINE('',#5011,#2482);
#2136=LINE('',#5012,#2483);
#2137=LINE('',#5014,#2484);
#2138=LINE('',#5016,#2485);
#2139=LINE('',#5017,#2486);
#2140=LINE('',#5019,#2487);
#2141=LINE('',#5020,#2488);
#2142=LINE('',#5022,#2489);
#2143=LINE('',#5024,#2490);
#2144=LINE('',#5026,#2491);
#2145=LINE('',#5028,#2492);
#2146=LINE('',#5030,#2493);
#2147=LINE('',#5032,#2494);
#2148=LINE('',#5035,#2495);
#2149=LINE('',#5036,#2496);
#2150=LINE('',#5038,#2497);
#2151=LINE('',#5042,#2498);
#2152=LINE('',#5044,#2499);
#2153=LINE('',#5046,#2500);
#2154=LINE('',#5047,#2501);
#2155=LINE('',#5049,#2502);
#2156=LINE('',#5050,#2503);
#2157=LINE('',#5052,#2504);
#2158=LINE('',#5054,#2505);
#2159=LINE('',#5057,#2506);
#2160=LINE('',#5064,#2507);
#2161=LINE('',#5068,#2508);
#2162=LINE('',#5070,#2509);
#2163=LINE('',#5072,#2510);
#2164=LINE('',#5075,#2511);
#2165=LINE('',#5077,#2512);
#2166=LINE('',#5079,#2513);
#2167=LINE('',#5081,#2514);
#2168=LINE('',#5084,#2515);
#2169=LINE('',#5086,#2516);
#2170=LINE('',#5088,#2517);
#2171=LINE('',#5090,#2518);
#2172=LINE('',#5093,#2519);
#2173=LINE('',#5097,#2520);
#2174=LINE('',#5098,#2521);
#2175=LINE('',#5100,#2522);
#2176=LINE('',#5102,#2523);
#2177=LINE('',#5103,#2524);
#2178=LINE('',#5105,#2525);
#2179=LINE('',#5108,#2526);
#2180=LINE('',#5110,#2527);
#2181=LINE('',#5111,#2528);
#2182=LINE('',#5112,#2529);
#2183=LINE('',#5114,#2530);
#2184=LINE('',#5117,#2531);
#2185=LINE('',#5118,#2532);
#2186=LINE('',#5120,#2533);
#2187=LINE('',#5124,#2534);
#2188=LINE('',#5128,#2535);
#2189=LINE('',#5130,#2536);
#2190=LINE('',#5132,#2537);
#2191=LINE('',#5133,#2538);
#2192=LINE('',#5135,#2539);
#2193=LINE('',#5136,#2540);
#2194=LINE('',#5138,#2541);
#2195=LINE('',#5139,#2542);
#2196=LINE('',#5141,#2543);
#2197=LINE('',#5143,#2544);
#2198=LINE('',#5144,#2545);
#2199=LINE('',#5146,#2546);
#2200=LINE('',#5148,#2547);
#2201=LINE('',#5150,#2548);
#2202=LINE('',#5153,#2549);
#2203=LINE('',#5154,#2550);
#2204=LINE('',#5156,#2551);
#2205=LINE('',#5158,#2552);
#2206=LINE('',#5159,#2553);
#2207=LINE('',#5161,#2554);
#2208=LINE('',#5167,#2555);
#2209=LINE('',#5169,#2556);
#2210=LINE('',#5174,#2557);
#2211=LINE('',#5176,#2558);
#2212=LINE('',#5178,#2559);
#2213=LINE('',#5180,#2560);
#2214=LINE('',#5182,#2561);
#2215=LINE('',#5185,#2562);
#2216=LINE('',#5187,#2563);
#2217=VECTOR('',#3423,1.);
#2218=VECTOR('',#3426,1.);
#2219=VECTOR('',#3431,1.);
#2220=VECTOR('',#3432,1.);
#2221=VECTOR('',#3433,1.);
#2222=VECTOR('',#3436,1.);
#2223=VECTOR('',#3443,1.);
#2224=VECTOR('',#3444,1.);
#2225=VECTOR('',#3445,1.);
#2226=VECTOR('',#3446,1.);
#2227=VECTOR('',#3447,1.);
#2228=VECTOR('',#3448,1.);
#2229=VECTOR('',#3451,1.);
#2230=VECTOR('',#3456,1.);
#2231=VECTOR('',#3459,1.);
#2232=VECTOR('',#3466,1.);
#2233=VECTOR('',#3469,1.);
#2234=VECTOR('',#3472,1.);
#2235=VECTOR('',#3475,1.);
#2236=VECTOR('',#3480,1.);
#2237=VECTOR('',#3483,1.);
#2238=VECTOR('',#3484,1.);
#2239=VECTOR('',#3487,1.);
#2240=VECTOR('',#3492,1.);
#2241=VECTOR('',#3493,1.);
#2242=VECTOR('',#3494,1.);
#2243=VECTOR('',#3495,1.);
#2244=VECTOR('',#3496,1.);
#2245=VECTOR('',#3497,1.);
#2246=VECTOR('',#3500,1.);
#2247=VECTOR('',#3507,1.);
#2248=VECTOR('',#3508,1.);
#2249=VECTOR('',#3509,1.);
#2250=VECTOR('',#3512,1.);
#2251=VECTOR('',#3519,1.);
#2252=VECTOR('',#3520,1.);
#2253=VECTOR('',#3521,1.);
#2254=VECTOR('',#3524,1.);
#2255=VECTOR('',#3525,1.);
#2256=VECTOR('',#3526,1.);
#2257=VECTOR('',#3527,1.);
#2258=VECTOR('',#3530,1.);
#2259=VECTOR('',#3537,1.);
#2260=VECTOR('',#3538,1.);
#2261=VECTOR('',#3539,1.);
#2262=VECTOR('',#3542,1.);
#2263=VECTOR('',#3549,1.);
#2264=VECTOR('',#3550,1.);
#2265=VECTOR('',#3551,1.);
#2266=VECTOR('',#3552,1.);
#2267=VECTOR('',#3553,1.);
#2268=VECTOR('',#3554,1.);
#2269=VECTOR('',#3555,1.);
#2270=VECTOR('',#3558,1.);
#2271=VECTOR('',#3559,1.);
#2272=VECTOR('',#3560,1.);
#2273=VECTOR('',#3561,1.);
#2274=VECTOR('',#3562,1.);
#2275=VECTOR('',#3565,1.);
#2276=VECTOR('',#3566,1.);
#2277=VECTOR('',#3567,1.);
#2278=VECTOR('',#3570,1.);
#2279=VECTOR('',#3571,1.);
#2280=VECTOR('',#3572,1.);
#2281=VECTOR('',#3573,1.);
#2282=VECTOR('',#3576,1.);
#2283=VECTOR('',#3583,1.);
#2284=VECTOR('',#3584,1.);
#2285=VECTOR('',#3585,1.);
#2286=VECTOR('',#3588,1.);
#2287=VECTOR('',#3589,1.);
#2288=VECTOR('',#3590,1.);
#2289=VECTOR('',#3593,1.);
#2290=VECTOR('',#3594,1.);
#2291=VECTOR('',#3595,1.);
#2292=VECTOR('',#3596,1.);
#2293=VECTOR('',#3597,1.);
#2294=VECTOR('',#3600,1.);
#2295=VECTOR('',#3601,1.);
#2296=VECTOR('',#3602,1.);
#2297=VECTOR('',#3603,1.);
#2298=VECTOR('',#3604,1.);
#2299=VECTOR('',#3605,1.);
#2300=VECTOR('',#3608,1.);
#2301=VECTOR('',#3615,1.);
#2302=VECTOR('',#3616,1.);
#2303=VECTOR('',#3617,1.);
#2304=VECTOR('',#3618,1.);
#2305=VECTOR('',#3619,1.);
#2306=VECTOR('',#3622,1.);
#2307=VECTOR('',#3623,1.);
#2308=VECTOR('',#3626,1.);
#2309=VECTOR('',#3627,1.);
#2310=VECTOR('',#3628,1.);
#2311=VECTOR('',#3633,1.);
#2312=VECTOR('',#3636,1.);
#2313=VECTOR('',#3639,1.);
#2314=VECTOR('',#3642,1.);
#2315=VECTOR('',#3645,1.);
#2316=VECTOR('',#3646,1.);
#2317=VECTOR('',#3649,1.);
#2318=VECTOR('',#3652,1.);
#2319=VECTOR('',#3655,1.);
#2320=VECTOR('',#3658,1.);
#2321=VECTOR('',#3661,1.);
#2322=VECTOR('',#3664,1.);
#2323=VECTOR('',#3667,1.);
#2324=VECTOR('',#3670,1.);
#2325=VECTOR('',#3677,1.);
#2326=VECTOR('',#3680,1.);
#2327=VECTOR('',#3683,1.);
#2328=VECTOR('',#3686,1.);
#2329=VECTOR('',#3693,1.);
#2330=VECTOR('',#3696,1.);
#2331=VECTOR('',#3697,1.);
#2332=VECTOR('',#3700,1.);
#2333=VECTOR('',#3701,1.);
#2334=VECTOR('',#3702,1.);
#2335=VECTOR('',#3703,1.);
#2336=VECTOR('',#3704,1.);
#2337=VECTOR('',#3705,1.);
#2338=VECTOR('',#3706,1.);
#2339=VECTOR('',#3709,1.);
#2340=VECTOR('',#3712,1.);
#2341=VECTOR('',#3715,1.);
#2342=VECTOR('',#3716,1.);
#2343=VECTOR('',#3719,1.);
#2344=VECTOR('',#3720,1.);
#2345=VECTOR('',#3721,1.);
#2346=VECTOR('',#3724,1.);
#2347=VECTOR('',#3727,1.);
#2348=VECTOR('',#3728,1.);
#2349=VECTOR('',#3729,1.);
#2350=VECTOR('',#3730,1.);
#2351=VECTOR('',#3731,1.);
#2352=VECTOR('',#3732,1.);
#2353=VECTOR('',#3735,1.);
#2354=VECTOR('',#3736,1.);
#2355=VECTOR('',#3737,1.);
#2356=VECTOR('',#3738,1.);
#2357=VECTOR('',#3741,1.);
#2358=VECTOR('',#3742,1.);
#2359=VECTOR('',#3745,1.);
#2360=VECTOR('',#3748,1.);
#2361=VECTOR('',#3749,1.);
#2362=VECTOR('',#3752,1.);
#2363=VECTOR('',#3753,1.);
#2364=VECTOR('',#3754,1.);
#2365=VECTOR('',#3755,1.);
#2366=VECTOR('',#3762,1.);
#2367=VECTOR('',#3763,1.);
#2368=VECTOR('',#3766,1.);
#2369=VECTOR('',#3767,1.);
#2370=VECTOR('',#3772,1.);
#2371=VECTOR('',#3777,1.);
#2372=VECTOR('',#3778,1.);
#2373=VECTOR('',#3781,1.);
#2374=VECTOR('',#3782,1.);
#2375=VECTOR('',#3787,1.);
#2376=VECTOR('',#3792,1.);
#2377=VECTOR('',#3797,1.);
#2378=VECTOR('',#3798,1.);
#2379=VECTOR('',#3801,1.);
#2380=VECTOR('',#3802,1.);
#2381=VECTOR('',#3807,1.);
#2382=VECTOR('',#3812,1.);
#2383=VECTOR('',#3813,1.);
#2384=VECTOR('',#3816,1.);
#2385=VECTOR('',#3817,1.);
#2386=VECTOR('',#3822,1.);
#2387=VECTOR('',#3827,1.);
#2388=VECTOR('',#3828,1.);
#2389=VECTOR('',#3831,1.);
#2390=VECTOR('',#3836,1.);
#2391=VECTOR('',#3837,1.);
#2392=VECTOR('',#3840,1.);
#2393=VECTOR('',#3841,1.);
#2394=VECTOR('',#3846,1.);
#2395=VECTOR('',#3851,1.);
#2396=VECTOR('',#3852,1.);
#2397=VECTOR('',#3855,1.);
#2398=VECTOR('',#3856,1.);
#2399=VECTOR('',#3861,1.);
#2400=VECTOR('',#3866,1.);
#2401=VECTOR('',#3867,1.);
#2402=VECTOR('',#3870,1.);
#2403=VECTOR('',#3871,1.);
#2404=VECTOR('',#3876,1.);
#2405=VECTOR('',#3881,1.);
#2406=VECTOR('',#3882,1.);
#2407=VECTOR('',#3885,1.);
#2408=VECTOR('',#3890,1.);
#2409=VECTOR('',#3891,1.);
#2410=VECTOR('',#3894,1.);
#2411=VECTOR('',#3895,1.);
#2412=VECTOR('',#3900,1.);
#2413=VECTOR('',#3905,1.);
#2414=VECTOR('',#3906,1.);
#2415=VECTOR('',#3909,1.);
#2416=VECTOR('',#3910,1.);
#2417=VECTOR('',#3915,1.);
#2418=VECTOR('',#3918,1.);
#2419=VECTOR('',#3919,1.);
#2420=VECTOR('',#3922,1.);
#2421=VECTOR('',#3925,1.);
#2422=VECTOR('',#3926,1.);
#2423=VECTOR('',#3927,1.);
#2424=VECTOR('',#3932,1.);
#2425=VECTOR('',#3935,1.);
#2426=VECTOR('',#3936,1.);
#2427=VECTOR('',#3943,1.);
#2428=VECTOR('',#3944,1.);
#2429=VECTOR('',#3945,1.);
#2430=VECTOR('',#3954,1.);
#2431=VECTOR('',#3957,1.);
#2432=VECTOR('',#3958,1.);
#2433=VECTOR('',#3961,1.);
#2434=VECTOR('',#3962,1.);
#2435=VECTOR('',#3965,1.);
#2436=VECTOR('',#3966,1.);
#2437=VECTOR('',#3967,1.);
#2438=VECTOR('',#3968,1.);
#2439=VECTOR('',#3969,1.);
#2440=VECTOR('',#3980,1.);
#2441=VECTOR('',#3983,1.);
#2442=VECTOR('',#3986,1.);
#2443=VECTOR('',#3997,1.);
#2444=VECTOR('',#4000,1.);
#2445=VECTOR('',#4003,1.);
#2446=VECTOR('',#4006,1.);
#2447=VECTOR('',#4009,1.);
#2448=VECTOR('',#4012,1.);
#2449=VECTOR('',#4015,1.);
#2450=VECTOR('',#4018,1.);
#2451=VECTOR('',#4021,1.);
#2452=VECTOR('',#4026,1.);
#2453=VECTOR('',#4027,1.);
#2454=VECTOR('',#4028,1.);
#2455=VECTOR('',#4029,1.);
#2456=VECTOR('',#4032,1.);
#2457=VECTOR('',#4033,1.);
#2458=VECTOR('',#4034,1.);
#2459=VECTOR('',#4037,1.);
#2460=VECTOR('',#4038,1.);
#2461=VECTOR('',#4039,1.);
#2462=VECTOR('',#4040,1.);
#2463=VECTOR('',#4041,1.);
#2464=VECTOR('',#4042,1.);
#2465=VECTOR('',#4045,1.);
#2466=VECTOR('',#4046,1.);
#2467=VECTOR('',#4047,1.);
#2468=VECTOR('',#4048,1.);
#2469=VECTOR('',#4049,1.);
#2470=VECTOR('',#4050,1.);
#2471=VECTOR('',#4053,1.);
#2472=VECTOR('',#4054,1.);
#2473=VECTOR('',#4057,1.);
#2474=VECTOR('',#4060,1.);
#2475=VECTOR('',#4065,1.);
#2476=VECTOR('',#4066,1.);
#2477=VECTOR('',#4067,1.);
#2478=VECTOR('',#4068,1.);
#2479=VECTOR('',#4069,1.);
#2480=VECTOR('',#4070,1.);
#2481=VECTOR('',#4073,1.);
#2482=VECTOR('',#4074,1.);
#2483=VECTOR('',#4075,1.);
#2484=VECTOR('',#4078,1.);
#2485=VECTOR('',#4081,1.);
#2486=VECTOR('',#4082,1.);
#2487=VECTOR('',#4085,1.);
#2488=VECTOR('',#4086,1.);
#2489=VECTOR('',#4089,1.);
#2490=VECTOR('',#4092,1.);
#2491=VECTOR('',#4095,1.);
#2492=VECTOR('',#4098,1.);
#2493=VECTOR('',#4101,1.);
#2494=VECTOR('',#4104,1.);
#2495=VECTOR('',#4109,1.);
#2496=VECTOR('',#4110,1.);
#2497=VECTOR('',#4113,1.);
#2498=VECTOR('',#4120,1.);
#2499=VECTOR('',#4123,1.);
#2500=VECTOR('',#4124,1.);
#2501=VECTOR('',#4125,1.);
#2502=VECTOR('',#4128,1.);
#2503=VECTOR('',#4129,1.);
#2504=VECTOR('',#4132,1.);
#2505=VECTOR('',#4135,1.);
#2506=VECTOR('',#4140,1.);
#2507=VECTOR('',#4149,1.);
#2508=VECTOR('',#4152,1.);
#2509=VECTOR('',#4153,1.);
#2510=VECTOR('',#4156,1.);
#2511=VECTOR('',#4157,1.);
#2512=VECTOR('',#4158,1.);
#2513=VECTOR('',#4159,1.);
#2514=VECTOR('',#4162,1.);
#2515=VECTOR('',#4163,1.);
#2516=VECTOR('',#4164,1.);
#2517=VECTOR('',#4165,1.);
#2518=VECTOR('',#4168,1.);
#2519=VECTOR('',#4169,1.);
#2520=VECTOR('',#4172,1.);
#2521=VECTOR('',#4173,1.);
#2522=VECTOR('',#4174,1.);
#2523=VECTOR('',#4175,1.);
#2524=VECTOR('',#4176,1.);
#2525=VECTOR('',#4179,1.);
#2526=VECTOR('',#4180,1.);
#2527=VECTOR('',#4181,1.);
#2528=VECTOR('',#4182,1.);
#2529=VECTOR('',#4183,1.);
#2530=VECTOR('',#4186,1.);
#2531=VECTOR('',#4187,1.);
#2532=VECTOR('',#4188,1.);
#2533=VECTOR('',#4189,1.);
#2534=VECTOR('',#4192,1.);
#2535=VECTOR('',#4195,1.);
#2536=VECTOR('',#4198,1.);
#2537=VECTOR('',#4199,1.);
#2538=VECTOR('',#4200,1.);
#2539=VECTOR('',#4203,1.);
#2540=VECTOR('',#4204,1.);
#2541=VECTOR('',#4207,1.);
#2542=VECTOR('',#4208,1.);
#2543=VECTOR('',#4211,1.);
#2544=VECTOR('',#4214,1.);
#2545=VECTOR('',#4215,1.);
#2546=VECTOR('',#4218,1.);
#2547=VECTOR('',#4221,1.);
#2548=VECTOR('',#4224,1.);
#2549=VECTOR('',#4229,1.);
#2550=VECTOR('',#4230,1.);
#2551=VECTOR('',#4233,1.);
#2552=VECTOR('',#4236,1.);
#2553=VECTOR('',#4237,1.);
#2554=VECTOR('',#4240,1.);
#2555=VECTOR('',#4251,1.);
#2556=VECTOR('',#4254,1.);
#2557=VECTOR('',#4263,1.);
#2558=VECTOR('',#4264,1.);
#2559=VECTOR('',#4265,1.);
#2560=VECTOR('',#4268,1.);
#2561=VECTOR('',#4271,1.);
#2562=VECTOR('',#4276,1.);
#2563=VECTOR('',#4279,1.);
#2564=EDGE_LOOP('',(#221,#222,#223,#224));
#2565=EDGE_LOOP('',(#225,#226,#227,#228));
#2566=EDGE_LOOP('',(#229,#230,#231,#232));
#2567=EDGE_LOOP('',(#233,#234,#235,#236,#237,#238));
#2568=EDGE_LOOP('',(#239,#240,#241,#242,#243,#244,#245,#246));
#2569=EDGE_LOOP('',(#247,#248,#249,#250,#251,#252,#253,#254));
#2570=EDGE_LOOP('',(#255,#256,#257,#258));
#2571=EDGE_LOOP('',(#259,#260,#261,#262));
#2572=EDGE_LOOP('',(#263,#264,#265,#266,#267,#268));
#2573=EDGE_LOOP('',(#269,#270,#271,#272));
#2574=EDGE_LOOP('',(#273,#274,#275,#276));
#2575=EDGE_LOOP('',(#277,#278,#279,#280));
#2576=EDGE_LOOP('',(#281,#282,#283,#284));
#2577=EDGE_LOOP('',(#285,#286,#287,#288));
#2578=EDGE_LOOP('',(#289,#290,#291,#292));
#2579=EDGE_LOOP('',(#293,#294,#295,#296));
#2580=EDGE_LOOP('',(#297,#298,#299,#300));
#2581=EDGE_LOOP('',(#301,#302,#303,#304,#305,#306,#307,#308));
#2582=EDGE_LOOP('',(#309,#310,#311,#312,#313,#314));
#2583=EDGE_LOOP('',(#315,#316,#317,#318));
#2584=EDGE_LOOP('',(#319,#320,#321,#322));
#2585=EDGE_LOOP('',(#323,#324,#325,#326));
#2586=EDGE_LOOP('',(#327,#328,#329,#330));
#2587=EDGE_LOOP('',(#331,#332,#333,#334));
#2588=EDGE_LOOP('',(#335,#336,#337,#338,#339,#340));
#2589=EDGE_LOOP('',(#341,#342,#343,#344,#345,#346));
#2590=EDGE_LOOP('',(#347,#348,#349,#350));
#2591=EDGE_LOOP('',(#351,#352,#353,#354,#355,#356));
#2592=EDGE_LOOP('',(#357,#358,#359,#360));
#2593=EDGE_LOOP('',(#361,#362,#363,#364,#365));
#2594=EDGE_LOOP('',(#366,#367,#368,#369));
#2595=EDGE_LOOP('',(#370,#371,#372,#373));
#2596=EDGE_LOOP('',(#374,#375,#376,#377));
#2597=EDGE_LOOP('',(#378,#379,#380,#381));
#2598=EDGE_LOOP('',(#382,#383,#384,#385));
#2599=EDGE_LOOP('',(#386,#387,#388,#389));
#2600=EDGE_LOOP('',(#390,#391,#392,#393));
#2601=EDGE_LOOP('',(#394));
#2602=EDGE_LOOP('',(#395));
#2603=EDGE_LOOP('',(#396,#397,#398,#399));
#2604=EDGE_LOOP('',(#400,#401,#402,#403));
#2605=EDGE_LOOP('',(#404));
#2606=EDGE_LOOP('',(#405));
#2607=EDGE_LOOP('',(#406,#407,#408,#409));
#2608=EDGE_LOOP('',(#410,#411,#412,#413,#414,#415,#416,#417,#418,#419,#420,
#421,#422,#423,#424,#425,#426,#427,#428,#429,#430,#431,#432,#433,#434,#435,
#436,#437,#438,#439,#440,#441,#442,#443,#444,#445,#446,#447,#448,#449,#450,
#451,#452,#453,#454,#455,#456,#457,#458,#459,#460,#461,#462,#463,#464,#465,
#466,#467));
#2609=EDGE_LOOP('',(#468,#469,#470,#471));
#2610=EDGE_LOOP('',(#472,#473,#474,#475));
#2611=EDGE_LOOP('',(#476,#477,#478,#479));
#2612=EDGE_LOOP('',(#480,#481,#482,#483));
#2613=EDGE_LOOP('',(#484,#485,#486,#487));
#2614=EDGE_LOOP('',(#488,#489,#490,#491));
#2615=EDGE_LOOP('',(#492,#493,#494,#495));
#2616=EDGE_LOOP('',(#496,#497,#498,#499));
#2617=EDGE_LOOP('',(#500,#501,#502,#503));
#2618=EDGE_LOOP('',(#504,#505,#506,#507));
#2619=EDGE_LOOP('',(#508,#509,#510,#511));
#2620=EDGE_LOOP('',(#512,#513,#514,#515));
#2621=EDGE_LOOP('',(#516,#517,#518,#519));
#2622=EDGE_LOOP('',(#520,#521,#522,#523));
#2623=EDGE_LOOP('',(#524,#525,#526,#527));
#2624=EDGE_LOOP('',(#528,#529,#530,#531));
#2625=EDGE_LOOP('',(#532,#533,#534,#535));
#2626=EDGE_LOOP('',(#536,#537,#538,#539));
#2627=EDGE_LOOP('',(#540,#541,#542,#543));
#2628=EDGE_LOOP('',(#544,#545,#546,#547));
#2629=EDGE_LOOP('',(#548,#549,#550,#551));
#2630=EDGE_LOOP('',(#552,#553,#554,#555));
#2631=EDGE_LOOP('',(#556,#557,#558,#559));
#2632=EDGE_LOOP('',(#560,#561,#562,#563));
#2633=EDGE_LOOP('',(#564,#565,#566,#567));
#2634=EDGE_LOOP('',(#568,#569,#570,#571));
#2635=EDGE_LOOP('',(#572,#573,#574,#575));
#2636=EDGE_LOOP('',(#576,#577,#578,#579));
#2637=EDGE_LOOP('',(#580,#581,#582,#583));
#2638=EDGE_LOOP('',(#584,#585,#586,#587));
#2639=EDGE_LOOP('',(#588,#589,#590,#591));
#2640=EDGE_LOOP('',(#592,#593,#594,#595));
#2641=EDGE_LOOP('',(#596,#597,#598,#599));
#2642=EDGE_LOOP('',(#600,#601,#602,#603));
#2643=EDGE_LOOP('',(#604,#605,#606,#607));
#2644=EDGE_LOOP('',(#608,#609,#610,#611));
#2645=EDGE_LOOP('',(#612,#613,#614,#615));
#2646=EDGE_LOOP('',(#616,#617,#618,#619));
#2647=EDGE_LOOP('',(#620,#621,#622,#623));
#2648=EDGE_LOOP('',(#624,#625,#626,#627));
#2649=EDGE_LOOP('',(#628,#629,#630,#631));
#2650=EDGE_LOOP('',(#632,#633,#634,#635));
#2651=EDGE_LOOP('',(#636,#637,#638,#639));
#2652=EDGE_LOOP('',(#640,#641,#642,#643));
#2653=EDGE_LOOP('',(#644,#645,#646,#647));
#2654=EDGE_LOOP('',(#648));
#2655=EDGE_LOOP('',(#649));
#2656=EDGE_LOOP('',(#650));
#2657=EDGE_LOOP('',(#651));
#2658=EDGE_LOOP('',(#652,#653,#654,#655));
#2659=EDGE_LOOP('',(#656,#657,#658,#659));
#2660=EDGE_LOOP('',(#660,#661,#662,#663));
#2661=EDGE_LOOP('',(#664));
#2662=EDGE_LOOP('',(#665));
#2663=EDGE_LOOP('',(#666));
#2664=EDGE_LOOP('',(#667));
#2665=EDGE_LOOP('',(#668,#669,#670,#671));
#2666=EDGE_LOOP('',(#672,#673,#674,#675));
#2667=EDGE_LOOP('',(#676,#677,#678,#679));
#2668=EDGE_LOOP('',(#680,#681,#682,#683));
#2669=EDGE_LOOP('',(#684,#685,#686,#687));
#2670=EDGE_LOOP('',(#688,#689,#690,#691));
#2671=EDGE_LOOP('',(#692,#693,#694,#695));
#2672=EDGE_LOOP('',(#696,#697,#698,#699));
#2673=EDGE_LOOP('',(#700,#701,#702,#703));
#2674=EDGE_LOOP('',(#704,#705,#706,#707,#708,#709,#710,#711,#712,#713,#714,
#715,#716,#717,#718,#719,#720,#721,#722,#723,#724));
#2675=EDGE_LOOP('',(#725,#726,#727,#728));
#2676=EDGE_LOOP('',(#729,#730,#731,#732));
#2677=EDGE_LOOP('',(#733,#734,#735,#736));
#2678=EDGE_LOOP('',(#737,#738,#739,#740));
#2679=EDGE_LOOP('',(#741,#742,#743,#744));
#2680=EDGE_LOOP('',(#745,#746,#747,#748));
#2681=EDGE_LOOP('',(#749,#750,#751,#752));
#2682=EDGE_LOOP('',(#753,#754,#755,#756));
#2683=EDGE_LOOP('',(#757));
#2684=EDGE_LOOP('',(#758));
#2685=EDGE_LOOP('',(#759,#760,#761,#762));
#2686=EDGE_LOOP('',(#763,#764,#765,#766));
#2687=EDGE_LOOP('',(#767,#768,#769,#770));
#2688=EDGE_LOOP('',(#771));
#2689=EDGE_LOOP('',(#772));
#2690=EDGE_LOOP('',(#773,#774,#775,#776));
#2691=EDGE_LOOP('',(#777,#778,#779,#780));
#2692=EDGE_LOOP('',(#781,#782,#783,#784));
#2693=EDGE_LOOP('',(#785,#786,#787,#788,#789,#790));
#2694=EDGE_LOOP('',(#791,#792,#793,#794,#795,#796,#797,#798,#799,#800,#801,
#802,#803,#804,#805,#806));
#2695=EDGE_LOOP('',(#807,#808,#809,#810,#811,#812,#813));
#2696=EDGE_LOOP('',(#814,#815,#816,#817,#818,#819));
#2697=EDGE_LOOP('',(#820,#821,#822,#823));
#2698=EDGE_LOOP('',(#824,#825,#826,#827,#828,#829,#830,#831,#832));
#2699=EDGE_LOOP('',(#833,#834,#835,#836));
#2700=EDGE_LOOP('',(#837,#838,#839,#840));
#2701=EDGE_LOOP('',(#841,#842,#843,#844));
#2702=EDGE_LOOP('',(#845,#846,#847,#848));
#2703=EDGE_LOOP('',(#849,#850,#851,#852));
#2704=EDGE_LOOP('',(#853,#854,#855,#856));
#2705=EDGE_LOOP('',(#857,#858,#859,#860));
#2706=EDGE_LOOP('',(#861,#862,#863,#864));
#2707=EDGE_LOOP('',(#865,#866,#867,#868));
#2708=EDGE_LOOP('',(#869,#870,#871,#872,#873,#874));
#2709=EDGE_LOOP('',(#875,#876,#877,#878));
#2710=EDGE_LOOP('',(#879,#880,#881,#882,#883,#884,#885));
#2711=EDGE_LOOP('',(#886,#887,#888,#889,#890,#891,#892,#893,#894,#895,#896,
#897));
#2712=EDGE_LOOP('',(#898,#899,#900,#901,#902,#903));
#2713=EDGE_LOOP('',(#904,#905,#906,#907,#908,#909));
#2714=EDGE_LOOP('',(#910,#911,#912,#913));
#2715=EDGE_LOOP('',(#914,#915,#916,#917));
#2716=EDGE_LOOP('',(#918,#919,#920,#921));
#2717=EDGE_LOOP('',(#922,#923,#924,#925,#926));
#2718=EDGE_LOOP('',(#927,#928,#929,#930,#931,#932));
#2719=EDGE_LOOP('',(#933,#934,#935,#936,#937,#938,#939,#940));
#2720=EDGE_LOOP('',(#941,#942,#943,#944,#945));
#2721=EDGE_LOOP('',(#946,#947,#948,#949));
#2722=EDGE_LOOP('',(#950,#951,#952,#953));
#2723=EDGE_LOOP('',(#954,#955,#956,#957,#958,#959,#960,#961,#962,#963));
#2724=EDGE_LOOP('',(#964,#965,#966,#967,#968,#969,#970,#971));
#2725=EDGE_LOOP('',(#972,#973,#974,#975,#976,#977,#978,#979,#980,#981));
#2726=EDGE_LOOP('',(#982,#983,#984,#985,#986,#987,#988,#989));
#2727=EDGE_LOOP('',(#990,#991,#992,#993,#994,#995));
#2728=EDGE_LOOP('',(#996,#997,#998,#999));
#2729=EDGE_LOOP('',(#1000,#1001,#1002,#1003,#1004,#1005));
#2730=EDGE_LOOP('',(#1006,#1007,#1008,#1009,#1010,#1011,#1012,#1013));
#2731=EDGE_LOOP('',(#1014,#1015,#1016,#1017));
#2732=EDGE_LOOP('',(#1018,#1019,#1020,#1021));
#2733=EDGE_LOOP('',(#1022,#1023,#1024,#1025));
#2734=EDGE_LOOP('',(#1026,#1027,#1028,#1029));
#2735=EDGE_LOOP('',(#1030,#1031,#1032,#1033));
#2736=EDGE_LOOP('',(#1034,#1035,#1036,#1037,#1038,#1039));
#2737=EDGE_LOOP('',(#1040,#1041,#1042,#1043,#1044,#1045,#1046));
#2738=EDGE_LOOP('',(#1047,#1048,#1049,#1050));
#2739=EDGE_LOOP('',(#1051,#1052,#1053,#1054));
#2740=EDGE_LOOP('',(#1055,#1056,#1057,#1058,#1059,#1060,#1061,#1062,#1063,
#1064,#1065));
#2741=EDGE_LOOP('',(#1066,#1067,#1068,#1069,#1070,#1071,#1072));
#2742=EDGE_LOOP('',(#1073,#1074));
#2743=EDGE_LOOP('',(#1075,#1076,#1077));
#2744=EDGE_LOOP('',(#1078,#1079,#1080,#1081,#1082));
#2745=EDGE_LOOP('',(#1083,#1084,#1085,#1086,#1087,#1088));
#2746=EDGE_LOOP('',(#1089,#1090,#1091,#1092));
#2747=EDGE_LOOP('',(#1093,#1094,#1095,#1096));
#2748=EDGE_LOOP('',(#1097,#1098,#1099,#1100));
#2749=EDGE_LOOP('',(#1101,#1102,#1103));
#2750=EDGE_LOOP('',(#1104,#1105,#1106,#1107));
#2751=EDGE_LOOP('',(#1108,#1109,#1110));
#2752=EDGE_LOOP('',(#1111,#1112));
#2753=EDGE_LOOP('',(#1113,#1114));
#2754=EDGE_LOOP('',(#1115,#1116,#1117,#1118));
#2755=FACE_BOUND('',#2564,.T.);
#2756=FACE_BOUND('',#2565,.T.);
#2757=FACE_BOUND('',#2566,.T.);
#2758=FACE_BOUND('',#2567,.T.);
#2759=FACE_BOUND('',#2568,.T.);
#2760=FACE_BOUND('',#2569,.T.);
#2761=FACE_BOUND('',#2570,.T.);
#2762=FACE_BOUND('',#2571,.T.);
#2763=FACE_BOUND('',#2572,.T.);
#2764=FACE_BOUND('',#2573,.T.);
#2765=FACE_BOUND('',#2574,.T.);
#2766=FACE_BOUND('',#2575,.T.);
#2767=FACE_BOUND('',#2576,.T.);
#2768=FACE_BOUND('',#2577,.T.);
#2769=FACE_BOUND('',#2578,.T.);
#2770=FACE_BOUND('',#2579,.T.);
#2771=FACE_BOUND('',#2580,.T.);
#2772=FACE_BOUND('',#2581,.T.);
#2773=FACE_BOUND('',#2582,.T.);
#2774=FACE_BOUND('',#2583,.T.);
#2775=FACE_BOUND('',#2584,.T.);
#2776=FACE_BOUND('',#2585,.T.);
#2777=FACE_BOUND('',#2586,.T.);
#2778=FACE_BOUND('',#2587,.T.);
#2779=FACE_BOUND('',#2588,.T.);
#2780=FACE_BOUND('',#2589,.T.);
#2781=FACE_BOUND('',#2590,.T.);
#2782=FACE_BOUND('',#2591,.T.);
#2783=FACE_BOUND('',#2592,.T.);
#2784=FACE_BOUND('',#2593,.T.);
#2785=FACE_BOUND('',#2594,.T.);
#2786=FACE_BOUND('',#2595,.T.);
#2787=FACE_BOUND('',#2596,.T.);
#2788=FACE_BOUND('',#2597,.T.);
#2789=FACE_BOUND('',#2598,.T.);
#2790=FACE_BOUND('',#2599,.T.);
#2791=FACE_BOUND('',#2600,.T.);
#2792=FACE_BOUND('',#2601,.T.);
#2793=FACE_BOUND('',#2602,.T.);
#2794=FACE_BOUND('',#2603,.T.);
#2795=FACE_BOUND('',#2604,.T.);
#2796=FACE_BOUND('',#2605,.T.);
#2797=FACE_BOUND('',#2606,.T.);
#2798=FACE_BOUND('',#2607,.T.);
#2799=FACE_BOUND('',#2608,.T.);
#2800=FACE_BOUND('',#2609,.T.);
#2801=FACE_BOUND('',#2610,.T.);
#2802=FACE_BOUND('',#2611,.T.);
#2803=FACE_BOUND('',#2612,.T.);
#2804=FACE_BOUND('',#2613,.T.);
#2805=FACE_BOUND('',#2614,.T.);
#2806=FACE_BOUND('',#2615,.T.);
#2807=FACE_BOUND('',#2616,.T.);
#2808=FACE_BOUND('',#2617,.T.);
#2809=FACE_BOUND('',#2618,.T.);
#2810=FACE_BOUND('',#2619,.T.);
#2811=FACE_BOUND('',#2620,.T.);
#2812=FACE_BOUND('',#2621,.T.);
#2813=FACE_BOUND('',#2622,.T.);
#2814=FACE_BOUND('',#2623,.T.);
#2815=FACE_BOUND('',#2624,.T.);
#2816=FACE_BOUND('',#2625,.T.);
#2817=FACE_BOUND('',#2626,.T.);
#2818=FACE_BOUND('',#2627,.T.);
#2819=FACE_BOUND('',#2628,.T.);
#2820=FACE_BOUND('',#2629,.T.);
#2821=FACE_BOUND('',#2630,.T.);
#2822=FACE_BOUND('',#2631,.T.);
#2823=FACE_BOUND('',#2632,.T.);
#2824=FACE_BOUND('',#2633,.T.);
#2825=FACE_BOUND('',#2634,.T.);
#2826=FACE_BOUND('',#2635,.T.);
#2827=FACE_BOUND('',#2636,.T.);
#2828=FACE_BOUND('',#2637,.T.);
#2829=FACE_BOUND('',#2638,.T.);
#2830=FACE_BOUND('',#2639,.T.);
#2831=FACE_BOUND('',#2640,.T.);
#2832=FACE_BOUND('',#2641,.T.);
#2833=FACE_BOUND('',#2642,.T.);
#2834=FACE_BOUND('',#2643,.T.);
#2835=FACE_BOUND('',#2644,.T.);
#2836=FACE_BOUND('',#2645,.T.);
#2837=FACE_BOUND('',#2646,.T.);
#2838=FACE_BOUND('',#2647,.T.);
#2839=FACE_BOUND('',#2648,.T.);
#2840=FACE_BOUND('',#2649,.T.);
#2841=FACE_BOUND('',#2650,.T.);
#2842=FACE_BOUND('',#2651,.T.);
#2843=FACE_BOUND('',#2652,.T.);
#2844=FACE_BOUND('',#2653,.T.);
#2845=FACE_BOUND('',#2654,.T.);
#2846=FACE_BOUND('',#2655,.T.);
#2847=FACE_BOUND('',#2656,.T.);
#2848=FACE_BOUND('',#2657,.T.);
#2849=FACE_BOUND('',#2658,.T.);
#2850=FACE_BOUND('',#2659,.T.);
#2851=FACE_BOUND('',#2660,.T.);
#2852=FACE_BOUND('',#2661,.T.);
#2853=FACE_BOUND('',#2662,.T.);
#2854=FACE_BOUND('',#2663,.T.);
#2855=FACE_BOUND('',#2664,.T.);
#2856=FACE_BOUND('',#2665,.T.);
#2857=FACE_BOUND('',#2666,.T.);
#2858=FACE_BOUND('',#2667,.T.);
#2859=FACE_BOUND('',#2668,.T.);
#2860=FACE_BOUND('',#2669,.T.);
#2861=FACE_BOUND('',#2670,.T.);
#2862=FACE_BOUND('',#2671,.T.);
#2863=FACE_BOUND('',#2672,.T.);
#2864=FACE_BOUND('',#2673,.T.);
#2865=FACE_BOUND('',#2674,.T.);
#2866=FACE_BOUND('',#2675,.T.);
#2867=FACE_BOUND('',#2676,.T.);
#2868=FACE_BOUND('',#2677,.T.);
#2869=FACE_BOUND('',#2678,.T.);
#2870=FACE_BOUND('',#2679,.T.);
#2871=FACE_BOUND('',#2680,.T.);
#2872=FACE_BOUND('',#2681,.T.);
#2873=FACE_BOUND('',#2682,.T.);
#2874=FACE_BOUND('',#2683,.T.);
#2875=FACE_BOUND('',#2684,.T.);
#2876=FACE_BOUND('',#2685,.T.);
#2877=FACE_BOUND('',#2686,.T.);
#2878=FACE_BOUND('',#2687,.T.);
#2879=FACE_BOUND('',#2688,.T.);
#2880=FACE_BOUND('',#2689,.T.);
#2881=FACE_BOUND('',#2690,.T.);
#2882=FACE_BOUND('',#2691,.T.);
#2883=FACE_BOUND('',#2692,.T.);
#2884=FACE_BOUND('',#2693,.T.);
#2885=FACE_BOUND('',#2694,.T.);
#2886=FACE_BOUND('',#2695,.T.);
#2887=FACE_BOUND('',#2696,.T.);
#2888=FACE_BOUND('',#2697,.T.);
#2889=FACE_BOUND('',#2698,.T.);
#2890=FACE_BOUND('',#2699,.T.);
#2891=FACE_BOUND('',#2700,.T.);
#2892=FACE_BOUND('',#2701,.T.);
#2893=FACE_BOUND('',#2702,.T.);
#2894=FACE_BOUND('',#2703,.T.);
#2895=FACE_BOUND('',#2704,.T.);
#2896=FACE_BOUND('',#2705,.T.);
#2897=FACE_BOUND('',#2706,.T.);
#2898=FACE_BOUND('',#2707,.T.);
#2899=FACE_BOUND('',#2708,.T.);
#2900=FACE_BOUND('',#2709,.T.);
#2901=FACE_BOUND('',#2710,.T.);
#2902=FACE_BOUND('',#2711,.T.);
#2903=FACE_BOUND('',#2712,.T.);
#2904=FACE_BOUND('',#2713,.T.);
#2905=FACE_BOUND('',#2714,.T.);
#2906=FACE_BOUND('',#2715,.T.);
#2907=FACE_BOUND('',#2716,.T.);
#2908=FACE_BOUND('',#2717,.T.);
#2909=FACE_BOUND('',#2718,.T.);
#2910=FACE_BOUND('',#2719,.T.);
#2911=FACE_BOUND('',#2720,.T.);
#2912=FACE_BOUND('',#2721,.T.);
#2913=FACE_BOUND('',#2722,.T.);
#2914=FACE_BOUND('',#2723,.T.);
#2915=FACE_BOUND('',#2724,.T.);
#2916=FACE_BOUND('',#2725,.T.);
#2917=FACE_BOUND('',#2726,.T.);
#2918=FACE_BOUND('',#2727,.T.);
#2919=FACE_BOUND('',#2728,.T.);
#2920=FACE_BOUND('',#2729,.T.);
#2921=FACE_BOUND('',#2730,.T.);
#2922=FACE_BOUND('',#2731,.T.);
#2923=FACE_BOUND('',#2732,.T.);
#2924=FACE_BOUND('',#2733,.T.);
#2925=FACE_BOUND('',#2734,.T.);
#2926=FACE_BOUND('',#2735,.T.);
#2927=FACE_BOUND('',#2736,.T.);
#2928=FACE_BOUND('',#2737,.T.);
#2929=FACE_BOUND('',#2738,.T.);
#2930=FACE_BOUND('',#2739,.T.);
#2931=FACE_BOUND('',#2740,.T.);
#2932=FACE_BOUND('',#2741,.T.);
#2933=FACE_BOUND('',#2742,.T.);
#2934=FACE_BOUND('',#2743,.T.);
#2935=FACE_BOUND('',#2744,.T.);
#2936=FACE_BOUND('',#2745,.T.);
#2937=FACE_BOUND('',#2746,.T.);
#2938=FACE_BOUND('',#2747,.T.);
#2939=FACE_BOUND('',#2748,.T.);
#2940=FACE_BOUND('',#2749,.T.);
#2941=FACE_BOUND('',#2750,.T.);
#2942=FACE_BOUND('',#2751,.T.);
#2943=FACE_BOUND('',#2752,.T.);
#2944=FACE_BOUND('',#2753,.T.);
#2945=FACE_BOUND('',#2754,.T.);
#2946=CYLINDRICAL_SURFACE('',#3162,0.0003465);
#2947=CYLINDRICAL_SURFACE('',#3166,0.0003465);
#2948=CYLINDRICAL_SURFACE('',#3170,0.000404264668528875);
#2949=CYLINDRICAL_SURFACE('',#3175,0.000404264668528875);
#2950=CYLINDRICAL_SURFACE('',#3180,0.000404264668528875);
#2951=CYLINDRICAL_SURFACE('',#3186,7.334236534548E-5);
#2952=CYLINDRICAL_SURFACE('',#3190,4.4005306671353E-5);
#2953=CYLINDRICAL_SURFACE('',#3195,4.4005306671353E-5);
#2954=CYLINDRICAL_SURFACE('',#3199,7.334236534548E-5);
#2955=CYLINDRICAL_SURFACE('',#3206,7.33431003349391E-5);
#2956=CYLINDRICAL_SURFACE('',#3213,4.40066074795232E-5);
#2957=CYLINDRICAL_SURFACE('',#3256,0.0003465);
#2958=CYLINDRICAL_SURFACE('',#3259,0.0003465);
#2959=CYLINDRICAL_SURFACE('',#3261,0.0003465);
#2960=CYLINDRICAL_SURFACE('',#3264,0.0003465);
#2961=CYLINDRICAL_SURFACE('',#3266,0.000404264668528875);
#2962=CYLINDRICAL_SURFACE('',#3268,0.0003465);
#2963=CYLINDRICAL_SURFACE('',#3271,0.0003465);
#2964=CYLINDRICAL_SURFACE('',#3273,0.0003465);
#2965=CYLINDRICAL_SURFACE('',#3276,0.0003465);
#2966=CYLINDRICAL_SURFACE('',#3278,0.000404264668528875);
#2967=CYLINDRICAL_SURFACE('',#3281,0.000404264668528875);
#2968=CYLINDRICAL_SURFACE('',#3284,0.000404264668528875);
#2969=CYLINDRICAL_SURFACE('',#3286,0.0003465);
#2970=CYLINDRICAL_SURFACE('',#3289,0.0003465);
#2971=CYLINDRICAL_SURFACE('',#3291,0.0003465);
#2972=CYLINDRICAL_SURFACE('',#3294,0.0003465);
#2973=CYLINDRICAL_SURFACE('',#3296,0.000404264668528875);
#2974=CYLINDRICAL_SURFACE('',#3299,0.0003465);
#2975=CYLINDRICAL_SURFACE('',#3302,0.0003465);
#2976=CYLINDRICAL_SURFACE('',#3304,0.0003465);
#2977=CYLINDRICAL_SURFACE('',#3307,0.0003465);
#2978=CYLINDRICAL_SURFACE('',#3312,7.334236534548E-5);
#2979=CYLINDRICAL_SURFACE('',#3315,4.4005306671353E-5);
#2980=CYLINDRICAL_SURFACE('',#3318,7.334236534548E-5);
#2981=CYLINDRICAL_SURFACE('',#3320,7.33431003349391E-5);
#2982=CYLINDRICAL_SURFACE('',#3325,0.000404264668528875);
#2983=CYLINDRICAL_SURFACE('',#3327,0.000404264668528875);
#2984=CYLINDRICAL_SURFACE('',#3332,0.000404264668528875);
#2985=CYLINDRICAL_SURFACE('',#3334,0.000404264668528875);
#2986=CYLINDRICAL_SURFACE('',#3358,4.00034322154215E-5);
#2987=CYLINDRICAL_SURFACE('',#3360,4.00060067995665E-5);
#2988=CYLINDRICAL_SURFACE('',#3362,4.00030198616475E-5);
#2989=CYLINDRICAL_SURFACE('',#3365,4.00048242467055E-5);
#2990=CYLINDRICAL_SURFACE('',#3379,4.000447219566E-5);
#2991=CYLINDRICAL_SURFACE('',#3395,4.0004887702227E-5);
#2992=CYLINDRICAL_SURFACE('',#3397,4.00026903253635E-5);
#2993=CYLINDRICAL_SURFACE('',#3402,4.0005404422914E-5);
#2994=ADVANCED_FACE('',(#2755),#2946,.F.);
#2995=ADVANCED_FACE('',(#2756),#12,.T.);
#2996=ADVANCED_FACE('',(#2757),#2947,.F.);
#2997=ADVANCED_FACE('',(#2758),#13,.T.);
#2998=ADVANCED_FACE('',(#2759),#2948,.F.);
#2999=ADVANCED_FACE('',(#2760),#2949,.F.);
#3000=ADVANCED_FACE('',(#2761,#2762),#2950,.F.);
#3001=ADVANCED_FACE('',(#2763),#14,.T.);
#3002=ADVANCED_FACE('',(#2764),#2951,.F.);
#3003=ADVANCED_FACE('',(#2765),#15,.T.);
#3004=ADVANCED_FACE('',(#2766),#2952,.T.);
#3005=ADVANCED_FACE('',(#2767),#16,.T.);
#3006=ADVANCED_FACE('',(#2768),#17,.T.);
#3007=ADVANCED_FACE('',(#2769),#2953,.T.);
#3008=ADVANCED_FACE('',(#2770),#18,.T.);
#3009=ADVANCED_FACE('',(#2771),#2954,.F.);
#3010=ADVANCED_FACE('',(#2772),#19,.T.);
#3011=ADVANCED_FACE('',(#2773),#20,.T.);
#3012=ADVANCED_FACE('',(#2774),#21,.T.);
#3013=ADVANCED_FACE('',(#2775),#22,.T.);
#3014=ADVANCED_FACE('',(#2776),#2955,.F.);
#3015=ADVANCED_FACE('',(#2777),#23,.T.);
#3016=ADVANCED_FACE('',(#2778),#24,.T.);
#3017=ADVANCED_FACE('',(#2779),#25,.T.);
#3018=ADVANCED_FACE('',(#2780),#26,.T.);
#3019=ADVANCED_FACE('',(#2781),#2956,.T.);
#3020=ADVANCED_FACE('',(#2782),#27,.T.);
#3021=ADVANCED_FACE('',(#2783),#28,.T.);
#3022=ADVANCED_FACE('',(#2784),#29,.T.);
#3023=ADVANCED_FACE('',(#2785,#2786,#2787,#2788,#2789,#2790,#2791,#2792,
#2793,#2794,#2795,#2796,#2797,#2798,#2799),#30,.T.);
#3024=ADVANCED_FACE('',(#2800),#2957,.F.);
#3025=ADVANCED_FACE('',(#2801),#31,.T.);
#3026=ADVANCED_FACE('',(#2802),#2958,.F.);
#3027=ADVANCED_FACE('',(#2803),#2959,.F.);
#3028=ADVANCED_FACE('',(#2804),#32,.T.);
#3029=ADVANCED_FACE('',(#2805),#2960,.F.);
#3030=ADVANCED_FACE('',(#2806),#2961,.F.);
#3031=ADVANCED_FACE('',(#2807),#2962,.F.);
#3032=ADVANCED_FACE('',(#2808),#33,.T.);
#3033=ADVANCED_FACE('',(#2809),#2963,.F.);
#3034=ADVANCED_FACE('',(#2810),#2964,.F.);
#3035=ADVANCED_FACE('',(#2811),#34,.T.);
#3036=ADVANCED_FACE('',(#2812),#2965,.F.);
#3037=ADVANCED_FACE('',(#2813),#2966,.F.);
#3038=ADVANCED_FACE('',(#2814),#35,.T.);
#3039=ADVANCED_FACE('',(#2815),#2967,.F.);
#3040=ADVANCED_FACE('',(#2816),#36,.T.);
#3041=ADVANCED_FACE('',(#2817),#2968,.F.);
#3042=ADVANCED_FACE('',(#2818),#2969,.F.);
#3043=ADVANCED_FACE('',(#2819),#37,.T.);
#3044=ADVANCED_FACE('',(#2820),#2970,.F.);
#3045=ADVANCED_FACE('',(#2821),#2971,.F.);
#3046=ADVANCED_FACE('',(#2822),#38,.T.);
#3047=ADVANCED_FACE('',(#2823),#2972,.F.);
#3048=ADVANCED_FACE('',(#2824),#2973,.F.);
#3049=ADVANCED_FACE('',(#2825),#39,.T.);
#3050=ADVANCED_FACE('',(#2826),#2974,.F.);
#3051=ADVANCED_FACE('',(#2827),#40,.T.);
#3052=ADVANCED_FACE('',(#2828),#2975,.F.);
#3053=ADVANCED_FACE('',(#2829),#2976,.F.);
#3054=ADVANCED_FACE('',(#2830),#41,.T.);
#3055=ADVANCED_FACE('',(#2831),#2977,.F.);
#3056=ADVANCED_FACE('',(#2832),#42,.T.);
#3057=ADVANCED_FACE('',(#2833),#43,.T.);
#3058=ADVANCED_FACE('',(#2834),#44,.T.);
#3059=ADVANCED_FACE('',(#2835),#2978,.F.);
#3060=ADVANCED_FACE('',(#2836),#45,.T.);
#3061=ADVANCED_FACE('',(#2837),#2979,.T.);
#3062=ADVANCED_FACE('',(#2838),#46,.T.);
#3063=ADVANCED_FACE('',(#2839),#2980,.F.);
#3064=ADVANCED_FACE('',(#2840),#2981,.F.);
#3065=ADVANCED_FACE('',(#2841),#47,.T.);
#3066=ADVANCED_FACE('',(#2842),#48,.T.);
#3067=ADVANCED_FACE('',(#2843,#2844),#49,.T.);
#3068=ADVANCED_FACE('',(#2845,#2846),#2982,.F.);
#3069=ADVANCED_FACE('',(#2847,#2848),#2983,.F.);
#3070=ADVANCED_FACE('',(#2849),#50,.T.);
#3071=ADVANCED_FACE('',(#2850),#51,.T.);
#3072=ADVANCED_FACE('',(#2851),#52,.T.);
#3073=ADVANCED_FACE('',(#2852,#2853),#2984,.F.);
#3074=ADVANCED_FACE('',(#2854,#2855),#2985,.F.);
#3075=ADVANCED_FACE('',(#2856),#53,.T.);
#3076=ADVANCED_FACE('',(#2857),#54,.T.);
#3077=ADVANCED_FACE('',(#2858),#55,.T.);
#3078=ADVANCED_FACE('',(#2859),#56,.T.);
#3079=ADVANCED_FACE('',(#2860),#57,.T.);
#3080=ADVANCED_FACE('',(#2861),#58,.T.);
#3081=ADVANCED_FACE('',(#2862),#59,.T.);
#3082=ADVANCED_FACE('',(#2863),#60,.T.);
#3083=ADVANCED_FACE('',(#2864),#61,.T.);
#3084=ADVANCED_FACE('',(#2865,#2866,#2867,#2868,#2869,#2870,#2871,#2872,
#2873,#2874,#2875,#2876,#2877,#2878,#2879,#2880,#2881),#62,.F.);
#3085=ADVANCED_FACE('',(#2882),#63,.F.);
#3086=ADVANCED_FACE('',(#2883),#64,.F.);
#3087=ADVANCED_FACE('',(#2884),#65,.F.);
#3088=ADVANCED_FACE('',(#2885),#66,.T.);
#3089=ADVANCED_FACE('',(#2886),#67,.T.);
#3090=ADVANCED_FACE('',(#2887),#68,.T.);
#3091=ADVANCED_FACE('',(#2888),#69,.F.);
#3092=ADVANCED_FACE('',(#2889),#70,.F.);
#3093=ADVANCED_FACE('',(#2890),#2986,.F.);
#3094=ADVANCED_FACE('',(#2891),#71,.F.);
#3095=ADVANCED_FACE('',(#2892),#2987,.F.);
#3096=ADVANCED_FACE('',(#2893),#72,.F.);
#3097=ADVANCED_FACE('',(#2894),#2988,.F.);
#3098=ADVANCED_FACE('',(#2895),#73,.F.);
#3099=ADVANCED_FACE('',(#2896),#74,.F.);
#3100=ADVANCED_FACE('',(#2897),#2989,.F.);
#3101=ADVANCED_FACE('',(#2898),#75,.T.);
#3102=ADVANCED_FACE('',(#2899),#76,.F.);
#3103=ADVANCED_FACE('',(#2900),#77,.F.);
#3104=ADVANCED_FACE('',(#2901),#78,.F.);
#3105=ADVANCED_FACE('',(#2902),#79,.F.);
#3106=ADVANCED_FACE('',(#2903),#80,.T.);
#3107=ADVANCED_FACE('',(#2904),#81,.F.);
#3108=ADVANCED_FACE('',(#2905),#82,.F.);
#3109=ADVANCED_FACE('',(#2906),#83,.F.);
#3110=ADVANCED_FACE('',(#2907),#84,.F.);
#3111=ADVANCED_FACE('',(#2908),#85,.T.);
#3112=ADVANCED_FACE('',(#2909),#86,.F.);
#3113=ADVANCED_FACE('',(#2910),#87,.T.);
#3114=ADVANCED_FACE('',(#2911),#2990,.F.);
#3115=ADVANCED_FACE('',(#2912),#88,.F.);
#3116=ADVANCED_FACE('',(#2913),#89,.F.);
#3117=ADVANCED_FACE('',(#2914),#90,.T.);
#3118=ADVANCED_FACE('',(#2915),#91,.F.);
#3119=ADVANCED_FACE('',(#2916),#92,.T.);
#3120=ADVANCED_FACE('',(#2917),#93,.T.);
#3121=ADVANCED_FACE('',(#2918),#94,.F.);
#3122=ADVANCED_FACE('',(#2919),#95,.F.);
#3123=ADVANCED_FACE('',(#2920),#96,.F.);
#3124=ADVANCED_FACE('',(#2921),#97,.F.);
#3125=ADVANCED_FACE('',(#2922),#2991,.F.);
#3126=ADVANCED_FACE('',(#2923),#98,.F.);
#3127=ADVANCED_FACE('',(#2924),#2992,.F.);
#3128=ADVANCED_FACE('',(#2925),#99,.F.);
#3129=ADVANCED_FACE('',(#2926),#100,.F.);
#3130=ADVANCED_FACE('',(#2927),#101,.F.);
#3131=ADVANCED_FACE('',(#2928),#102,.F.);
#3132=ADVANCED_FACE('',(#2929),#2993,.F.);
#3133=ADVANCED_FACE('',(#2930),#103,.F.);
#3134=ADVANCED_FACE('',(#2931),#104,.F.);
#3135=ADVANCED_FACE('',(#2932),#105,.T.);
#3136=ADVANCED_FACE('',(#2933),#106,.F.);
#3137=ADVANCED_FACE('',(#2934),#107,.T.);
#3138=ADVANCED_FACE('',(#2935),#108,.F.);
#3139=ADVANCED_FACE('',(#2936),#109,.F.);
#3140=ADVANCED_FACE('',(#2937),#110,.F.);
#3141=ADVANCED_FACE('',(#2938),#111,.T.);
#3142=ADVANCED_FACE('',(#2939),#112,.T.);
#3143=ADVANCED_FACE('',(#2940),#113,.F.);
#3144=ADVANCED_FACE('',(#2941),#114,.F.);
#3145=ADVANCED_FACE('',(#2942),#115,.T.);
#3146=ADVANCED_FACE('',(#2943),#116,.T.);
#3147=ADVANCED_FACE('',(#2944),#117,.F.);
#3148=ADVANCED_FACE('',(#2945),#118,.F.);
#3149=CLOSED_SHELL('',(#2994,#2995,#2996,#2997,#2998,#2999,#3000,#3001,
#3002,#3003,#3004,#3005,#3006,#3007,#3008,#3009,#3010,#3011,#3012,#3013,
#3014,#3015,#3016,#3017,#3018,#3019,#3020,#3021,#3022,#3023,#3024,#3025,
#3026,#3027,#3028,#3029,#3030,#3031,#3032,#3033,#3034,#3035,#3036,#3037,
#3038,#3039,#3040,#3041,#3042,#3043,#3044,#3045,#3046,#3047,#3048,#3049,
#3050,#3051,#3052,#3053,#3054,#3055,#3056,#3057,#3058,#3059,#3060,#3061,
#3062,#3063,#3064,#3065,#3066,#3067,#3068,#3069,#3070,#3071,#3072,#3073,
#3074,#3075,#3076,#3077,#3078,#3079,#3080,#3081,#3082,#3083,#3084,#3085,
#3086,#3087,#3088,#3089,#3090,#3091,#3092,#3093,#3094,#3095,#3096,#3097,
#3098,#3099,#3100,#3101,#3102,#3103,#3104,#3105,#3106,#3107,#3108,#3109,
#3110,#3111,#3112,#3113,#3114,#3115,#3116,#3117,#3118,#3119,#3120,#3121,
#3122,#3123,#3124,#3125,#3126,#3127,#3128,#3129,#3130,#3131,#3132,#3133,
#3134,#3135,#3136,#3137,#3138,#3139,#3140,#3141,#3142,#3143,#3144,#3145,
#3146,#3147,#3148));
#3150=STYLED_ITEM('',(#3151),#3158);
#3151=PRESENTATION_STYLE_ASSIGNMENT((#3152));
#3152=SURFACE_STYLE_USAGE(.BOTH.,#3153);
#3153=SURFACE_SIDE_STYLE('',(#3154));
#3154=SURFACE_STYLE_FILL_AREA(#3155);
#3155=FILL_AREA_STYLE('',(#3156));
#3156=FILL_AREA_STYLE_COLOUR('',#3157);
#3157=COLOUR_RGB('',0.980392156862745,0.713725490196078,0.00392156862745098);
#3158=MANIFOLD_SOLID_BREP('Part 87',#3149);
#3159=SHAPE_DEFINITION_REPRESENTATION(#5195,#3160);
#3160=SHAPE_REPRESENTATION('Part 87',(#3161),#5190);
#3161=AXIS2_PLACEMENT_3D('',#4282,#3419,#3420);
#3162=AXIS2_PLACEMENT_3D('',#4283,#3421,#3422);
#3163=AXIS2_PLACEMENT_3D('',#4287,#3424,#3425);
#3164=AXIS2_PLACEMENT_3D('',#4291,#3427,#3428);
#3165=AXIS2_PLACEMENT_3D('',#4292,#3429,#3430);
#3166=AXIS2_PLACEMENT_3D('',#4298,#3434,#3435);
#3167=AXIS2_PLACEMENT_3D('',#4302,#3437,#3438);
#3168=AXIS2_PLACEMENT_3D('',#4303,#3439,#3440);
#3169=AXIS2_PLACEMENT_3D('',#4304,#3441,#3442);
#3170=AXIS2_PLACEMENT_3D('',#4317,#3449,#3450);
#3171=AXIS2_PLACEMENT_3D('',#4321,#3452,#3453);
#3172=AXIS2_PLACEMENT_3D('',#4322,#3454,#3455);
#3173=AXIS2_PLACEMENT_3D('',#4326,#3457,#3458);
#3174=AXIS2_PLACEMENT_3D('',#4330,#3460,#3461);
#3175=AXIS2_PLACEMENT_3D('',#4331,#3462,#3463);
#3176=AXIS2_PLACEMENT_3D('',#4332,#3464,#3465);
#3177=AXIS2_PLACEMENT_3D('',#4337,#3467,#3468);
#3178=AXIS2_PLACEMENT_3D('',#4341,#3470,#3471);
#3179=AXIS2_PLACEMENT_3D('',#4345,#3473,#3474);
#3180=AXIS2_PLACEMENT_3D('',#4348,#3476,#3477);
#3181=AXIS2_PLACEMENT_3D('',#4349,#3478,#3479);
#3182=AXIS2_PLACEMENT_3D('',#4354,#3481,#3482);
#3183=AXIS2_PLACEMENT_3D('',#4360,#3485,#3486);
#3184=AXIS2_PLACEMENT_3D('',#4364,#3488,#3489);
#3185=AXIS2_PLACEMENT_3D('',#4365,#3490,#3491);
#3186=AXIS2_PLACEMENT_3D('',#4378,#3498,#3499);
#3187=AXIS2_PLACEMENT_3D('',#4382,#3501,#3502);
#3188=AXIS2_PLACEMENT_3D('',#4383,#3503,#3504);
#3189=AXIS2_PLACEMENT_3D('',#4384,#3505,#3506);
#3190=AXIS2_PLACEMENT_3D('',#4390,#3510,#3511);
#3191=AXIS2_PLACEMENT_3D('',#4394,#3513,#3514);
#3192=AXIS2_PLACEMENT_3D('',#4395,#3515,#3516);
#3193=AXIS2_PLACEMENT_3D('',#4396,#3517,#3518);
#3194=AXIS2_PLACEMENT_3D('',#4402,#3522,#3523);
#3195=AXIS2_PLACEMENT_3D('',#4411,#3528,#3529);
#3196=AXIS2_PLACEMENT_3D('',#4415,#3531,#3532);
#3197=AXIS2_PLACEMENT_3D('',#4416,#3533,#3534);
#3198=AXIS2_PLACEMENT_3D('',#4417,#3535,#3536);
#3199=AXIS2_PLACEMENT_3D('',#4423,#3540,#3541);
#3200=AXIS2_PLACEMENT_3D('',#4427,#3543,#3544);
#3201=AXIS2_PLACEMENT_3D('',#4428,#3545,#3546);
#3202=AXIS2_PLACEMENT_3D('',#4429,#3547,#3548);
#3203=AXIS2_PLACEMENT_3D('',#4443,#3556,#3557);
#3204=AXIS2_PLACEMENT_3D('',#4453,#3563,#3564);
#3205=AXIS2_PLACEMENT_3D('',#4459,#3568,#3569);
#3206=AXIS2_PLACEMENT_3D('',#4468,#3574,#3575);
#3207=AXIS2_PLACEMENT_3D('',#4472,#3577,#3578);
#3208=AXIS2_PLACEMENT_3D('',#4473,#3579,#3580);
#3209=AXIS2_PLACEMENT_3D('',#4474,#3581,#3582);
#3210=AXIS2_PLACEMENT_3D('',#4480,#3586,#3587);
#3211=AXIS2_PLACEMENT_3D('',#4486,#3591,#3592);
#3212=AXIS2_PLACEMENT_3D('',#4496,#3598,#3599);
#3213=AXIS2_PLACEMENT_3D('',#4509,#3606,#3607);
#3214=AXIS2_PLACEMENT_3D('',#4513,#3609,#3610);
#3215=AXIS2_PLACEMENT_3D('',#4514,#3611,#3612);
#3216=AXIS2_PLACEMENT_3D('',#4515,#3613,#3614);
#3217=AXIS2_PLACEMENT_3D('',#4525,#3620,#3621);
#3218=AXIS2_PLACEMENT_3D('',#4528,#3624,#3625);
#3219=AXIS2_PLACEMENT_3D('',#4533,#3629,#3630);
#3220=AXIS2_PLACEMENT_3D('',#4534,#3631,#3632);
#3221=AXIS2_PLACEMENT_3D('',#4539,#3634,#3635);
#3222=AXIS2_PLACEMENT_3D('',#4542,#3637,#3638);
#3223=AXIS2_PLACEMENT_3D('',#4547,#3640,#3641);
#3224=AXIS2_PLACEMENT_3D('',#4550,#3643,#3644);
#3225=AXIS2_PLACEMENT_3D('',#4555,#3647,#3648);
#3226=AXIS2_PLACEMENT_3D('',#4560,#3650,#3651);
#3227=AXIS2_PLACEMENT_3D('',#4563,#3653,#3654);
#3228=AXIS2_PLACEMENT_3D('',#4568,#3656,#3657);
#3229=AXIS2_PLACEMENT_3D('',#4571,#3659,#3660);
#3230=AXIS2_PLACEMENT_3D('',#4576,#3662,#3663);
#3231=AXIS2_PLACEMENT_3D('',#4579,#3665,#3666);
#3232=AXIS2_PLACEMENT_3D('',#4584,#3668,#3669);
#3233=AXIS2_PLACEMENT_3D('',#4587,#3671,#3672);
#3234=AXIS2_PLACEMENT_3D('',#4589,#3673,#3674);
#3235=AXIS2_PLACEMENT_3D('',#4591,#3675,#3676);
#3236=AXIS2_PLACEMENT_3D('',#4596,#3678,#3679);
#3237=AXIS2_PLACEMENT_3D('',#4599,#3681,#3682);
#3238=AXIS2_PLACEMENT_3D('',#4604,#3684,#3685);
#3239=AXIS2_PLACEMENT_3D('',#4607,#3687,#3688);
#3240=AXIS2_PLACEMENT_3D('',#4609,#3689,#3690);
#3241=AXIS2_PLACEMENT_3D('',#4611,#3691,#3692);
#3242=AXIS2_PLACEMENT_3D('',#4616,#3694,#3695);
#3243=AXIS2_PLACEMENT_3D('',#4621,#3698,#3699);
#3244=AXIS2_PLACEMENT_3D('',#4635,#3707,#3708);
#3245=AXIS2_PLACEMENT_3D('',#4639,#3710,#3711);
#3246=AXIS2_PLACEMENT_3D('',#4643,#3713,#3714);
#3247=AXIS2_PLACEMENT_3D('',#4649,#3717,#3718);
#3248=AXIS2_PLACEMENT_3D('',#4657,#3722,#3723);
#3249=AXIS2_PLACEMENT_3D('',#4661,#3725,#3726);
#3250=AXIS2_PLACEMENT_3D('',#4674,#3733,#3734);
#3251=AXIS2_PLACEMENT_3D('',#4682,#3739,#3740);
#3252=AXIS2_PLACEMENT_3D('',#4687,#3743,#3744);
#3253=AXIS2_PLACEMENT_3D('',#4691,#3746,#3747);
#3254=AXIS2_PLACEMENT_3D('',#4696,#3750,#3751);
#3255=AXIS2_PLACEMENT_3D('',#4705,#3756,#3757);
#3256=AXIS2_PLACEMENT_3D('',#4706,#3758,#3759);
#3257=AXIS2_PLACEMENT_3D('',#4707,#3760,#3761);
#3258=AXIS2_PLACEMENT_3D('',#4712,#3764,#3765);
#3259=AXIS2_PLACEMENT_3D('',#4716,#3768,#3769);
#3260=AXIS2_PLACEMENT_3D('',#4717,#3770,#3771);
#3261=AXIS2_PLACEMENT_3D('',#4720,#3773,#3774);
#3262=AXIS2_PLACEMENT_3D('',#4721,#3775,#3776);
#3263=AXIS2_PLACEMENT_3D('',#4726,#3779,#3780);
#3264=AXIS2_PLACEMENT_3D('',#4730,#3783,#3784);
#3265=AXIS2_PLACEMENT_3D('',#4731,#3785,#3786);
#3266=AXIS2_PLACEMENT_3D('',#4734,#3788,#3789);
#3267=AXIS2_PLACEMENT_3D('',#4735,#3790,#3791);
#3268=AXIS2_PLACEMENT_3D('',#4738,#3793,#3794);
#3269=AXIS2_PLACEMENT_3D('',#4739,#3795,#3796);
#3270=AXIS2_PLACEMENT_3D('',#4744,#3799,#3800);
#3271=AXIS2_PLACEMENT_3D('',#4748,#3803,#3804);
#3272=AXIS2_PLACEMENT_3D('',#4749,#3805,#3806);
#3273=AXIS2_PLACEMENT_3D('',#4752,#3808,#3809);
#3274=AXIS2_PLACEMENT_3D('',#4753,#3810,#3811);
#3275=AXIS2_PLACEMENT_3D('',#4758,#3814,#3815);
#3276=AXIS2_PLACEMENT_3D('',#4762,#3818,#3819);
#3277=AXIS2_PLACEMENT_3D('',#4763,#3820,#3821);
#3278=AXIS2_PLACEMENT_3D('',#4766,#3823,#3824);
#3279=AXIS2_PLACEMENT_3D('',#4767,#3825,#3826);
#3280=AXIS2_PLACEMENT_3D('',#4772,#3829,#3830);
#3281=AXIS2_PLACEMENT_3D('',#4774,#3832,#3833);
#3282=AXIS2_PLACEMENT_3D('',#4775,#3834,#3835);
#3283=AXIS2_PLACEMENT_3D('',#4780,#3838,#3839);
#3284=AXIS2_PLACEMENT_3D('',#4784,#3842,#3843);
#3285=AXIS2_PLACEMENT_3D('',#4785,#3844,#3845);
#3286=AXIS2_PLACEMENT_3D('',#4788,#3847,#3848);
#3287=AXIS2_PLACEMENT_3D('',#4789,#3849,#3850);
#3288=AXIS2_PLACEMENT_3D('',#4794,#3853,#3854);
#3289=AXIS2_PLACEMENT_3D('',#4798,#3857,#3858);
#3290=AXIS2_PLACEMENT_3D('',#4799,#3859,#3860);
#3291=AXIS2_PLACEMENT_3D('',#4802,#3862,#3863);
#3292=AXIS2_PLACEMENT_3D('',#4803,#3864,#3865);
#3293=AXIS2_PLACEMENT_3D('',#4808,#3868,#3869);
#3294=AXIS2_PLACEMENT_3D('',#4812,#3872,#3873);
#3295=AXIS2_PLACEMENT_3D('',#4813,#3874,#3875);
#3296=AXIS2_PLACEMENT_3D('',#4816,#3877,#3878);
#3297=AXIS2_PLACEMENT_3D('',#4817,#3879,#3880);
#3298=AXIS2_PLACEMENT_3D('',#4822,#3883,#3884);
#3299=AXIS2_PLACEMENT_3D('',#4824,#3886,#3887);
#3300=AXIS2_PLACEMENT_3D('',#4825,#3888,#3889);
#3301=AXIS2_PLACEMENT_3D('',#4830,#3892,#3893);
#3302=AXIS2_PLACEMENT_3D('',#4834,#3896,#3897);
#3303=AXIS2_PLACEMENT_3D('',#4835,#3898,#3899);
#3304=AXIS2_PLACEMENT_3D('',#4838,#3901,#3902);
#3305=AXIS2_PLACEMENT_3D('',#4839,#3903,#3904);
#3306=AXIS2_PLACEMENT_3D('',#4844,#3907,#3908);
#3307=AXIS2_PLACEMENT_3D('',#4848,#3911,#3912);
#3308=AXIS2_PLACEMENT_3D('',#4849,#3913,#3914);
#3309=AXIS2_PLACEMENT_3D('',#4852,#3916,#3917);
#3310=AXIS2_PLACEMENT_3D('',#4856,#3920,#3921);
#3311=AXIS2_PLACEMENT_3D('',#4858,#3923,#3924);
#3312=AXIS2_PLACEMENT_3D('',#4864,#3928,#3929);
#3313=AXIS2_PLACEMENT_3D('',#4865,#3930,#3931);
#3314=AXIS2_PLACEMENT_3D('',#4868,#3933,#3934);
#3315=AXIS2_PLACEMENT_3D('',#4872,#3937,#3938);
#3316=AXIS2_PLACEMENT_3D('',#4873,#3939,#3940);
#3317=AXIS2_PLACEMENT_3D('',#4874,#3941,#3942);
#3318=AXIS2_PLACEMENT_3D('',#4880,#3946,#3947);
#3319=AXIS2_PLACEMENT_3D('',#4881,#3948,#3949);
#3320=AXIS2_PLACEMENT_3D('',#4882,#3950,#3951);
#3321=AXIS2_PLACEMENT_3D('',#4883,#3952,#3953);
#3322=AXIS2_PLACEMENT_3D('',#4886,#3955,#3956);
#3323=AXIS2_PLACEMENT_3D('',#4890,#3959,#3960);
#3324=AXIS2_PLACEMENT_3D('',#4894,#3963,#3964);
#3325=AXIS2_PLACEMENT_3D('',#4904,#3970,#3971);
#3326=AXIS2_PLACEMENT_3D('',#4905,#3972,#3973);
#3327=AXIS2_PLACEMENT_3D('',#4907,#3974,#3975);
#3328=AXIS2_PLACEMENT_3D('',#4908,#3976,#3977);
#3329=AXIS2_PLACEMENT_3D('',#4910,#3978,#3979);
#3330=AXIS2_PLACEMENT_3D('',#4912,#3981,#3982);
#3331=AXIS2_PLACEMENT_3D('',#4914,#3984,#3985);
#3332=AXIS2_PLACEMENT_3D('',#4916,#3987,#3988);
#3333=AXIS2_PLACEMENT_3D('',#4917,#3989,#3990);
#3334=AXIS2_PLACEMENT_3D('',#4919,#3991,#3992);
#3335=AXIS2_PLACEMENT_3D('',#4920,#3993,#3994);
#3336=AXIS2_PLACEMENT_3D('',#4922,#3995,#3996);
#3337=AXIS2_PLACEMENT_3D('',#4924,#3998,#3999);
#3338=AXIS2_PLACEMENT_3D('',#4926,#4001,#4002);
#3339=AXIS2_PLACEMENT_3D('',#4928,#4004,#4005);
#3340=AXIS2_PLACEMENT_3D('',#4930,#4007,#4008);
#3341=AXIS2_PLACEMENT_3D('',#4932,#4010,#4011);
#3342=AXIS2_PLACEMENT_3D('',#4934,#4013,#4014);
#3343=AXIS2_PLACEMENT_3D('',#4936,#4016,#4017);
#3344=AXIS2_PLACEMENT_3D('',#4938,#4019,#4020);
#3345=AXIS2_PLACEMENT_3D('',#4940,#4022,#4023);
#3346=AXIS2_PLACEMENT_3D('',#4941,#4024,#4025);
#3347=AXIS2_PLACEMENT_3D('',#4950,#4030,#4031);
#3348=AXIS2_PLACEMENT_3D('',#4956,#4035,#4036);
#3349=AXIS2_PLACEMENT_3D('',#4969,#4043,#4044);
#3350=AXIS2_PLACEMENT_3D('',#4982,#4051,#4052);
#3351=AXIS2_PLACEMENT_3D('',#4988,#4055,#4056);
#3352=AXIS2_PLACEMENT_3D('',#4992,#4058,#4059);
#3353=AXIS2_PLACEMENT_3D('',#4996,#4061,#4062);
#3354=AXIS2_PLACEMENT_3D('',#4997,#4063,#4064);
#3355=AXIS2_PLACEMENT_3D('',#5009,#4071,#4072);
#3356=AXIS2_PLACEMENT_3D('',#5013,#4076,#4077);
#3357=AXIS2_PLACEMENT_3D('',#5015,#4079,#4080);
#3358=AXIS2_PLACEMENT_3D('',#5018,#4083,#4084);
#3359=AXIS2_PLACEMENT_3D('',#5021,#4087,#4088);
#3360=AXIS2_PLACEMENT_3D('',#5023,#4090,#4091);
#3361=AXIS2_PLACEMENT_3D('',#5025,#4093,#4094);
#3362=AXIS2_PLACEMENT_3D('',#5027,#4096,#4097);
#3363=AXIS2_PLACEMENT_3D('',#5029,#4099,#4100);
#3364=AXIS2_PLACEMENT_3D('',#5031,#4102,#4103);
#3365=AXIS2_PLACEMENT_3D('',#5033,#4105,#4106);
#3366=AXIS2_PLACEMENT_3D('',#5034,#4107,#4108);
#3367=AXIS2_PLACEMENT_3D('',#5037,#4111,#4112);
#3368=AXIS2_PLACEMENT_3D('',#5039,#4114,#4115);
#3369=AXIS2_PLACEMENT_3D('',#5040,#4116,#4117);
#3370=AXIS2_PLACEMENT_3D('',#5041,#4118,#4119);
#3371=AXIS2_PLACEMENT_3D('',#5043,#4121,#4122);
#3372=AXIS2_PLACEMENT_3D('',#5048,#4126,#4127);
#3373=AXIS2_PLACEMENT_3D('',#5051,#4130,#4131);
#3374=AXIS2_PLACEMENT_3D('',#5053,#4133,#4134);
#3375=AXIS2_PLACEMENT_3D('',#5055,#4136,#4137);
#3376=AXIS2_PLACEMENT_3D('',#5056,#4138,#4139);
#3377=AXIS2_PLACEMENT_3D('',#5058,#4141,#4142);
#3378=AXIS2_PLACEMENT_3D('',#5059,#4143,#4144);
#3379=AXIS2_PLACEMENT_3D('',#5060,#4145,#4146);
#3380=AXIS2_PLACEMENT_3D('',#5061,#4147,#4148);
#3381=AXIS2_PLACEMENT_3D('',#5066,#4150,#4151);
#3382=AXIS2_PLACEMENT_3D('',#5071,#4154,#4155);
#3383=AXIS2_PLACEMENT_3D('',#5080,#4160,#4161);
#3384=AXIS2_PLACEMENT_3D('',#5089,#4166,#4167);
#3385=AXIS2_PLACEMENT_3D('',#5095,#4170,#4171);
#3386=AXIS2_PLACEMENT_3D('',#5104,#4177,#4178);
#3387=AXIS2_PLACEMENT_3D('',#5113,#4184,#4185);
#3388=AXIS2_PLACEMENT_3D('',#5122,#4190,#4191);
#3389=AXIS2_PLACEMENT_3D('',#5126,#4193,#4194);
#3390=AXIS2_PLACEMENT_3D('',#5129,#4196,#4197);
#3391=AXIS2_PLACEMENT_3D('',#5134,#4201,#4202);
#3392=AXIS2_PLACEMENT_3D('',#5137,#4205,#4206);
#3393=AXIS2_PLACEMENT_3D('',#5140,#4209,#4210);
#3394=AXIS2_PLACEMENT_3D('',#5142,#4212,#4213);
#3395=AXIS2_PLACEMENT_3D('',#5145,#4216,#4217);
#3396=AXIS2_PLACEMENT_3D('',#5147,#4219,#4220);
#3397=AXIS2_PLACEMENT_3D('',#5149,#4222,#4223);
#3398=AXIS2_PLACEMENT_3D('',#5151,#4225,#4226);
#3399=AXIS2_PLACEMENT_3D('',#5152,#4227,#4228);
#3400=AXIS2_PLACEMENT_3D('',#5155,#4231,#4232);
#3401=AXIS2_PLACEMENT_3D('',#5157,#4234,#4235);
#3402=AXIS2_PLACEMENT_3D('',#5160,#4238,#4239);
#3403=AXIS2_PLACEMENT_3D('',#5162,#4241,#4242);
#3404=AXIS2_PLACEMENT_3D('',#5163,#4243,#4244);
#3405=AXIS2_PLACEMENT_3D('',#5164,#4245,#4246);
#3406=AXIS2_PLACEMENT_3D('',#5165,#4247,#4248);
#3407=AXIS2_PLACEMENT_3D('',#5166,#4249,#4250);
#3408=AXIS2_PLACEMENT_3D('',#5168,#4252,#4253);
#3409=AXIS2_PLACEMENT_3D('',#5170,#4255,#4256);
#3410=AXIS2_PLACEMENT_3D('',#5171,#4257,#4258);
#3411=AXIS2_PLACEMENT_3D('',#5172,#4259,#4260);
#3412=AXIS2_PLACEMENT_3D('',#5173,#4261,#4262);
#3413=AXIS2_PLACEMENT_3D('',#5179,#4266,#4267);
#3414=AXIS2_PLACEMENT_3D('',#5181,#4269,#4270);
#3415=AXIS2_PLACEMENT_3D('',#5183,#4272,#4273);
#3416=AXIS2_PLACEMENT_3D('',#5184,#4274,#4275);
#3417=AXIS2_PLACEMENT_3D('',#5186,#4277,#4278);
#3418=AXIS2_PLACEMENT_3D('',#5188,#4280,#4281);
#3419=DIRECTION('',(0.,0.,1.));
#3420=DIRECTION('',(1.,0.,0.));
#3421=DIRECTION('',(0.,0.,-1.));
#3422=DIRECTION('',(-1.,0.,0.));
#3423=DIRECTION('',(0.,0.,-1.));
#3424=DIRECTION('',(0.,0.,1.));
#3425=DIRECTION('',(1.,0.,0.));
#3426=DIRECTION('',(0.,0.,-1.));
#3427=DIRECTION('',(0.,0.,-1.));
#3428=DIRECTION('',(-1.,0.,0.));
#3429=DIRECTION('',(0.,1.,0.));
#3430=DIRECTION('',(0.,0.,1.));
#3431=DIRECTION('',(0.,0.,-1.));
#3432=DIRECTION('',(1.,0.,0.));
#3433=DIRECTION('',(1.,0.,0.));
#3434=DIRECTION('',(0.,0.,-1.));
#3435=DIRECTION('',(-1.,0.,0.));
#3436=DIRECTION('',(0.,0.,-1.));
#3437=DIRECTION('',(0.,0.,1.));
#3438=DIRECTION('',(1.,0.,0.));
#3439=DIRECTION('',(0.,0.,-1.));
#3440=DIRECTION('',(-1.,0.,0.));
#3441=DIRECTION('',(-1.,7.895030694101E-15,0.));
#3442=DIRECTION('',(-7.895030694101E-15,-1.,0.));
#3443=DIRECTION('',(7.895030694101E-15,1.,0.));
#3444=DIRECTION('',(0.,0.,1.));
#3445=DIRECTION('',(7.895030694101E-15,1.,0.));
#3446=DIRECTION('',(0.,0.,-1.));
#3447=DIRECTION('',(7.895030694101E-15,1.,0.));
#3448=DIRECTION('',(0.,0.,-1.));
#3449=DIRECTION('',(0.,0.,-1.));
#3450=DIRECTION('',(-1.,0.,0.));
#3451=DIRECTION('',(0.,0.,-1.));
#3452=DIRECTION('',(0.,0.,1.));
#3453=DIRECTION('',(1.,0.,0.));
#3454=DIRECTION('',(0.,0.,1.));
#3455=DIRECTION('',(-1.,-1.110223024625E-16,0.));
#3456=DIRECTION('',(0.,0.,-1.));
#3457=DIRECTION('',(0.,0.,1.));
#3458=DIRECTION('',(-1.,-1.110223024625E-16,0.));
#3459=DIRECTION('',(0.,0.,-1.));
#3460=DIRECTION('',(0.,0.,1.));
#3461=DIRECTION('',(1.,0.,0.));
#3462=DIRECTION('',(0.,0.,-1.));
#3463=DIRECTION('',(-1.,0.,0.));
#3464=DIRECTION('',(0.,0.,1.));
#3465=DIRECTION('',(-1.110223024625E-16,1.,0.));
#3466=DIRECTION('',(0.,0.,-1.));
#3467=DIRECTION('',(0.,0.,1.));
#3468=DIRECTION('',(1.,0.,0.));
#3469=DIRECTION('',(0.,0.,-1.));
#3470=DIRECTION('',(0.,0.,1.));
#3471=DIRECTION('',(-1.110223024625E-16,1.,0.));
#3472=DIRECTION('',(0.,0.,-1.));
#3473=DIRECTION('',(0.,0.,1.));
#3474=DIRECTION('',(-1.110223024625E-16,1.,0.));
#3475=DIRECTION('',(0.,0.,-1.));
#3476=DIRECTION('',(0.,0.,-1.));
#3477=DIRECTION('',(-1.,0.,0.));
#3478=DIRECTION('',(0.,0.,1.));
#3479=DIRECTION('',(-1.,-1.110223024625E-16,0.));
#3480=DIRECTION('',(0.,0.,-1.));
#3481=DIRECTION('',(0.,0.,1.));
#3482=DIRECTION('',(-1.,-1.110223024625E-16,0.));
#3483=DIRECTION('',(0.,0.,-1.));
#3484=DIRECTION('',(0.,0.,-1.));
#3485=DIRECTION('',(0.,0.,1.));
#3486=DIRECTION('',(1.,0.,0.));
#3487=DIRECTION('',(0.,0.,-1.));
#3488=DIRECTION('',(0.,0.,1.));
#3489=DIRECTION('',(1.,0.,0.));
#3490=DIRECTION('',(-0.999999714663089,0.000755429506953757,0.));
#3491=DIRECTION('',(-0.000755429506953757,-0.999999714663089,0.));
#3492=DIRECTION('',(0.000755429506953757,0.999999714663089,0.));
#3493=DIRECTION('',(0.,0.,1.));
#3494=DIRECTION('',(0.000755429506953757,0.999999714663089,0.));
#3495=DIRECTION('',(0.,0.,-1.));
#3496=DIRECTION('',(0.000755429506953757,0.999999714663089,0.));
#3497=DIRECTION('',(0.,0.,-1.));
#3498=DIRECTION('',(0.,0.,-1.));
#3499=DIRECTION('',(-1.,0.,0.));
#3500=DIRECTION('',(0.,0.,-1.));
#3501=DIRECTION('',(0.,0.,1.));
#3502=DIRECTION('',(1.,0.,0.));
#3503=DIRECTION('',(0.,0.,1.));
#3504=DIRECTION('',(0.707098595483668,-0.707114966794668,0.));
#3505=DIRECTION('',(-0.707106781186548,0.707106781186548,0.));
#3506=DIRECTION('',(-0.707106781186548,-0.707106781186548,0.));
#3507=DIRECTION('',(0.,0.,-1.));
#3508=DIRECTION('',(0.707106781186548,0.707106781186548,0.));
#3509=DIRECTION('',(0.707106781186548,0.707106781186548,0.));
#3510=DIRECTION('',(0.,0.,-1.));
#3511=DIRECTION('',(-1.,0.,0.));
#3512=DIRECTION('',(0.,0.,-1.));
#3513=DIRECTION('',(0.,0.,1.));
#3514=DIRECTION('',(1.,0.,0.));
#3515=DIRECTION('',(0.,0.,-1.));
#3516=DIRECTION('',(-0.999999999932995,1.15762651507999E-5,0.));
#3517=DIRECTION('',(-1.,0.,0.));
#3518=DIRECTION('',(0.,0.,1.));
#3519=DIRECTION('',(0.,0.,-1.));
#3520=DIRECTION('',(0.,1.,0.));
#3521=DIRECTION('',(0.,1.,0.));
#3522=DIRECTION('',(-1.,0.,0.));
#3523=DIRECTION('',(0.,0.,1.));
#3524=DIRECTION('',(0.,1.,0.));
#3525=DIRECTION('',(0.,0.,1.));
#3526=DIRECTION('',(0.,1.,0.));
#3527=DIRECTION('',(0.,0.,-1.));
#3528=DIRECTION('',(0.,0.,-1.));
#3529=DIRECTION('',(-1.,0.,0.));
#3530=DIRECTION('',(0.,0.,-1.));
#3531=DIRECTION('',(0.,0.,1.));
#3532=DIRECTION('',(1.,0.,0.));
#3533=DIRECTION('',(0.,0.,-1.));
#3534=DIRECTION('',(-0.707098595483668,-0.707114966794668,0.));
#3535=DIRECTION('',(-0.707106781186548,-0.707106781186548,0.));
#3536=DIRECTION('',(0.707106781186548,-0.707106781186548,0.));
#3537=DIRECTION('',(0.,0.,-1.));
#3538=DIRECTION('',(-0.707106781186548,0.707106781186548,0.));
#3539=DIRECTION('',(-0.707106781186548,0.707106781186548,0.));
#3540=DIRECTION('',(0.,0.,-1.));
#3541=DIRECTION('',(-1.,0.,0.));
#3542=DIRECTION('',(0.,0.,-1.));
#3543=DIRECTION('',(0.,0.,1.));
#3544=DIRECTION('',(1.,0.,0.));
#3545=DIRECTION('',(0.,0.,1.));
#3546=DIRECTION('',(0.999999999932995,1.15762647495799E-5,0.));
#3547=DIRECTION('',(-0.999999099282275,-0.00134217533811075,0.));
#3548=DIRECTION('',(0.00134217533811075,-0.999999099282275,0.));
#3549=DIRECTION('',(0.,0.,-1.));
#3550=DIRECTION('',(-0.00134217533811075,0.999999099282275,0.));
#3551=DIRECTION('',(-0.00134217533811075,0.999999099282275,0.));
#3552=DIRECTION('',(0.,0.,-1.));
#3553=DIRECTION('',(-0.00134217533811075,0.999999099282275,0.));
#3554=DIRECTION('',(0.,0.,-1.));
#3555=DIRECTION('',(-0.00134217533811075,0.999999099282275,0.));
#3556=DIRECTION('',(-0.567216799977592,-0.823568516775125,0.));
#3557=DIRECTION('',(0.823568516775126,-0.567216799977592,0.));
#3558=DIRECTION('',(-0.823568516775126,0.567216799977592,0.));
#3559=DIRECTION('',(0.,0.,1.));
#3560=DIRECTION('',(-0.823568516775125,0.567216799977592,0.));
#3561=DIRECTION('',(-0.823568516775125,0.567216799977592,0.));
#3562=DIRECTION('',(0.,0.,-1.));
#3563=DIRECTION('',(1.097123523661E-12,-1.,0.));
#3564=DIRECTION('',(1.,1.097123523661E-12,0.));
#3565=DIRECTION('',(0.,0.,-1.));
#3566=DIRECTION('',(-1.,-1.097123523661E-12,0.));
#3567=DIRECTION('',(-1.,-1.097123523661E-12,0.));
#3568=DIRECTION('',(1.097123523661E-12,-1.,0.));
#3569=DIRECTION('',(1.,1.097123523661E-12,0.));
#3570=DIRECTION('',(-1.,-1.097123523661E-12,0.));
#3571=DIRECTION('',(0.,0.,-1.));
#3572=DIRECTION('',(-1.,-1.097123523661E-12,0.));
#3573=DIRECTION('',(0.,0.,-1.));
#3574=DIRECTION('',(0.,0.,-1.));
#3575=DIRECTION('',(-1.,0.,0.));
#3576=DIRECTION('',(0.,0.,-1.));
#3577=DIRECTION('',(0.,0.,1.));
#3578=DIRECTION('',(1.,0.,0.));
#3579=DIRECTION('',(0.,0.,1.));
#3580=DIRECTION('',(0.745234409074888,0.666802576127899,0.));
#3581=DIRECTION('',(-0.742989914659483,-0.669302612212365,0.));
#3582=DIRECTION('',(0.669302612212365,-0.742989914659483,0.));
#3583=DIRECTION('',(0.,0.,-1.));
#3584=DIRECTION('',(-0.669302612212365,0.742989914659483,0.));
#3585=DIRECTION('',(-0.669302612212365,0.742989914659483,0.));
#3586=DIRECTION('',(0.000431074747129304,-0.999999907087277,0.));
#3587=DIRECTION('',(0.999999907087277,0.000431074747129304,0.));
#3588=DIRECTION('',(0.,0.,-1.));
#3589=DIRECTION('',(-0.999999907087277,-0.000431074747129304,0.));
#3590=DIRECTION('',(-0.999999907087277,-0.000431074747129304,0.));
#3591=DIRECTION('',(0.568228860766359,-0.822870561991475,0.));
#3592=DIRECTION('',(0.822870561991475,0.568228860766359,0.));
#3593=DIRECTION('',(-0.822870561991475,-0.568228860766359,0.));
#3594=DIRECTION('',(0.,0.,-1.));
#3595=DIRECTION('',(-0.822870561991475,-0.568228860766359,0.));
#3596=DIRECTION('',(-0.822870561991475,-0.568228860766359,0.));
#3597=DIRECTION('',(0.,0.,-1.));
#3598=DIRECTION('',(0.513145018127278,0.858301922618816,0.));
#3599=DIRECTION('',(-0.858301922618816,0.513145018127278,0.));
#3600=DIRECTION('',(0.858301922618816,-0.513145018127278,0.));
#3601=DIRECTION('',(0.,0.,1.));
#3602=DIRECTION('',(0.858301922618816,-0.513145018127278,0.));
#3603=DIRECTION('',(0.,0.,-1.));
#3604=DIRECTION('',(0.858301922618816,-0.513145018127278,0.));
#3605=DIRECTION('',(0.,0.,-1.));
#3606=DIRECTION('',(0.,0.,-1.));
#3607=DIRECTION('',(-1.,0.,0.));
#3608=DIRECTION('',(0.,0.,-1.));
#3609=DIRECTION('',(0.,0.,1.));
#3610=DIRECTION('',(1.,0.,0.));
#3611=DIRECTION('',(0.,0.,-1.));
#3612=DIRECTION('',(-5.18803236625012E-5,0.999999998654216,0.));
#3613=DIRECTION('',(-1.823804042326E-13,1.,0.));
#3614=DIRECTION('',(-1.,-1.823804042326E-13,0.));
#3615=DIRECTION('',(1.,1.823804042326E-13,0.));
#3616=DIRECTION('',(0.,0.,-1.));
#3617=DIRECTION('',(1.,1.823804042326E-13,0.));
#3618=DIRECTION('',(1.,1.823804042326E-13,0.));
#3619=DIRECTION('',(0.,0.,-1.));
#3620=DIRECTION('',(0.,-1.,0.));
#3621=DIRECTION('',(0.,0.,-1.));
#3622=DIRECTION('',(-1.,0.,0.));
#3623=DIRECTION('',(-1.,0.,0.));
#3624=DIRECTION('',(0.,0.,1.));
#3625=DIRECTION('',(1.,0.,0.));
#3626=DIRECTION('',(0.798426594581135,0.602092163265369,0.));
#3627=DIRECTION('',(0.771774213926484,0.635896660408087,0.));
#3628=DIRECTION('',(0.707106779876048,0.707106782497048,0.));
#3629=DIRECTION('',(0.,0.,1.));
#3630=DIRECTION('',(1.,0.,0.));
#3631=DIRECTION('',(0.,0.,-1.));
#3632=DIRECTION('',(-1.,0.,0.));
#3633=DIRECTION('',(1.,0.,0.));
#3634=DIRECTION('',(0.,0.,-1.));
#3635=DIRECTION('',(-1.,0.,0.));
#3636=DIRECTION('',(-1.,0.,0.));
#3637=DIRECTION('',(0.,0.,1.));
#3638=DIRECTION('',(1.110223024625E-16,-1.,0.));
#3639=DIRECTION('',(1.,0.,0.));
#3640=DIRECTION('',(0.,0.,1.));
#3641=DIRECTION('',(-1.110223024625E-16,1.,0.));
#3642=DIRECTION('',(-1.,0.,0.));
#3643=DIRECTION('',(0.,0.,1.));
#3644=DIRECTION('',(1.,1.110223024625E-16,0.));
#3645=DIRECTION('',(7.895030694101E-15,1.,0.));
#3646=DIRECTION('',(0.,-1.,0.));
#3647=DIRECTION('',(0.,0.,-1.));
#3648=DIRECTION('',(-1.,0.,0.));
#3649=DIRECTION('',(0.,1.,0.));
#3650=DIRECTION('',(0.,0.,-1.));
#3651=DIRECTION('',(-1.,0.,0.));
#3652=DIRECTION('',(0.,-1.,0.));
#3653=DIRECTION('',(0.,0.,-1.));
#3654=DIRECTION('',(-1.,0.,0.));
#3655=DIRECTION('',(0.,1.,0.));
#3656=DIRECTION('',(0.,0.,-1.));
#3657=DIRECTION('',(-1.,0.,0.));
#3658=DIRECTION('',(0.,-1.,0.));
#3659=DIRECTION('',(0.,0.,1.));
#3660=DIRECTION('',(1.110223024625E-16,-1.,0.));
#3661=DIRECTION('',(1.,0.,0.));
#3662=DIRECTION('',(0.,0.,1.));
#3663=DIRECTION('',(-1.110223024625E-16,1.,0.));
#3664=DIRECTION('',(-1.,0.,0.));
#3665=DIRECTION('',(0.,0.,1.));
#3666=DIRECTION('',(1.,1.110223024625E-16,0.));
#3667=DIRECTION('',(0.,1.,0.));
#3668=DIRECTION('',(0.,0.,1.));
#3669=DIRECTION('',(-1.,-1.110223024625E-16,0.));
#3670=DIRECTION('',(0.,-1.,0.));
#3671=DIRECTION('',(0.,0.,1.));
#3672=DIRECTION('',(1.,1.110223024625E-16,0.));
#3673=DIRECTION('',(0.,0.,1.));
#3674=DIRECTION('',(1.,1.110223024625E-16,0.));
#3675=DIRECTION('',(0.,0.,1.));
#3676=DIRECTION('',(1.,1.110223024625E-16,0.));
#3677=DIRECTION('',(0.,1.,0.));
#3678=DIRECTION('',(0.,0.,1.));
#3679=DIRECTION('',(-1.,-1.110223024625E-16,0.));
#3680=DIRECTION('',(0.,-1.,0.));
#3681=DIRECTION('',(0.,0.,1.));
#3682=DIRECTION('',(1.110223024625E-16,-1.,0.));
#3683=DIRECTION('',(1.,0.,0.));
#3684=DIRECTION('',(0.,0.,1.));
#3685=DIRECTION('',(-1.110223024625E-16,1.,0.));
#3686=DIRECTION('',(-1.,0.,0.));
#3687=DIRECTION('',(0.,0.,1.));
#3688=DIRECTION('',(1.,1.110223024625E-16,0.));
#3689=DIRECTION('',(0.,0.,1.));
#3690=DIRECTION('',(1.,1.110223024625E-16,0.));
#3691=DIRECTION('',(0.,0.,-1.));
#3692=DIRECTION('',(-1.,0.,0.));
#3693=DIRECTION('',(1.,0.,0.));
#3694=DIRECTION('',(0.,0.,-1.));
#3695=DIRECTION('',(-1.,0.,0.));
#3696=DIRECTION('',(-1.,0.,0.));
#3697=DIRECTION('',(0.823196970034838,0.567755888146888,0.));
#3698=DIRECTION('',(0.,0.,1.));
#3699=DIRECTION('',(1.,0.,0.));
#3700=DIRECTION('',(-4.316169373565E-15,1.,0.));
#3701=DIRECTION('',(1.,0.,0.));
#3702=DIRECTION('',(0.,-1.,0.));
#3703=DIRECTION('',(4.316169373565E-15,-1.,0.));
#3704=DIRECTION('',(0.,-1.,0.));
#3705=DIRECTION('',(1.,0.,0.));
#3706=DIRECTION('',(-4.316169373565E-15,1.,0.));
#3707=DIRECTION('',(0.,0.,1.));
#3708=DIRECTION('',(1.,0.,0.));
#3709=DIRECTION('',(-0.858875786425923,0.512183935213954,0.));
#3710=DIRECTION('',(0.,0.,1.));
#3711=DIRECTION('',(1.,0.,0.));
#3712=DIRECTION('',(-1.,-1.823804042326E-13,0.));
#3713=DIRECTION('',(0.,0.,1.));
#3714=DIRECTION('',(1.,0.,0.));
#3715=DIRECTION('',(-0.770945400606974,-0.636901239818979,0.));
#3716=DIRECTION('',(-0.707106779876048,-0.707106782497048,0.));
#3717=DIRECTION('',(0.,0.,1.));
#3718=DIRECTION('',(1.,0.,0.));
#3719=DIRECTION('',(0.,1.,0.));
#3720=DIRECTION('',(1.,0.,0.));
#3721=DIRECTION('',(0.000755429506953757,0.999999714663089,0.));
#3722=DIRECTION('',(0.,0.,1.));
#3723=DIRECTION('',(0.707098595483668,-0.707114966794668,0.));
#3724=DIRECTION('',(0.707106781186548,0.707106781186548,0.));
#3725=DIRECTION('',(0.,0.,-1.));
#3726=DIRECTION('',(-0.999999999932995,1.15762651507999E-5,0.));
#3727=DIRECTION('',(1.,0.,0.));
#3728=DIRECTION('',(-0.883886840221037,-0.467700816424423,0.));
#3729=DIRECTION('',(0.707109509731905,-0.707104052630661,0.));
#3730=DIRECTION('',(0.705513747282585,-0.708696234218361,0.));
#3731=DIRECTION('',(1.,0.,0.));
#3732=DIRECTION('',(-0.707106781186548,0.707106781186548,0.));
#3733=DIRECTION('',(0.,0.,1.));
#3734=DIRECTION('',(0.999999999932995,1.15762647495799E-5,0.));
#3735=DIRECTION('',(0.,1.,0.));
#3736=DIRECTION('',(1.,0.,0.));
#3737=DIRECTION('',(-1.694268887236E-13,-1.,0.));
#3738=DIRECTION('',(-1.,0.,0.));
#3739=DIRECTION('',(0.,0.,1.));
#3740=DIRECTION('',(1.110223024625E-16,-1.,0.));
#3741=DIRECTION('',(1.,0.,0.));
#3742=DIRECTION('',(-1.694268887236E-13,-1.,0.));
#3743=DIRECTION('',(0.,0.,1.));
#3744=DIRECTION('',(1.,0.,0.));
#3745=DIRECTION('',(0.823362707752748,-0.567515507701827,0.));
#3746=DIRECTION('',(0.,0.,1.));
#3747=DIRECTION('',(1.,0.,0.));
#3748=DIRECTION('',(0.999999064378463,-0.00136793355032572,0.));
#3749=DIRECTION('',(0.,-1.,0.));
#3750=DIRECTION('',(0.,0.,1.));
#3751=DIRECTION('',(0.745234409074888,0.666802576127899,0.));
#3752=DIRECTION('',(-0.669302612212365,0.742989914659483,0.));
#3753=DIRECTION('',(-0.999999907087277,-0.000431074747129304,0.));
#3754=DIRECTION('',(0.,-1.,0.));
#3755=DIRECTION('',(0.,-1.,0.));
#3756=DIRECTION('',(0.,0.,1.));
#3757=DIRECTION('',(1.,1.110223024625E-16,0.));
#3758=DIRECTION('',(0.,0.,-1.));
#3759=DIRECTION('',(-1.,0.,0.));
#3760=DIRECTION('',(0.,0.,1.));
#3761=DIRECTION('',(1.,0.,0.));
#3762=DIRECTION('',(0.,0.,-1.));
#3763=DIRECTION('',(0.,0.,-1.));
#3764=DIRECTION('',(0.,1.,0.));
#3765=DIRECTION('',(0.,0.,1.));
#3766=DIRECTION('',(1.,0.,0.));
#3767=DIRECTION('',(0.,0.,-1.));
#3768=DIRECTION('',(0.,0.,-1.));
#3769=DIRECTION('',(-1.,0.,0.));
#3770=DIRECTION('',(0.,0.,1.));
#3771=DIRECTION('',(1.,0.,0.));
#3772=DIRECTION('',(0.,0.,-1.));
#3773=DIRECTION('',(0.,0.,-1.));
#3774=DIRECTION('',(-1.,0.,0.));
#3775=DIRECTION('',(0.,0.,1.));
#3776=DIRECTION('',(1.110223024625E-16,-1.,0.));
#3777=DIRECTION('',(0.,0.,-1.));
#3778=DIRECTION('',(0.,0.,-1.));
#3779=DIRECTION('',(0.,1.,0.));
#3780=DIRECTION('',(0.,0.,1.));
#3781=DIRECTION('',(1.,0.,0.));
#3782=DIRECTION('',(0.,0.,-1.));
#3783=DIRECTION('',(0.,0.,-1.));
#3784=DIRECTION('',(-1.,0.,0.));
#3785=DIRECTION('',(0.,0.,1.));
#3786=DIRECTION('',(-1.110223024625E-16,1.,0.));
#3787=DIRECTION('',(0.,0.,-1.));
#3788=DIRECTION('',(0.,0.,-1.));
#3789=DIRECTION('',(-1.,0.,0.));
#3790=DIRECTION('',(0.,0.,1.));
#3791=DIRECTION('',(1.,1.110223024625E-16,0.));
#3792=DIRECTION('',(0.,0.,-1.));
#3793=DIRECTION('',(0.,0.,-1.));
#3794=DIRECTION('',(-1.,0.,0.));
#3795=DIRECTION('',(0.,0.,1.));
#3796=DIRECTION('',(1.,1.110223024625E-16,0.));
#3797=DIRECTION('',(0.,0.,-1.));
#3798=DIRECTION('',(0.,0.,-1.));
#3799=DIRECTION('',(-1.,0.,0.));
#3800=DIRECTION('',(0.,0.,1.));
#3801=DIRECTION('',(0.,1.,0.));
#3802=DIRECTION('',(0.,0.,-1.));
#3803=DIRECTION('',(0.,0.,-1.));
#3804=DIRECTION('',(-1.,0.,0.));
#3805=DIRECTION('',(0.,0.,1.));
#3806=DIRECTION('',(-1.,-1.110223024625E-16,0.));
#3807=DIRECTION('',(0.,0.,-1.));
#3808=DIRECTION('',(0.,0.,-1.));
#3809=DIRECTION('',(-1.,0.,0.));
#3810=DIRECTION('',(0.,0.,1.));
#3811=DIRECTION('',(1.,1.110223024625E-16,0.));
#3812=DIRECTION('',(0.,0.,-1.));
#3813=DIRECTION('',(0.,0.,-1.));
#3814=DIRECTION('',(-1.,0.,0.));
#3815=DIRECTION('',(0.,0.,1.));
#3816=DIRECTION('',(0.,1.,0.));
#3817=DIRECTION('',(0.,0.,-1.));
#3818=DIRECTION('',(0.,0.,-1.));
#3819=DIRECTION('',(-1.,0.,0.));
#3820=DIRECTION('',(0.,0.,1.));
#3821=DIRECTION('',(-1.,-1.110223024625E-16,0.));
#3822=DIRECTION('',(0.,0.,-1.));
#3823=DIRECTION('',(0.,0.,-1.));
#3824=DIRECTION('',(-1.,0.,0.));
#3825=DIRECTION('',(0.,0.,1.));
#3826=DIRECTION('',(1.110223024625E-16,-1.,0.));
#3827=DIRECTION('',(0.,0.,-1.));
#3828=DIRECTION('',(0.,0.,-1.));
#3829=DIRECTION('',(0.,1.,0.));
#3830=DIRECTION('',(0.,0.,1.));
#3831=DIRECTION('',(1.,0.,0.));
#3832=DIRECTION('',(0.,0.,-1.));
#3833=DIRECTION('',(-1.,0.,0.));
#3834=DIRECTION('',(0.,0.,1.));
#3835=DIRECTION('',(1.110223024625E-16,-1.,0.));
#3836=DIRECTION('',(0.,0.,-1.));
#3837=DIRECTION('',(0.,0.,-1.));
#3838=DIRECTION('',(0.,1.,0.));
#3839=DIRECTION('',(0.,0.,1.));
#3840=DIRECTION('',(1.,0.,0.));
#3841=DIRECTION('',(0.,0.,-1.));
#3842=DIRECTION('',(0.,0.,-1.));
#3843=DIRECTION('',(-1.,0.,0.));
#3844=DIRECTION('',(0.,0.,1.));
#3845=DIRECTION('',(-1.110223024625E-16,1.,0.));
#3846=DIRECTION('',(0.,0.,-1.));
#3847=DIRECTION('',(0.,0.,-1.));
#3848=DIRECTION('',(-1.,0.,0.));
#3849=DIRECTION('',(0.,0.,-1.));
#3850=DIRECTION('',(-1.,0.,0.));
#3851=DIRECTION('',(0.,0.,-1.));
#3852=DIRECTION('',(0.,0.,-1.));
#3853=DIRECTION('',(-1.,0.,0.));
#3854=DIRECTION('',(0.,0.,1.));
#3855=DIRECTION('',(0.,1.,0.));
#3856=DIRECTION('',(0.,0.,-1.));
#3857=DIRECTION('',(0.,0.,-1.));
#3858=DIRECTION('',(-1.,0.,0.));
#3859=DIRECTION('',(0.,0.,-1.));
#3860=DIRECTION('',(-1.,0.,0.));
#3861=DIRECTION('',(0.,0.,-1.));
#3862=DIRECTION('',(0.,0.,-1.));
#3863=DIRECTION('',(-1.,0.,0.));
#3864=DIRECTION('',(0.,0.,-1.));
#3865=DIRECTION('',(-1.,0.,0.));
#3866=DIRECTION('',(0.,0.,-1.));
#3867=DIRECTION('',(0.,0.,-1.));
#3868=DIRECTION('',(-1.,0.,0.));
#3869=DIRECTION('',(0.,0.,1.));
#3870=DIRECTION('',(0.,1.,0.));
#3871=DIRECTION('',(0.,0.,-1.));
#3872=DIRECTION('',(0.,0.,-1.));
#3873=DIRECTION('',(-1.,0.,0.));
#3874=DIRECTION('',(0.,0.,-1.));
#3875=DIRECTION('',(-1.,0.,0.));
#3876=DIRECTION('',(0.,0.,-1.));
#3877=DIRECTION('',(0.,0.,-1.));
#3878=DIRECTION('',(-1.,0.,0.));
#3879=DIRECTION('',(0.,0.,1.));
#3880=DIRECTION('',(1.,1.110223024625E-16,0.));
#3881=DIRECTION('',(0.,0.,-1.));
#3882=DIRECTION('',(0.,0.,-1.));
#3883=DIRECTION('',(-1.,7.895030694101E-15,0.));
#3884=DIRECTION('',(-7.895030694101E-15,-1.,0.));
#3885=DIRECTION('',(7.895030694101E-15,1.,0.));
#3886=DIRECTION('',(0.,0.,-1.));
#3887=DIRECTION('',(-1.,0.,0.));
#3888=DIRECTION('',(0.,0.,1.));
#3889=DIRECTION('',(1.110223024625E-16,-1.,0.));
#3890=DIRECTION('',(0.,0.,-1.));
#3891=DIRECTION('',(0.,0.,-1.));
#3892=DIRECTION('',(0.,1.,0.));
#3893=DIRECTION('',(0.,0.,1.));
#3894=DIRECTION('',(1.,0.,0.));
#3895=DIRECTION('',(0.,0.,-1.));
#3896=DIRECTION('',(0.,0.,-1.));
#3897=DIRECTION('',(-1.,0.,0.));
#3898=DIRECTION('',(0.,0.,1.));
#3899=DIRECTION('',(-1.110223024625E-16,1.,0.));
#3900=DIRECTION('',(0.,0.,-1.));
#3901=DIRECTION('',(0.,0.,-1.));
#3902=DIRECTION('',(-1.,0.,0.));
#3903=DIRECTION('',(0.,0.,-1.));
#3904=DIRECTION('',(-1.,0.,0.));
#3905=DIRECTION('',(0.,0.,-1.));
#3906=DIRECTION('',(0.,0.,-1.));
#3907=DIRECTION('',(0.,1.,0.));
#3908=DIRECTION('',(0.,0.,1.));
#3909=DIRECTION('',(1.,0.,0.));
#3910=DIRECTION('',(0.,0.,-1.));
#3911=DIRECTION('',(0.,0.,-1.));
#3912=DIRECTION('',(-1.,0.,0.));
#3913=DIRECTION('',(0.,0.,-1.));
#3914=DIRECTION('',(-1.,0.,0.));
#3915=DIRECTION('',(0.,0.,-1.));
#3916=DIRECTION('',(-0.635896660408087,0.771774213926484,0.));
#3917=DIRECTION('',(-0.771774213926484,-0.635896660408087,0.));
#3918=DIRECTION('',(0.771774213926484,0.635896660408087,0.));
#3919=DIRECTION('',(0.,0.,-1.));
#3920=DIRECTION('',(-0.707106782497048,0.707106779876048,0.));
#3921=DIRECTION('',(-0.707106779876048,-0.707106782497048,0.));
#3922=DIRECTION('',(0.707106779876048,0.707106782497048,0.));
#3923=DIRECTION('',(-0.999999714663089,0.000755429506953757,0.));
#3924=DIRECTION('',(-0.000755429506953757,-0.999999714663089,0.));
#3925=DIRECTION('',(0.,0.,1.));
#3926=DIRECTION('',(0.000755429506953757,0.999999714663089,0.));
#3927=DIRECTION('',(0.,0.,-1.));
#3928=DIRECTION('',(0.,0.,-1.));
#3929=DIRECTION('',(-1.,0.,0.));
#3930=DIRECTION('',(0.,0.,1.));
#3931=DIRECTION('',(1.,0.,0.));
#3932=DIRECTION('',(0.,0.,-1.));
#3933=DIRECTION('',(-0.707106781186548,0.707106781186548,0.));
#3934=DIRECTION('',(-0.707106781186548,-0.707106781186548,0.));
#3935=DIRECTION('',(0.707106781186548,0.707106781186548,0.));
#3936=DIRECTION('',(0.,0.,-1.));
#3937=DIRECTION('',(0.,0.,-1.));
#3938=DIRECTION('',(-1.,0.,0.));
#3939=DIRECTION('',(0.,0.,1.));
#3940=DIRECTION('',(1.,0.,0.));
#3941=DIRECTION('',(-0.707106781186548,-0.707106781186548,0.));
#3942=DIRECTION('',(0.707106781186548,-0.707106781186548,0.));
#3943=DIRECTION('',(-0.707106781186548,0.707106781186548,0.));
#3944=DIRECTION('',(0.,0.,-1.));
#3945=DIRECTION('',(0.,0.,1.));
#3946=DIRECTION('',(0.,0.,-1.));
#3947=DIRECTION('',(-1.,0.,0.));
#3948=DIRECTION('',(0.,0.,1.));
#3949=DIRECTION('',(1.,0.,0.));
#3950=DIRECTION('',(0.,0.,-1.));
#3951=DIRECTION('',(-1.,0.,0.));
#3952=DIRECTION('',(0.,0.,1.));
#3953=DIRECTION('',(1.,0.,0.));
#3954=DIRECTION('',(0.,0.,-1.));
#3955=DIRECTION('',(-0.742989914659483,-0.669302612212365,0.));
#3956=DIRECTION('',(0.669302612212365,-0.742989914659483,0.));
#3957=DIRECTION('',(-0.669302612212365,0.742989914659483,0.));
#3958=DIRECTION('',(0.,0.,-1.));
#3959=DIRECTION('',(0.000431074747129304,-0.999999907087277,0.));
#3960=DIRECTION('',(0.999999907087277,0.000431074747129304,0.));
#3961=DIRECTION('',(0.,0.,-1.));
#3962=DIRECTION('',(-0.999999907087277,-0.000431074747129304,0.));
#3963=DIRECTION('',(1.,4.316169373565E-15,0.));
#3964=DIRECTION('',(-4.316169373565E-15,1.,0.));
#3965=DIRECTION('',(4.316169373565E-15,-1.,0.));
#3966=DIRECTION('',(0.,0.,-1.));
#3967=DIRECTION('',(4.316169373565E-15,-1.,0.));
#3968=DIRECTION('',(0.,0.,-1.));
#3969=DIRECTION('',(4.316169373565E-15,-1.,0.));
#3970=DIRECTION('',(0.,0.,-1.));
#3971=DIRECTION('',(-1.,0.,0.));
#3972=DIRECTION('',(0.,0.,1.));
#3973=DIRECTION('',(1.,1.110223024625E-16,0.));
#3974=DIRECTION('',(0.,0.,-1.));
#3975=DIRECTION('',(-1.,0.,0.));
#3976=DIRECTION('',(0.,0.,1.));
#3977=DIRECTION('',(1.,1.110223024625E-16,0.));
#3978=DIRECTION('',(0.,-1.,0.));
#3979=DIRECTION('',(0.,0.,-1.));
#3980=DIRECTION('',(-1.,0.,0.));
#3981=DIRECTION('',(1.,0.,0.));
#3982=DIRECTION('',(0.,0.,-1.));
#3983=DIRECTION('',(0.,-1.,0.));
#3984=DIRECTION('',(1.,0.,0.));
#3985=DIRECTION('',(0.,0.,-1.));
#3986=DIRECTION('',(0.,-1.,0.));
#3987=DIRECTION('',(0.,0.,-1.));
#3988=DIRECTION('',(-1.,0.,0.));
#3989=DIRECTION('',(0.,0.,1.));
#3990=DIRECTION('',(1.,1.110223024625E-16,0.));
#3991=DIRECTION('',(0.,0.,-1.));
#3992=DIRECTION('',(-1.,0.,0.));
#3993=DIRECTION('',(0.,0.,1.));
#3994=DIRECTION('',(1.,1.110223024625E-16,0.));
#3995=DIRECTION('',(1.,0.,0.));
#3996=DIRECTION('',(0.,0.,-1.));
#3997=DIRECTION('',(0.,-1.,0.));
#3998=DIRECTION('',(0.,-1.,0.));
#3999=DIRECTION('',(0.,0.,-1.));
#4000=DIRECTION('',(-1.,0.,0.));
#4001=DIRECTION('',(0.,-1.,0.));
#4002=DIRECTION('',(0.,0.,-1.));
#4003=DIRECTION('',(-1.,0.,0.));
#4004=DIRECTION('',(1.,0.,0.));
#4005=DIRECTION('',(0.,0.,-1.));
#4006=DIRECTION('',(0.,-1.,0.));
#4007=DIRECTION('',(1.,0.,0.));
#4008=DIRECTION('',(0.,0.,-1.));
#4009=DIRECTION('',(0.,-1.,0.));
#4010=DIRECTION('',(1.,0.,0.));
#4011=DIRECTION('',(0.,0.,-1.));
#4012=DIRECTION('',(0.,-1.,0.));
#4013=DIRECTION('',(0.,-1.,0.));
#4014=DIRECTION('',(0.,0.,-1.));
#4015=DIRECTION('',(-1.,0.,0.));
#4016=DIRECTION('',(0.,-1.,0.));
#4017=DIRECTION('',(0.,0.,-1.));
#4018=DIRECTION('',(-1.,0.,0.));
#4019=DIRECTION('',(0.,-1.,0.));
#4020=DIRECTION('',(0.,0.,-1.));
#4021=DIRECTION('',(-1.,0.,0.));
#4022=DIRECTION('',(0.,0.,1.));
#4023=DIRECTION('',(1.,0.,0.));
#4024=DIRECTION('',(-0.0232495550383246,-0.999729692562205,0.));
#4025=DIRECTION('',(0.999729692562205,-0.0232495550383246,0.));
#4026=DIRECTION('',(-0.999729692562205,0.0232495550383246,0.));
#4027=DIRECTION('',(0.,0.,-1.));
#4028=DIRECTION('',(-0.999729692562205,0.0232495550383246,0.));
#4029=DIRECTION('',(0.,0.,-1.));
#4030=DIRECTION('',(-0.522311724733519,-0.852754631887682,0.));
#4031=DIRECTION('',(0.852754631887682,-0.522311724733519,0.));
#4032=DIRECTION('',(-0.852754631887682,0.522311724733519,0.));
#4033=DIRECTION('',(-0.852754631887682,0.522311724733519,0.));
#4034=DIRECTION('',(0.,0.,-1.));
#4035=DIRECTION('',(1.,0.,0.));
#4036=DIRECTION('',(0.,0.,-1.));
#4037=DIRECTION('',(0.,-1.,0.));
#4038=DIRECTION('',(0.,0.,-1.));
#4039=DIRECTION('',(0.,-1.,0.));
#4040=DIRECTION('',(0.,0.,-1.));
#4041=DIRECTION('',(0.,-1.,0.));
#4042=DIRECTION('',(0.,0.,1.));
#4043=DIRECTION('',(0.,0.,1.));
#4044=DIRECTION('',(1.,0.,0.));
#4045=DIRECTION('',(4.316169373565E-15,-1.,0.));
#4046=DIRECTION('',(1.,0.,0.));
#4047=DIRECTION('',(0.,1.,0.));
#4048=DIRECTION('',(-0.798426594581135,-0.602092163265369,0.));
#4049=DIRECTION('',(1.,0.,0.));
#4050=DIRECTION('',(0.,1.,0.));
#4051=DIRECTION('',(0.,0.,-1.));
#4052=DIRECTION('',(-0.999999999932995,1.15762654543099E-5,0.));
#4053=DIRECTION('',(0.707106779876048,0.707106782497048,0.));
#4054=DIRECTION('',(0.770945400606974,0.636901239818979,0.));
#4055=DIRECTION('',(0.,0.,-1.));
#4056=DIRECTION('',(-0.636906381860594,0.770941152582509,0.));
#4057=DIRECTION('',(1.,1.823804042326E-13,0.));
#4058=DIRECTION('',(0.,0.,-1.));
#4059=DIRECTION('',(-5.18803236625012E-5,0.999999998654216,0.));
#4060=DIRECTION('',(0.858875786425923,-0.512183935213954,0.));
#4061=DIRECTION('',(0.,0.,-1.));
#4062=DIRECTION('',(0.512184930305128,0.858875193010214,0.));
#4063=DIRECTION('',(0.,0.,1.));
#4064=DIRECTION('',(1.,0.,0.));
#4065=DIRECTION('',(0.752576843397453,-0.658504437936394,0.));
#4066=DIRECTION('',(1.,0.,0.));
#4067=DIRECTION('',(-0.705513747282585,0.708696234218361,0.));
#4068=DIRECTION('',(-0.707109509731905,0.707104052630661,0.));
#4069=DIRECTION('',(0.883886840221037,0.467700816424423,0.));
#4070=DIRECTION('',(1.,0.,0.));
#4071=DIRECTION('',(0.,-1.,0.));
#4072=DIRECTION('',(0.,0.,-1.));
#4073=DIRECTION('',(1.,0.,0.));
#4074=DIRECTION('',(0.,0.,1.));
#4075=DIRECTION('',(0.,0.,-1.));
#4076=DIRECTION('',(1.,0.,0.));
#4077=DIRECTION('',(0.,0.,-1.));
#4078=DIRECTION('',(0.,0.,-1.));
#4079=DIRECTION('',(0.602092163265369,-0.798426594581135,0.));
#4080=DIRECTION('',(0.798426594581135,0.602092163265369,0.));
#4081=DIRECTION('',(-0.798426594581135,-0.602092163265369,0.));
#4082=DIRECTION('',(-0.798426594581135,-0.602092163265369,0.));
#4083=DIRECTION('',(0.,0.,-1.));
#4084=DIRECTION('',(-1.,0.,0.));
#4085=DIRECTION('',(0.,0.,-1.));
#4086=DIRECTION('',(0.,0.,-1.));
#4087=DIRECTION('',(0.512183935213954,0.858875786425923,0.));
#4088=DIRECTION('',(-0.858875786425923,0.512183935213954,0.));
#4089=DIRECTION('',(0.,0.,-1.));
#4090=DIRECTION('',(0.,0.,-1.));
#4091=DIRECTION('',(-1.,0.,0.));
#4092=DIRECTION('',(0.,0.,-1.));
#4093=DIRECTION('',(-1.823804042326E-13,1.,0.));
#4094=DIRECTION('',(-1.,-1.823804042326E-13,0.));
#4095=DIRECTION('',(0.,0.,-1.));
#4096=DIRECTION('',(0.,0.,-1.));
#4097=DIRECTION('',(-1.,0.,0.));
#4098=DIRECTION('',(0.,0.,-1.));
#4099=DIRECTION('',(-0.636901239818979,0.770945400606974,0.));
#4100=DIRECTION('',(-0.770945400606974,-0.636901239818979,0.));
#4101=DIRECTION('',(0.,0.,-1.));
#4102=DIRECTION('',(-0.707106782497048,0.707106779876048,0.));
#4103=DIRECTION('',(-0.707106779876048,-0.707106782497048,0.));
#4104=DIRECTION('',(0.,0.,-1.));
#4105=DIRECTION('',(0.,0.,-1.));
#4106=DIRECTION('',(-1.,0.,0.));
#4107=DIRECTION('',(0.,-1.,0.));
#4108=DIRECTION('',(0.,0.,-1.));
#4109=DIRECTION('',(0.,0.,1.));
#4110=DIRECTION('',(0.,0.,-1.));
#4111=DIRECTION('',(-1.,0.,0.));
#4112=DIRECTION('',(0.,0.,1.));
#4113=DIRECTION('',(0.,1.,0.));
#4114=DIRECTION('',(1.,4.316169373565E-15,0.));
#4115=DIRECTION('',(-4.316169373565E-15,1.,0.));
#4116=DIRECTION('',(0.,0.,1.));
#4117=DIRECTION('',(1.,0.,0.));
#4118=DIRECTION('',(0.,0.,1.));
#4119=DIRECTION('',(1.,0.,0.));
#4120=DIRECTION('',(0.752576843397453,-0.658504437936394,0.));
#4121=DIRECTION('',(0.,-1.,0.));
#4122=DIRECTION('',(0.,0.,-1.));
#4123=DIRECTION('',(1.,0.,0.));
#4124=DIRECTION('',(0.,0.,1.));
#4125=DIRECTION('',(0.,0.,1.));
#4126=DIRECTION('',(0.,-1.,0.));
#4127=DIRECTION('',(0.,0.,-1.));
#4128=DIRECTION('',(1.,0.,0.));
#4129=DIRECTION('',(0.,0.,-1.));
#4130=DIRECTION('',(-0.467700816424423,0.883886840221037,0.));
#4131=DIRECTION('',(-0.883886840221037,-0.467700816424423,0.));
#4132=DIRECTION('',(0.,0.,-1.));
#4133=DIRECTION('',(-0.707104052630661,-0.707109509731905,0.));
#4134=DIRECTION('',(0.707109509731905,-0.707104052630661,0.));
#4135=DIRECTION('',(0.,0.,-1.));
#4136=DIRECTION('',(-0.708696234218361,-0.705513747282585,0.));
#4137=DIRECTION('',(0.705513747282585,-0.708696234218361,0.));
#4138=DIRECTION('',(0.,0.,1.));
#4139=DIRECTION('',(1.,0.,0.));
#4140=DIRECTION('',(0.752576843397453,-0.658504437936394,0.));
#4141=DIRECTION('',(0.658504437936394,0.752576843397453,0.));
#4142=DIRECTION('',(-0.752576843397453,0.658504437936394,0.));
#4143=DIRECTION('',(0.,0.,1.));
#4144=DIRECTION('',(1.,0.,0.));
#4145=DIRECTION('',(0.,0.,-1.));
#4146=DIRECTION('',(-1.,0.,0.));
#4147=DIRECTION('',(0.,0.,-1.));
#4148=DIRECTION('',(0.567754416059882,-0.823197985325829,0.));
#4149=DIRECTION('',(0.,0.,-1.));
#4150=DIRECTION('',(0.,0.,-1.));
#4151=DIRECTION('',(0.567754416059882,-0.823197985325829,0.));
#4152=DIRECTION('',(0.,0.,-1.));
#4153=DIRECTION('',(0.,0.,-1.));
#4154=DIRECTION('',(0.70270124213661,0.711485041515045,0.));
#4155=DIRECTION('',(-0.711485041515045,0.70270124213661,0.));
#4156=DIRECTION('',(0.711485041515045,-0.70270124213661,0.));
#4157=DIRECTION('',(0.,0.,-1.));
#4158=DIRECTION('',(0.711485041515045,-0.70270124213661,0.));
#4159=DIRECTION('',(0.,0.,-1.));
#4160=DIRECTION('',(-0.575052758420493,0.81811632732331,0.));
#4161=DIRECTION('',(-0.818116327323311,-0.575052758420493,0.));
#4162=DIRECTION('',(0.818116327323311,0.575052758420493,0.));
#4163=DIRECTION('',(0.,0.,-1.));
#4164=DIRECTION('',(0.818116327323311,0.575052758420493,0.));
#4165=DIRECTION('',(0.,0.,-1.));
#4166=DIRECTION('',(0.,0.,1.));
#4167=DIRECTION('',(1.,0.,0.));
#4168=DIRECTION('',(1.,0.,0.));
#4169=DIRECTION('',(4.316169373565E-15,-1.,0.));
#4170=DIRECTION('',(0.,0.,-1.));
#4171=DIRECTION('',(0.999999999991077,-4.22455661838133E-6,0.));
#4172=DIRECTION('',(-0.823196970034838,-0.567755888146888,0.));
#4173=DIRECTION('',(-1.,-3.760842701547E-14,0.));
#4174=DIRECTION('',(0.,-1.,0.));
#4175=DIRECTION('',(1.,-9.52048284959738E-17,0.));
#4176=DIRECTION('',(0.,1.,0.));
#4177=DIRECTION('',(9.52048284959738E-17,1.,0.));
#4178=DIRECTION('',(-1.,9.52048284959738E-17,0.));
#4179=DIRECTION('',(1.,-9.52048284959738E-17,0.));
#4180=DIRECTION('',(0.,0.,1.));
#4181=DIRECTION('',(1.,-9.52048284959738E-17,0.));
#4182=DIRECTION('',(1.,-9.52048284959738E-17,0.));
#4183=DIRECTION('',(0.,0.,1.));
#4184=DIRECTION('',(0.,0.,1.));
#4185=DIRECTION('',(1.,0.,0.));
#4186=DIRECTION('',(1.,0.,0.));
#4187=DIRECTION('',(0.,-1.,0.));
#4188=DIRECTION('',(0.,-1.,0.));
#4189=DIRECTION('',(-0.999999064378463,0.00136793355032572,0.));
#4190=DIRECTION('',(0.,0.,-1.));
#4191=DIRECTION('',(5.25434689748886E-5,-0.999999998619592,0.));
#4192=DIRECTION('',(-0.823362707752749,0.567515507701827,0.));
#4193=DIRECTION('',(0.,0.,-1.));
#4194=DIRECTION('',(-0.56749844046401,-0.823374471350015,0.));
#4195=DIRECTION('',(1.694268887236E-13,1.,0.));
#4196=DIRECTION('',(-1.,0.,0.));
#4197=DIRECTION('',(0.,0.,1.));
#4198=DIRECTION('',(0.,-1.,0.));
#4199=DIRECTION('',(0.,-1.,0.));
#4200=DIRECTION('',(0.,0.,1.));
#4201=DIRECTION('',(-1.,0.,0.));
#4202=DIRECTION('',(0.,0.,1.));
#4203=DIRECTION('',(0.,0.,1.));
#4204=DIRECTION('',(0.,-1.,0.));
#4205=DIRECTION('',(0.,-1.,0.));
#4206=DIRECTION('',(0.,0.,-1.));
#4207=DIRECTION('',(0.,0.,-1.));
#4208=DIRECTION('',(0.,0.,1.));
#4209=DIRECTION('',(1.,0.,0.));
#4210=DIRECTION('',(0.,0.,-1.));
#4211=DIRECTION('',(0.,-1.,0.));
#4212=DIRECTION('',(-1.,1.694268887236E-13,0.));
#4213=DIRECTION('',(-1.694268887236E-13,-1.,0.));
#4214=DIRECTION('',(0.,0.,-1.));
#4215=DIRECTION('',(1.694268887236E-13,1.,0.));
#4216=DIRECTION('',(0.,0.,-1.));
#4217=DIRECTION('',(-1.,0.,0.));
#4218=DIRECTION('',(0.,0.,-1.));
#4219=DIRECTION('',(-0.567515507701827,-0.823362707752748,0.));
#4220=DIRECTION('',(0.823362707752748,-0.567515507701827,0.));
#4221=DIRECTION('',(0.,0.,-1.));
#4222=DIRECTION('',(0.,0.,-1.));
#4223=DIRECTION('',(-1.,0.,0.));
#4224=DIRECTION('',(0.,0.,-1.));
#4225=DIRECTION('',(-0.00136793355032572,-0.999999064378463,0.));
#4226=DIRECTION('',(0.999999064378463,-0.00136793355032572,0.));
#4227=DIRECTION('',(0.,-1.,0.));
#4228=DIRECTION('',(0.,0.,-1.));
#4229=DIRECTION('',(0.,0.,1.));
#4230=DIRECTION('',(0.,0.,1.));
#4231=DIRECTION('',(-1.,0.,0.));
#4232=DIRECTION('',(0.,0.,1.));
#4233=DIRECTION('',(0.,1.,0.));
#4234=DIRECTION('',(0.567755888146888,-0.823196970034838,0.));
#4235=DIRECTION('',(0.823196970034838,0.567755888146888,0.));
#4236=DIRECTION('',(-0.823196970034838,-0.567755888146888,0.));
#4237=DIRECTION('',(0.,0.,-1.));
#4238=DIRECTION('',(0.,0.,-1.));
#4239=DIRECTION('',(-1.,0.,0.));
#4240=DIRECTION('',(0.,0.,-1.));
#4241=DIRECTION('',(1.,4.316169373565E-15,0.));
#4242=DIRECTION('',(-4.316169373565E-15,1.,0.));
#4243=DIRECTION('',(0.,0.,1.));
#4244=DIRECTION('',(1.,0.,0.));
#4245=DIRECTION('',(0.,0.,1.));
#4246=DIRECTION('',(1.,0.,0.));
#4247=DIRECTION('',(0.,0.,1.));
#4248=DIRECTION('',(1.,0.,0.));
#4249=DIRECTION('',(0.,0.,1.));
#4250=DIRECTION('',(1.,0.,0.));
#4251=DIRECTION('',(-1.,-3.760842701547E-14,0.));
#4252=DIRECTION('',(0.,0.,1.));
#4253=DIRECTION('',(1.,0.,0.));
#4254=DIRECTION('',(-1.,-3.760842701547E-14,0.));
#4255=DIRECTION('',(3.760842701547E-14,-1.,0.));
#4256=DIRECTION('',(1.,3.760842701547E-14,0.));
#4257=DIRECTION('',(0.,0.,1.));
#4258=DIRECTION('',(1.,0.,0.));
#4259=DIRECTION('',(0.,0.,1.));
#4260=DIRECTION('',(1.,0.,0.));
#4261=DIRECTION('',(0.,-1.,0.));
#4262=DIRECTION('',(0.,0.,-1.));
#4263=DIRECTION('',(1.,0.,0.));
#4264=DIRECTION('',(1.,0.,0.));
#4265=DIRECTION('',(0.,0.,-1.));
#4266=DIRECTION('',(0.,0.,1.));
#4267=DIRECTION('',(1.,0.,0.));
#4268=DIRECTION('',(-0.999954587403501,0.00953011703465055,0.));
#4269=DIRECTION('',(-0.00953011703465055,-0.999954587403501,0.));
#4270=DIRECTION('',(0.999954587403501,-0.00953011703465055,0.));
#4271=DIRECTION('',(-0.999954587403501,0.00953011703465055,0.));
#4272=DIRECTION('',(0.,0.,1.));
#4273=DIRECTION('',(1.,0.,0.));
#4274=DIRECTION('',(0.,0.,1.));
#4275=DIRECTION('',(1.,0.,0.));
#4276=DIRECTION('',(-1.,-3.760842701547E-14,0.));
#4277=DIRECTION('',(0.,0.,1.));
#4278=DIRECTION('',(1.,0.,0.));
#4279=DIRECTION('',(-1.,-3.760842701547E-14,0.));
#4280=DIRECTION('',(3.760842701547E-14,-1.,0.));
#4281=DIRECTION('',(1.,3.760842701547E-14,0.));
#4282=CARTESIAN_POINT('',(0.,0.,0.));
#4283=CARTESIAN_POINT('',(0.0487612303964295,0.037456146931363,0.004140050800102));
#4284=CARTESIAN_POINT('',(0.0487612303964295,0.037109646931363,0.004140050800102));
#4285=CARTESIAN_POINT('',(0.0487612303964295,0.037109646931363,0.001473050800102));
#4286=CARTESIAN_POINT('',(0.0487612303964295,0.037109646931363,0.001206350800102));
#4287=CARTESIAN_POINT('',(0.0487612303964295,0.037456146931363,0.001473050800102));
#4288=CARTESIAN_POINT('',(0.0487612303964295,0.037802646931363,0.001473050800102));
#4289=CARTESIAN_POINT('',(0.0487612303964295,0.037802646931363,0.004140050800102));
#4290=CARTESIAN_POINT('',(0.0487612303964295,0.037802646931363,0.001206350800102));
#4291=CARTESIAN_POINT('',(0.0487612303964295,0.037456146931363,0.001206350800102));
#4292=CARTESIAN_POINT('',(0.00461596458141378,0.037109646931363,0.004140050800102));
#4293=CARTESIAN_POINT('',(0.0480682303964296,0.037109646931363,0.004140050800102));
#4294=CARTESIAN_POINT('',(0.0480682303964296,0.037109646931363,0.001473050800102));
#4295=CARTESIAN_POINT('',(0.0480682303964296,0.037109646931363,0.001206350800102));
#4296=CARTESIAN_POINT('',(0.00461596458141378,0.037109646931363,0.001473050800102));
#4297=CARTESIAN_POINT('',(0.00461596458141378,0.037109646931363,0.001206350800102));
#4298=CARTESIAN_POINT('',(0.0480682303964296,0.037456146931363,0.004140050800102));
#4299=CARTESIAN_POINT('',(0.0480682303964296,0.037802646931363,0.004140050800102));
#4300=CARTESIAN_POINT('',(0.0480682303964296,0.037802646931363,0.001473050800102));
#4301=CARTESIAN_POINT('',(0.0480682303964296,0.037802646931363,0.001206350800102));
#4302=CARTESIAN_POINT('',(0.0480682303964296,0.037456146931363,0.001473050800102));
#4303=CARTESIAN_POINT('',(0.0480682303964296,0.037456146931363,0.001206350800102));
#4304=CARTESIAN_POINT('',(0.0209937923725578,-0.000231133421697782,0.004140050800102));
#4305=CARTESIAN_POINT('',(0.0209937923725578,-0.000231133421697782,0.001473050800102));
#4306=CARTESIAN_POINT('',(0.0209937923725636,-0.000231133421697782,0.001473050800102));
#4307=CARTESIAN_POINT('',(0.0209937923725578,-0.000212593151850175,0.001473050800102));
#4308=CARTESIAN_POINT('',(0.0209937923725578,-0.000212593151850178,0.004140050800102));
#4309=CARTESIAN_POINT('',(0.0209937923725578,-0.000212593151850181,0.004140050800102));
#4310=CARTESIAN_POINT('',(0.0209937923725578,-0.000231133421697782,0.004140050800102));
#4311=CARTESIAN_POINT('',(0.0209937923725597,0.0018478372412433,0.004140050800102));
#4312=CARTESIAN_POINT('',(0.0209937923725597,0.0018478372412433,0.004140050800102));
#4313=CARTESIAN_POINT('',(0.0209937923725597,0.0018478372412433,0.001206350800102));
#4314=CARTESIAN_POINT('',(0.0209937923725578,-0.000231133421697782,0.001206350800102));
#4315=CARTESIAN_POINT('',(0.0209937923725637,-0.000231133421697782,0.001206350800102));
#4316=CARTESIAN_POINT('',(0.0209937923725637,-0.000231133421697782,0.004140050800102));
#4317=CARTESIAN_POINT('',(0.0205895277040348,-0.000231133421697782,0.004140050800102));
#4318=CARTESIAN_POINT('',(0.0201853480987996,-0.000239426125281377,0.004140050800102));
#4319=CARTESIAN_POINT('',(0.0201853480987996,-0.000239426125281377,0.003886050800102));
#4320=CARTESIAN_POINT('',(0.0201853480987996,-0.000239426125281377,0.001473050800102));
#4321=CARTESIAN_POINT('',(0.0205895277040348,-0.000231133421697782,0.001473050800102));
#4322=CARTESIAN_POINT('',(0.0205895277040348,-0.000231133421697782,0.001206350800102));
#4323=CARTESIAN_POINT('',(0.020185263035503,-0.000231133421697782,0.001206350800102));
#4324=CARTESIAN_POINT('',(0.020185263035503,-0.000231133421697782,0.004140050800102));
#4325=CARTESIAN_POINT('',(0.020185263035503,-0.000231133421697782,0.004140050800102));
#4326=CARTESIAN_POINT('',(0.0205895277040348,-0.000231133421697782,0.004140050800102));
#4327=CARTESIAN_POINT('',(0.0206372011452913,-0.000632577272341326,0.004140050800102));
#4328=CARTESIAN_POINT('',(0.0206372011452913,-0.000632577272341326,0.004140050800102));
#4329=CARTESIAN_POINT('',(0.0206372011452913,-0.000632577272341326,0.003886050800102));
#4330=CARTESIAN_POINT('',(0.0205895277040348,-0.000231133421697782,0.003886050800102));
#4331=CARTESIAN_POINT('',(-0.0301037362024924,0.0146467745031179,0.004140050800102));
#4332=CARTESIAN_POINT('',(-0.0301037362024924,0.0146467745031179,0.004140050800102));
#4333=CARTESIAN_POINT('',(-0.0301037362024924,0.0150510391716468,0.004140050800102));
#4334=CARTESIAN_POINT('',(-0.0303906680483134,0.0149315551872846,0.004140050800102));
#4335=CARTESIAN_POINT('',(-0.0303906680483134,0.0149315551872846,0.004140050800102));
#4336=CARTESIAN_POINT('',(-0.0303906680483134,0.0149315551872846,0.001473050800102));
#4337=CARTESIAN_POINT('',(-0.0301037362024924,0.0146467745031179,0.001473050800102));
#4338=CARTESIAN_POINT('',(-0.0303906680483136,0.0143619938189512,0.001473050800102));
#4339=CARTESIAN_POINT('',(-0.0303906680483136,0.0143619938189512,0.004140050800102));
#4340=CARTESIAN_POINT('',(-0.0303906680483136,0.0143619938189512,0.004140050800102));
#4341=CARTESIAN_POINT('',(-0.0301037362024924,0.0146467745031179,0.004140050800102));
#4342=CARTESIAN_POINT('',(-0.0301037362024924,0.0142425098345884,0.004140050800102));
#4343=CARTESIAN_POINT('',(-0.0301037362024924,0.0142425098345884,0.004140050800102));
#4344=CARTESIAN_POINT('',(-0.0301037362024924,0.0142425098345884,0.001206350800102));
#4345=CARTESIAN_POINT('',(-0.0301037362024924,0.0146467745031179,0.001206350800102));
#4346=CARTESIAN_POINT('',(-0.0301037362024924,0.0150510391716468,0.001206350800102));
#4347=CARTESIAN_POINT('',(-0.0301037362024924,0.0150510391716468,0.004140050800102));
#4348=CARTESIAN_POINT('',(0.00568982234461894,-0.000231133421697782,0.004140050800102));
#4349=CARTESIAN_POINT('',(0.00568982234461894,-0.000231133421697782,0.001206350800102));
#4350=CARTESIAN_POINT('',(0.00528555767608719,-0.000231133421697782,0.001206350800102));
#4351=CARTESIAN_POINT('',(0.00609408701314782,-0.000231133421697782,0.001206350800102));
#4352=CARTESIAN_POINT('',(0.00528555767608719,-0.000231133421697782,0.004140050800102));
#4353=CARTESIAN_POINT('',(0.00528555767608719,-0.000231133421697782,0.004140050800102));
#4354=CARTESIAN_POINT('',(0.00568982234461894,-0.000231133421697782,0.004140050800102));
#4355=CARTESIAN_POINT('',(0.00609408701314782,-0.000231133421697782,0.004140050800102));
#4356=CARTESIAN_POINT('',(0.00609408701314782,-0.000231133421697782,0.004140050800102));
#4357=CARTESIAN_POINT('',(0.00528564273938381,-0.000239426125281937,0.004140050800102));
#4358=CARTESIAN_POINT('',(0.00528564273938381,-0.000239426125281937,0.003886050800102));
#4359=CARTESIAN_POINT('',(0.00528564273938381,-0.000239426125281937,0.001473050800102));
#4360=CARTESIAN_POINT('',(0.00568982234461894,-0.000231133421697782,0.001473050800102));
#4361=CARTESIAN_POINT('',(0.00609400194985407,-0.000239426125281907,0.001473050800102));
#4362=CARTESIAN_POINT('',(0.00609400194985407,-0.000239426125281907,0.004140050800102));
#4363=CARTESIAN_POINT('',(0.00609400194985407,-0.000239426125281907,0.003886050800102));
#4364=CARTESIAN_POINT('',(0.00568982234461894,-0.000231133421697782,0.003886050800102));
#4365=CARTESIAN_POINT('',(-0.040411585466108,0.0423360223500255,0.004140050800102));
#4366=CARTESIAN_POINT('',(-0.040411585466108,0.0423360223500255,0.001473050800102));
#4367=CARTESIAN_POINT('',(-0.0404180299540816,0.0338051322064493,0.001473050800102));
#4368=CARTESIAN_POINT('',(-0.0404055751692733,0.0502921520277417,0.001473050800102));
#4369=CARTESIAN_POINT('',(-0.0404055751692733,0.0502921520277417,0.004140050800102));
#4370=CARTESIAN_POINT('',(-0.0404055751692733,0.0502921520277417,0.004140050800102));
#4371=CARTESIAN_POINT('',(-0.040411585466108,0.0423360223500255,0.004140050800102));
#4372=CARTESIAN_POINT('',(-0.0404051409781359,0.0508669124927251,0.004140050800102));
#4373=CARTESIAN_POINT('',(-0.0404051409781359,0.0508669124927251,0.004140050800102));
#4374=CARTESIAN_POINT('',(-0.0404051409781359,0.0508669124927251,0.001206350800102));
#4375=CARTESIAN_POINT('',(-0.040411585466108,0.0423360223500255,0.001206350800102));
#4376=CARTESIAN_POINT('',(-0.0404180299540817,0.0338051322064493,0.001206350800102));
#4377=CARTESIAN_POINT('',(-0.0404180299540817,0.0338051322064493,0.004140050800102));
#4378=CARTESIAN_POINT('',(-0.040491372319422,0.0338051330563571,0.004140050800102));
#4379=CARTESIAN_POINT('',(-0.0404395116356598,0.0337532719723583,0.004140050800102));
#4380=CARTESIAN_POINT('',(-0.0404395116356598,0.0337532719723583,0.001473050800102));
#4381=CARTESIAN_POINT('',(-0.0404395116356598,0.0337532719723583,0.001206350800102));
#4382=CARTESIAN_POINT('',(-0.040491372319422,0.0338051330563571,0.001473050800102));
#4383=CARTESIAN_POINT('',(-0.040491372319422,0.0338051330563571,0.001206350800102));
#4384=CARTESIAN_POINT('',(-0.0406985113246956,0.0334942722833225,0.004140050800102));
#4385=CARTESIAN_POINT('',(-0.0406985115648388,0.0334942720431828,0.004140050800102));
#4386=CARTESIAN_POINT('',(-0.0406985115648388,0.0334942720431828,0.001473050800102));
#4387=CARTESIAN_POINT('',(-0.0406985115648388,0.0334942720431828,0.001206350800102));
#4388=CARTESIAN_POINT('',(-0.0406985113246956,0.0334942722833225,0.001473050800102));
#4389=CARTESIAN_POINT('',(-0.0406985113246956,0.0334942722833225,0.001206350800102));
#4390=CARTESIAN_POINT('',(-0.0406673952341543,0.0334631554723568,0.004140050800102));
#4391=CARTESIAN_POINT('',(-0.0407114005408224,0.0334631554723568,0.004140050800102));
#4392=CARTESIAN_POINT('',(-0.040711400540824,0.0334631554723568,0.001473050800102));
#4393=CARTESIAN_POINT('',(-0.0407114005408224,0.0334631554723568,0.001206350800102));
#4394=CARTESIAN_POINT('',(-0.0406673952341543,0.0334631554723568,0.001473050800102));
#4395=CARTESIAN_POINT('',(-0.0406673952341543,0.0334631554723568,0.001206350800102));
#4396=CARTESIAN_POINT('',(-0.0407114005408224,0.0332183913734575,0.004140050800102));
#4397=CARTESIAN_POINT('',(-0.0407114005408224,0.0332183918828749,0.004140050800102));
#4398=CARTESIAN_POINT('',(-0.040711400540824,0.0332183918828749,0.001473050800102));
#4399=CARTESIAN_POINT('',(-0.0407114005408224,0.0332183918828749,0.001206350800102));
#4400=CARTESIAN_POINT('',(-0.0407114005408224,0.0332183913734575,0.001473050800102));
#4401=CARTESIAN_POINT('',(-0.0407114005408224,0.0332183913734575,0.001206350800102));
#4402=CARTESIAN_POINT('',(-0.0407114005408224,0.0332183913734575,0.004140050800102));
#4403=CARTESIAN_POINT('',(-0.0407114005408224,0.0332183913734575,0.003886050800102));
#4404=CARTESIAN_POINT('',(-0.0407114005408224,0.0333735993744003,0.003886050800102));
#4405=CARTESIAN_POINT('',(-0.040711400540824,0.0334631554723568,0.003886050800102));
#4406=CARTESIAN_POINT('',(-0.0407114005408224,0.0333735993744003,0.004140050800102));
#4407=CARTESIAN_POINT('',(-0.0407114005408224,0.0333735993744003,0.004140050800102));
#4408=CARTESIAN_POINT('',(-0.0407114005408224,0.0332183913734575,0.004140050800102));
#4409=CARTESIAN_POINT('',(-0.0407114005408224,0.0334631554723568,0.004140050800102));
#4410=CARTESIAN_POINT('',(-0.0407114005408224,0.0334631554723568,0.004140050800102));
#4411=CARTESIAN_POINT('',(-0.0406673952341543,0.0332183918828749,0.004140050800102));
#4412=CARTESIAN_POINT('',(-0.0406985115648371,0.0331872753120507,0.004140050800102));
#4413=CARTESIAN_POINT('',(-0.0406985115648371,0.0331872753120507,0.001473050800102));
#4414=CARTESIAN_POINT('',(-0.0406985115648371,0.0331872753120507,0.001206350800102));
#4415=CARTESIAN_POINT('',(-0.0406673952341543,0.0332183918828749,0.001473050800102));
#4416=CARTESIAN_POINT('',(-0.0406673952341543,0.0332183918828749,0.001206350800102));
#4417=CARTESIAN_POINT('',(-0.0339853591275912,0.0264741228748048,0.004140050800102));
#4418=CARTESIAN_POINT('',(-0.0339853587273545,0.0264741224745681,0.004140050800102));
#4419=CARTESIAN_POINT('',(-0.0339853587273545,0.0264741224745681,0.001473050800102));
#4420=CARTESIAN_POINT('',(-0.0339853587273545,0.0264741224745681,0.001206350800102));
#4421=CARTESIAN_POINT('',(-0.0339853591275912,0.0264741228748048,0.001473050800102));
#4422=CARTESIAN_POINT('',(-0.0339853591275912,0.0264741228748048,0.001206350800102));
#4423=CARTESIAN_POINT('',(-0.0340372194111166,0.0264222613905691,0.004140050800102));
#4424=CARTESIAN_POINT('',(-0.0339638770457757,0.0264222616735791,0.004140050800102));
#4425=CARTESIAN_POINT('',(-0.0339638770457757,0.0264222616735791,0.001473050800102));
#4426=CARTESIAN_POINT('',(-0.0339638770457757,0.0264222616735791,0.001206350800102));
#4427=CARTESIAN_POINT('',(-0.0340372194111166,0.0264222613905691,0.001473050800102));
#4428=CARTESIAN_POINT('',(-0.0340372194111166,0.0264222613905691,0.001206350800102));
#4429=CARTESIAN_POINT('',(-0.0339543608488055,0.0193321385513558,0.004140050800102));
#4430=CARTESIAN_POINT('',(-0.0339615020859569,0.0246527777528689,0.004140050800102));
#4431=CARTESIAN_POINT('',(-0.0339615020859569,0.0246527777528689,0.003886050800102));
#4432=CARTESIAN_POINT('',(-0.0339615020859569,0.0246527777528689,0.001473050800102));
#4433=CARTESIAN_POINT('',(-0.0339543608488055,0.0193321385513558,0.001473050800102));
#4434=CARTESIAN_POINT('',(-0.0339543608488055,0.0193321385513558,0.001206350800102));
#4435=CARTESIAN_POINT('',(-0.0339448446518352,0.0122420154291284,0.001206350800102));
#4436=CARTESIAN_POINT('',(-0.0339448446518352,0.0122420154291284,0.004140050800102));
#4437=CARTESIAN_POINT('',(-0.0339448446518352,0.0122420154291284,0.004140050800102));
#4438=CARTESIAN_POINT('',(-0.0339543608488055,0.0193321385513558,0.004140050800102));
#4439=CARTESIAN_POINT('',(-0.0339638770457757,0.0264222616735791,0.004140050800102));
#4440=CARTESIAN_POINT('',(-0.0339638770457757,0.0264222616735791,0.004140050800102));
#4441=CARTESIAN_POINT('',(-0.0339638770457757,0.0264222616735791,0.003886050800102));
#4442=CARTESIAN_POINT('',(-0.0339543608488055,0.0193321385513558,0.003886050800102));
#4443=CARTESIAN_POINT('',(-0.0251210073757029,0.00616476910251343,0.004140050800102));
#4444=CARTESIAN_POINT('',(-0.0251210073757029,0.00616476910251343,0.001473050800102));
#4445=CARTESIAN_POINT('',(-0.0162971700995704,8.75227758943277E-5,0.001473050800102));
#4446=CARTESIAN_POINT('',(-0.0338062491596853,0.0121465604791833,0.001473050800102));
#4447=CARTESIAN_POINT('',(-0.0338062491596853,0.0121465604791833,0.004140050800102));
#4448=CARTESIAN_POINT('',(-0.0338062491596853,0.0121465604791833,0.004140050800102));
#4449=CARTESIAN_POINT('',(-0.0251210073757029,0.00616476910251343,0.004140050800102));
#4450=CARTESIAN_POINT('',(-0.0251210073757029,0.00616476910251343,0.001206350800102));
#4451=CARTESIAN_POINT('',(-0.0162971700995704,8.75227758942998E-5,0.001206350800102));
#4452=CARTESIAN_POINT('',(-0.0162971700995704,8.75227758942998E-5,0.004140050800102));
#4453=CARTESIAN_POINT('',(0.00151286165942165,8.75227759138675E-5,0.004140050800102));
#4454=CARTESIAN_POINT('',(0.00151286214000927,8.75227759163655E-5,0.004140050800102));
#4455=CARTESIAN_POINT('',(0.00151286214000927,8.75227759163612E-5,0.001473050800102));
#4456=CARTESIAN_POINT('',(0.00151286214000927,8.75227759163655E-5,0.001206350800102));
#4457=CARTESIAN_POINT('',(0.00151286165942165,8.75227759138675E-5,0.001473050800102));
#4458=CARTESIAN_POINT('',(0.00151286165942165,8.75227759138675E-5,0.001206350800102));
#4459=CARTESIAN_POINT('',(0.00151286165942165,8.75227759138675E-5,0.004140050800102));
#4460=CARTESIAN_POINT('',(0.00151286165942165,8.75227759138675E-5,0.004140050800102));
#4461=CARTESIAN_POINT('',(0.00151286214000927,8.75227759163655E-5,0.004140050800102));
#4462=CARTESIAN_POINT('',(-0.00830446136786708,8.75227759053326E-5,0.004140050800102));
#4463=CARTESIAN_POINT('',(-0.00830446136786708,8.75227759030967E-5,0.004140050800102));
#4464=CARTESIAN_POINT('',(-0.00830446136786708,8.7522775908482E-5,0.003886050800102));
#4465=CARTESIAN_POINT('',(0.00151286165942165,8.75227759138675E-5,0.003886050800102));
#4466=CARTESIAN_POINT('',(0.00151286214000927,8.75227759163612E-5,0.003886050800102));
#4467=CARTESIAN_POINT('',(0.00151286214000927,8.75227759163655E-5,0.004140050800102));
#4468=CARTESIAN_POINT('',(0.00151286238030334,1.41796755818158E-5,0.004140050800102));
#4469=CARTESIAN_POINT('',(0.00156752018234334,6.30850438260444E-5,0.004140050800102));
#4470=CARTESIAN_POINT('',(0.00156752018234445,6.30850438270601E-5,0.001473050800102));
#4471=CARTESIAN_POINT('',(0.00156752018234334,6.30850438260444E-5,0.001206350800102));
#4472=CARTESIAN_POINT('',(0.00151286238030334,1.41796755818158E-5,0.001473050800102));
#4473=CARTESIAN_POINT('',(0.00151286238030334,1.41796755818158E-5,0.001206350800102));
#4474=CARTESIAN_POINT('',(0.00302337711782937,-0.00155305539924824,0.004140050800102));
#4475=CARTESIAN_POINT('',(0.00447923405331425,-0.00316919584232351,0.004140050800102));
#4476=CARTESIAN_POINT('',(0.00447923405331425,-0.00316919584232353,0.001473050800102));
#4477=CARTESIAN_POINT('',(0.00447923405331425,-0.00316919584232351,0.001206350800102));
#4478=CARTESIAN_POINT('',(0.00302337711782937,-0.00155305539924824,0.001473050800102));
#4479=CARTESIAN_POINT('',(0.00302337711782937,-0.00155305539924824,0.001206350800102));
#4480=CARTESIAN_POINT('',(0.0135033739930311,-0.00316530576311952,0.004140050800102));
#4481=CARTESIAN_POINT('',(0.0225275139327479,-0.00316141568391548,0.004140050800102));
#4482=CARTESIAN_POINT('',(0.0225275139327479,-0.00316141568391551,0.001473050800102));
#4483=CARTESIAN_POINT('',(0.0225275139327479,-0.00316141568391548,0.001206350800102));
#4484=CARTESIAN_POINT('',(0.0135033739930311,-0.00316530576311952,0.001473050800102));
#4485=CARTESIAN_POINT('',(0.0135033739930311,-0.00316530576311952,0.001206350800102));
#4486=CARTESIAN_POINT('',(0.0361458011714521,0.0062426196536837,0.004140050800102));
#4487=CARTESIAN_POINT('',(0.0361458011714521,0.0062426196536837,0.004140050800102));
#4488=CARTESIAN_POINT('',(0.0497640884101563,0.0156466549912829,0.004140050800102));
#4489=CARTESIAN_POINT('',(0.0493444174199189,0.0153568534359785,0.004140050800102));
#4490=CARTESIAN_POINT('',(0.0493444174199189,0.0153568534359785,0.004140050800102));
#4491=CARTESIAN_POINT('',(0.0493444174199189,0.0153568534359785,0.001473050800102));
#4492=CARTESIAN_POINT('',(0.0361458011714521,0.0062426196536837,0.001473050800102));
#4493=CARTESIAN_POINT('',(0.0361458011714521,0.0062426196536837,0.001206350800102));
#4494=CARTESIAN_POINT('',(0.0497640884101563,0.0156466549912829,0.001206350800102));
#4495=CARTESIAN_POINT('',(0.0497640884101563,0.0156466549912829,0.004140050800102));
#4496=CARTESIAN_POINT('',(0.0415344454218416,0.0509892506988981,0.004140050800102));
#4497=CARTESIAN_POINT('',(0.0415344454218416,0.0509892506988981,0.001473050800102));
#4498=CARTESIAN_POINT('',(0.0333048024321541,0.0559094311037595,0.001473050800102));
#4499=CARTESIAN_POINT('',(0.048056702282914,0.0470898494194579,0.001473050800102));
#4500=CARTESIAN_POINT('',(0.048056702282914,0.0470898494194579,0.004140050800102));
#4501=CARTESIAN_POINT('',(0.048056702282914,0.0470898494194579,0.004140050800102));
#4502=CARTESIAN_POINT('',(0.0415344454218416,0.0509892506988981,0.004140050800102));
#4503=CARTESIAN_POINT('',(0.0497640884101471,0.0460690702948571,0.004140050800102));
#4504=CARTESIAN_POINT('',(0.0497640884101471,0.0460690702948571,0.004140050800102));
#4505=CARTESIAN_POINT('',(0.0497640884101471,0.0460690702948571,0.001206350800102));
#4506=CARTESIAN_POINT('',(0.0415344454218416,0.0509892506988981,0.001206350800102));
#4507=CARTESIAN_POINT('',(0.0333048024321541,0.0559094311037595,0.001206350800102));
#4508=CARTESIAN_POINT('',(0.0333048024321541,0.0559094311037595,0.004140050800102));
#4509=CARTESIAN_POINT('',(0.0332822649238859,0.0558716337199488,0.004140050800102));
#4510=CARTESIAN_POINT('',(0.0332822641628603,0.055915640327369,0.004140050800102));
#4511=CARTESIAN_POINT('',(0.0332822641628603,0.055915640327369,0.001473050800102));
#4512=CARTESIAN_POINT('',(0.0332822641628603,0.055915640327369,0.001206350800102));
#4513=CARTESIAN_POINT('',(0.0332822649238859,0.0558716337199488,0.001473050800102));
#4514=CARTESIAN_POINT('',(0.0332822649238859,0.0558716337199488,0.001206350800102));
#4515=CARTESIAN_POINT('',(-0.0343048582788148,0.055915640327357,0.004140050800102));
#4516=CARTESIAN_POINT('',(-0.0343048582788148,0.055915640327357,0.004140050800102));
#4517=CARTESIAN_POINT('',(-0.0343048573464156,0.0559156403273764,0.004140050800102));
#4518=CARTESIAN_POINT('',(-0.0329483404024591,0.0559156403273573,0.004140050800102));
#4519=CARTESIAN_POINT('',(-0.0329483404024591,0.0559156403273573,0.004140050800102));
#4520=CARTESIAN_POINT('',(-0.0329483404024591,0.0559156403273573,0.001473050800102));
#4521=CARTESIAN_POINT('',(-0.0343048582788148,0.055915640327357,0.001473050800102));
#4522=CARTESIAN_POINT('',(-0.0343048582788148,0.055915640327357,0.001206350800102));
#4523=CARTESIAN_POINT('',(-0.0343048573464156,0.0559156403273764,0.001206350800102));
#4524=CARTESIAN_POINT('',(-0.0343048573464156,0.0559156403273764,0.004140050800102));
#4525=CARTESIAN_POINT('',(0.00461596458141378,0.037802646931363,0.004140050800102));
#4526=CARTESIAN_POINT('',(0.00461596458141378,0.037802646931363,0.001473050800102));
#4527=CARTESIAN_POINT('',(0.00461596458141378,0.037802646931363,0.001206350800102));
#4528=CARTESIAN_POINT('',(0.00669652472152931,0.0267946297298982,0.004140050800102));
#4529=CARTESIAN_POINT('',(-0.021674570950079,0.0644171710676999,0.004140050800102));
#4530=CARTESIAN_POINT('',(-0.0372912359941249,0.053455039578427,0.004140050800102));
#4531=CARTESIAN_POINT('',(-0.0402776146418343,0.0509944388294969,0.004140050800102));
#4532=CARTESIAN_POINT('',(-0.0404051407379545,0.0508669127329042,0.004140050800102));
#4533=CARTESIAN_POINT('',(0.00669652472152931,0.0267946297298982,0.004140050800102));
#4534=CARTESIAN_POINT('',(0.0487612303964295,0.027465352925774,0.004140050800102));
#4535=CARTESIAN_POINT('',(0.0487612303964295,0.0271188529257741,0.004140050800102));
#4536=CARTESIAN_POINT('',(0.0487612303964295,0.027811852925774,0.004140050800102));
#4537=CARTESIAN_POINT('',(0.00461596458141378,0.0271188529257741,0.004140050800102));
#4538=CARTESIAN_POINT('',(0.0480682303964296,0.0271188529257741,0.004140050800102));
#4539=CARTESIAN_POINT('',(0.0480682303964296,0.027465352925774,0.004140050800102));
#4540=CARTESIAN_POINT('',(0.0480682303964296,0.027811852925774,0.004140050800102));
#4541=CARTESIAN_POINT('',(0.00461596458141378,0.027811852925774,0.004140050800102));
#4542=CARTESIAN_POINT('',(0.0440833923852563,0.027465352925774,0.004140050800102));
#4543=CARTESIAN_POINT('',(0.0440833923852563,0.0271188529257741,0.004140050800102));
#4544=CARTESIAN_POINT('',(0.0440833923852563,0.027811852925774,0.004140050800102));
#4545=CARTESIAN_POINT('',(0.0430438923852563,0.0271188529257741,0.004140050800102));
#4546=CARTESIAN_POINT('',(0.0430438923852563,0.0271188529257741,0.004140050800102));
#4547=CARTESIAN_POINT('',(0.0430438923852563,0.027465352925774,0.004140050800102));
#4548=CARTESIAN_POINT('',(0.0430438923852563,0.027811852925774,0.004140050800102));
#4549=CARTESIAN_POINT('',(0.0440833923852563,0.027811852925774,0.004140050800102));
#4550=CARTESIAN_POINT('',(0.00568982234461894,0.0018478372412433,0.004140050800102));
#4551=CARTESIAN_POINT('',(0.00609408701315151,0.0018478372412433,0.004140050800102));
#4552=CARTESIAN_POINT('',(0.00528555767608719,0.0018478372412433,0.004140050800102));
#4553=CARTESIAN_POINT('',(0.00609408701315359,-0.000231133421697782,0.004140050800102));
#4554=CARTESIAN_POINT('',(0.0052855576760843,0.0018478372412433,0.004140050800102));
#4555=CARTESIAN_POINT('',(0.000940093871159753,0.00455912419831697,0.004140050800102));
#4556=CARTESIAN_POINT('',(0.00128659387115975,0.00455912419831697,0.004140050800102));
#4557=CARTESIAN_POINT('',(0.000593593871159743,0.00455912419831697,0.004140050800102));
#4558=CARTESIAN_POINT('',(0.00128659387115975,0.0294574484816668,0.004140050800102));
#4559=CARTESIAN_POINT('',(0.00128659387115975,0.00386612419831698,0.004140050800102));
#4560=CARTESIAN_POINT('',(0.000940093871159753,0.00386612419831698,0.004140050800102));
#4561=CARTESIAN_POINT('',(0.000593593871159743,0.00386612419831698,0.004140050800102));
#4562=CARTESIAN_POINT('',(0.000593593871159743,0.0294574484816668,0.004140050800102));
#4563=CARTESIAN_POINT('',(-0.00905070013442111,0.00455912419831697,0.004140050800102));
#4564=CARTESIAN_POINT('',(-0.0087042001344211,0.00455912419831697,0.004140050800102));
#4565=CARTESIAN_POINT('',(-0.0093972001344211,0.00455912419831697,0.004140050800102));
#4566=CARTESIAN_POINT('',(-0.0087042001344211,0.0294574484816668,0.004140050800102));
#4567=CARTESIAN_POINT('',(-0.0087042001344211,0.00386612419831698,0.004140050800102));
#4568=CARTESIAN_POINT('',(-0.00905070013442111,0.00386612419831698,0.004140050800102));
#4569=CARTESIAN_POINT('',(-0.0093972001344211,0.00386612419831698,0.004140050800102));
#4570=CARTESIAN_POINT('',(-0.0093972001344211,0.0294574484816668,0.004140050800102));
#4571=CARTESIAN_POINT('',(-0.0280247655395513,0.0295464798625279,0.004140050800102));
#4572=CARTESIAN_POINT('',(-0.0280247655395513,0.0291422151939991,0.004140050800102));
#4573=CARTESIAN_POINT('',(-0.0280247655395513,0.0299507445310574,0.004140050800102));
#4574=CARTESIAN_POINT('',(-0.0301037362024924,0.0291422151939991,0.004140050800102));
#4575=CARTESIAN_POINT('',(-0.0301037362024924,0.0291422151939991,0.004140050800102));
#4576=CARTESIAN_POINT('',(-0.0301037362024924,0.0295464798625279,0.004140050800102));
#4577=CARTESIAN_POINT('',(-0.0301037362024924,0.0299507445310574,0.004140050800102));
#4578=CARTESIAN_POINT('',(-0.0280247655395513,0.029950744531058,0.004140050800102));
#4579=CARTESIAN_POINT('',(-0.00905070013442111,0.00958346220949255,0.004140050800102));
#4580=CARTESIAN_POINT('',(-0.0087042001344211,0.00958346220949255,0.004140050800102));
#4581=CARTESIAN_POINT('',(-0.0093972001344211,0.00958346220949255,0.004140050800102));
#4582=CARTESIAN_POINT('',(-0.0087042001344211,0.00854396220949252,0.004140050800102));
#4583=CARTESIAN_POINT('',(-0.0087042001344211,0.00854396220949252,0.004140050800102));
#4584=CARTESIAN_POINT('',(-0.00905070013442111,0.00854396220949252,0.004140050800102));
#4585=CARTESIAN_POINT('',(-0.0093972001344211,0.00854396220949252,0.004140050800102));
#4586=CARTESIAN_POINT('',(-0.0093972001344211,0.00958346220949255,0.004140050800102));
#4587=CARTESIAN_POINT('',(-0.0073932149934556,0.00846297725902342,0.004140050800102));
#4588=CARTESIAN_POINT('',(-0.00698895032492673,0.00846297725902342,0.004140050800102));
#4589=CARTESIAN_POINT('',(-0.000717273921574761,0.00846297725902342,0.004140050800102));
#4590=CARTESIAN_POINT('',(-0.000313009253045886,0.00846297725902342,0.004140050800102));
#4591=CARTESIAN_POINT('',(0.000940093871159753,0.00958344754096366,0.004140050800102));
#4592=CARTESIAN_POINT('',(0.00128659387115975,0.00958344754096366,0.004140050800102));
#4593=CARTESIAN_POINT('',(0.000593593871159743,0.00958344754096366,0.004140050800102));
#4594=CARTESIAN_POINT('',(0.00128659387115975,0.00854391820390474,0.004140050800102));
#4595=CARTESIAN_POINT('',(0.00128659387115975,0.00854391820390474,0.004140050800102));
#4596=CARTESIAN_POINT('',(0.000940093871159753,0.00854391820390474,0.004140050800102));
#4597=CARTESIAN_POINT('',(0.000593593871159743,0.00854391820390474,0.004140050800102));
#4598=CARTESIAN_POINT('',(0.000593593871159743,0.00958344754096366,0.004140050800102));
#4599=CARTESIAN_POINT('',(0.0440834363908487,0.037456146931363,0.004140050800102));
#4600=CARTESIAN_POINT('',(0.0440834363908487,0.037109646931363,0.004140050800102));
#4601=CARTESIAN_POINT('',(0.0440834363908487,0.037802646931363,0.004140050800102));
#4602=CARTESIAN_POINT('',(0.043043907053791,0.037109646931363,0.004140050800102));
#4603=CARTESIAN_POINT('',(0.043043907053791,0.037109646931363,0.004140050800102));
#4604=CARTESIAN_POINT('',(0.043043907053791,0.037456146931363,0.004140050800102));
#4605=CARTESIAN_POINT('',(0.043043907053791,0.037802646931363,0.004140050800102));
#4606=CARTESIAN_POINT('',(0.0440834363908487,0.037802646931363,0.004140050800102));
#4607=CARTESIAN_POINT('',(0.0441643773357335,0.0291228380667442,0.004140050800102));
#4608=CARTESIAN_POINT('',(0.0445686420042624,0.0291228380667442,0.004140050800102));
#4609=CARTESIAN_POINT('',(0.0441643773357335,0.0357987791386273,0.004140050800102));
#4610=CARTESIAN_POINT('',(0.0445686420042624,0.0357987791386273,0.004140050800102));
#4611=CARTESIAN_POINT('',(0.0487612303964295,0.037456146931363,0.004140050800102));
#4612=CARTESIAN_POINT('',(0.0487612303964295,0.037109646931363,0.004140050800102));
#4613=CARTESIAN_POINT('',(0.0487612303964295,0.037802646931363,0.004140050800102));
#4614=CARTESIAN_POINT('',(0.00461596458141378,0.037109646931363,0.004140050800102));
#4615=CARTESIAN_POINT('',(0.0480682303964296,0.037109646931363,0.004140050800102));
#4616=CARTESIAN_POINT('',(0.0480682303964296,0.037456146931363,0.004140050800102));
#4617=CARTESIAN_POINT('',(0.0480682303964296,0.037802646931363,0.004140050800102));
#4618=CARTESIAN_POINT('',(0.00461596458141378,0.037802646931363,0.004140050800102));
#4619=CARTESIAN_POINT('',(0.0239277012801982,0.00181091290834454,0.004140050800102));
#4620=CARTESIAN_POINT('',(0.0457083720838439,0.0168329605429897,0.004140050800102));
#4621=CARTESIAN_POINT('',(0.0456856587799255,0.0168658928706951,0.004140050800102));
#4622=CARTESIAN_POINT('',(0.045725664184354,0.0168658928143601,0.004140050800102));
#4623=CARTESIAN_POINT('',(0.0457256641843541,0.0267946297298984,0.004140050800102));
#4624=CARTESIAN_POINT('',(0.0457256641843541,0.0234926007688046,0.004140050800102));
#4625=CARTESIAN_POINT('',(0.00669652472152931,0.0234926007688046,0.004140050800102));
#4626=CARTESIAN_POINT('',(0.0493444174199189,0.0234926007688046,0.004140050800102));
#4627=CARTESIAN_POINT('',(0.0493444174199189,0.0267946297298982,0.004140050800102));
#4628=CARTESIAN_POINT('',(0.0497640884101563,0.0460690702555586,0.004140050800102));
#4629=CARTESIAN_POINT('',(0.048056702282914,0.0267946297298982,0.004140050800102));
#4630=CARTESIAN_POINT('',(0.048056702282914,0.0407651688342029,0.004140050800102));
#4631=CARTESIAN_POINT('',(0.00669652472152931,0.0407651688342029,0.004140050800102));
#4632=CARTESIAN_POINT('',(0.045725664184354,0.0407651688342029,0.004140050800102));
#4633=CARTESIAN_POINT('',(0.0457256641843541,0.0267946297298984,0.004140050800102));
#4634=CARTESIAN_POINT('',(0.0457256641843454,0.0445226340172904,0.004140050800102));
#4635=CARTESIAN_POINT('',(0.04568566075213,0.0445226340172904,0.004140050800102));
#4636=CARTESIAN_POINT('',(0.0457061498674612,0.0445569919965891,0.004140050800102));
#4637=CARTESIAN_POINT('',(0.0247437181033943,0.0570577761172505,0.004140050800102));
#4638=CARTESIAN_POINT('',(0.0307626787217393,0.0534684154855172,0.004140050800102));
#4639=CARTESIAN_POINT('',(0.0307421882877445,0.0534340552949655,0.004140050800102));
#4640=CARTESIAN_POINT('',(0.0307421875959031,0.0534740613017114,0.004140050800102));
#4641=CARTESIAN_POINT('',(0.00669652472152444,0.053474061301707,0.004140050800102));
#4642=CARTESIAN_POINT('',(-0.0307006501398023,0.0534740613017179,0.004140050800102));
#4643=CARTESIAN_POINT('',(-0.0307006497159845,0.0534340582818585,0.004140050800102));
#4644=CARTESIAN_POINT('',(-0.0307261276889326,0.0534648984260333,0.004140050800102));
#4645=CARTESIAN_POINT('',(-0.0215792501808547,0.0610214097182475,0.004140050800102));
#4646=CARTESIAN_POINT('',(-0.0361304294992739,0.049000241758191,0.004140050800102));
#4647=CARTESIAN_POINT('',(-0.025819758482391,0.059310912813292,0.004140050800102));
#4648=CARTESIAN_POINT('',(-0.0362463625322753,0.0488843087247622,0.004140050800102));
#4649=CARTESIAN_POINT('',(-0.036218074958891,0.0488560209331369,0.004140050800102));
#4650=CARTESIAN_POINT('',(-0.0362580797831347,0.0488560209331369,0.004140050800102));
#4651=CARTESIAN_POINT('',(-0.0362580797831347,0.0267946297298982,0.004140050800102));
#4652=CARTESIAN_POINT('',(-0.0362580797831347,0.0497196815463581,0.004140050800102));
#4653=CARTESIAN_POINT('',(0.00669652472152931,0.0497196815463581,0.004140050800102));
#4654=CARTESIAN_POINT('',(-0.0404060076304902,0.0497196815463581,0.004140050800102));
#4655=CARTESIAN_POINT('',(-0.040411585466108,0.0423360223500255,0.004140050800102));
#4656=CARTESIAN_POINT('',(-0.0404180299540817,0.0338051322064493,0.004140050800102));
#4657=CARTESIAN_POINT('',(-0.040491372319422,0.0338051330563571,0.004140050800102));
#4658=CARTESIAN_POINT('',(-0.0404395116356598,0.0337532719723583,0.004140050800102));
#4659=CARTESIAN_POINT('',(-0.0406985113246956,0.0334942722833225,0.004140050800102));
#4660=CARTESIAN_POINT('',(-0.0406985115648388,0.0334942720431828,0.004140050800102));
#4661=CARTESIAN_POINT('',(-0.0406673952341543,0.0334631554723568,0.004140050800102));
#4662=CARTESIAN_POINT('',(0.00669652472152931,0.0333735993744003,0.004140050800102));
#4663=CARTESIAN_POINT('',(-0.0362580797831347,0.0333735993744003,0.004140050800102));
#4664=CARTESIAN_POINT('',(-0.00541925009575334,0.0496916902951284,0.004140050800102));
#4665=CARTESIAN_POINT('',(-0.0367921531569059,0.0330909992251766,0.004140050800102));
#4666=CARTESIAN_POINT('',(-0.0118994616580638,0.00819849983510395,0.004140050800102));
#4667=CARTESIAN_POINT('',(-0.03651306306564,0.0328119112877854,0.004140050800102));
#4668=CARTESIAN_POINT('',(-0.011996895664673,0.00818515442946275,0.004140050800102));
#4669=CARTESIAN_POINT('',(-0.0338582274843679,0.0301451000652353,0.004140050800102));
#4670=CARTESIAN_POINT('',(0.00669652472152931,0.0301451000652353,0.004140050800102));
#4671=CARTESIAN_POINT('',(-0.0376563363180217,0.0301451000652353,0.004140050800102));
#4672=CARTESIAN_POINT('',(-0.0339853591275912,0.0264741228748048,0.004140050800102));
#4673=CARTESIAN_POINT('',(-0.0339853587273545,0.0264741224745681,0.004140050800102));
#4674=CARTESIAN_POINT('',(-0.0340372194111166,0.0264222613905691,0.004140050800102));
#4675=CARTESIAN_POINT('',(-0.0338062491596853,0.0267946297298982,0.004140050800102));
#4676=CARTESIAN_POINT('',(-0.0338062491596853,0.0152030233293772,0.004140050800102));
#4677=CARTESIAN_POINT('',(0.00669652472152931,0.0152030233293772,0.004140050800102));
#4678=CARTESIAN_POINT('',(-0.0303906680483134,0.0152030233293772,0.004140050800102));
#4679=CARTESIAN_POINT('',(-0.0303906680483114,0.0267946297299046,0.004140050800102));
#4680=CARTESIAN_POINT('',(-0.0280247655395513,0.0150510391716468,0.004140050800102));
#4681=CARTESIAN_POINT('',(-0.0280247655395513,0.0150510391716468,0.004140050800102));
#4682=CARTESIAN_POINT('',(-0.0280247655395513,0.0146467745031179,0.004140050800102));
#4683=CARTESIAN_POINT('',(-0.0280247655395513,0.0142425098345884,0.004140050800102));
#4684=CARTESIAN_POINT('',(-0.0301037362024924,0.0142425098345879,0.004140050800102));
#4685=CARTESIAN_POINT('',(-0.0303906680483114,0.0267946297299046,0.004140050800102));
#4686=CARTESIAN_POINT('',(-0.0303906680483218,0.0138037046562005,0.004140050800102));
#4687=CARTESIAN_POINT('',(-0.0303506631606206,0.0138037049429409,0.004140050800102));
#4688=CARTESIAN_POINT('',(-0.0303733665547738,0.0137707664102815,0.004140050800102));
#4689=CARTESIAN_POINT('',(-0.0113283929420496,0.000643723167707652,0.004140050800102));
#4690=CARTESIAN_POINT('',(-0.0143527282176486,0.00272829313089762,0.004140050800102));
#4691=CARTESIAN_POINT('',(-0.01433002607057,0.0027612298542766,0.004140050800102));
#4692=CARTESIAN_POINT('',(-0.0143300253699431,0.00272122716400681,0.004140050800102));
#4693=CARTESIAN_POINT('',(0.00666355459153189,0.00269250931476703,0.004140050800102));
#4694=CARTESIAN_POINT('',(-0.00830446136786708,0.0027129845851368,0.004140050800102));
#4695=CARTESIAN_POINT('',(-0.00830446136786708,0.0267946297298982,0.004140050800102));
#4696=CARTESIAN_POINT('',(0.00151286238030334,1.41796755818158E-5,0.004140050800102));
#4697=CARTESIAN_POINT('',(0.00156752018234334,6.30850438260444E-5,0.004140050800102));
#4698=CARTESIAN_POINT('',(0.00302337711782937,-0.00155305539924824,0.004140050800102));
#4699=CARTESIAN_POINT('',(0.00447923405331425,-0.00316919584232351,0.004140050800102));
#4700=CARTESIAN_POINT('',(0.0135033739930311,-0.00316530576311952,0.004140050800102));
#4701=CARTESIAN_POINT('',(0.0206372011452913,-0.00316223055009806,0.004140050800102));
#4702=CARTESIAN_POINT('',(0.0206372011452913,0.0267946297298982,0.004140050800102));
#4703=CARTESIAN_POINT('',(0.0201852630355001,0.0018478372412433,0.004140050800102));
#4704=CARTESIAN_POINT('',(0.020185263035503,0.0018478372412433,0.004140050800102));
#4705=CARTESIAN_POINT('',(0.0205895277040348,0.0018478372412433,0.004140050800102));
#4706=CARTESIAN_POINT('',(0.0487612303964295,0.037456146931363,0.004140050800102));
#4707=CARTESIAN_POINT('',(0.0487612303964295,0.037456146931363,0.003886050800102));
#4708=CARTESIAN_POINT('',(0.0487612303964295,0.037109646931363,0.003886050800102));
#4709=CARTESIAN_POINT('',(0.0487612303964295,0.037802646931363,0.003886050800102));
#4710=CARTESIAN_POINT('',(0.0487612303964295,0.037109646931363,0.004140050800102));
#4711=CARTESIAN_POINT('',(0.0487612303964295,0.037802646931363,0.004140050800102));
#4712=CARTESIAN_POINT('',(0.00461596458141378,0.037109646931363,0.004140050800102));
#4713=CARTESIAN_POINT('',(0.00461596458141378,0.037109646931363,0.003886050800102));
#4714=CARTESIAN_POINT('',(0.0480682303964296,0.037109646931363,0.003886050800102));
#4715=CARTESIAN_POINT('',(0.0480682303964296,0.037109646931363,0.004140050800102));
#4716=CARTESIAN_POINT('',(0.0480682303964296,0.037456146931363,0.004140050800102));
#4717=CARTESIAN_POINT('',(0.0480682303964296,0.037456146931363,0.003886050800102));
#4718=CARTESIAN_POINT('',(0.0480682303964296,0.037802646931363,0.003886050800102));
#4719=CARTESIAN_POINT('',(0.0480682303964296,0.037802646931363,0.004140050800102));
#4720=CARTESIAN_POINT('',(0.0440834363908487,0.037456146931363,0.004140050800102));
#4721=CARTESIAN_POINT('',(0.0440834363908487,0.037456146931363,0.001206350800102));
#4722=CARTESIAN_POINT('',(0.0440834363908487,0.037109646931363,0.001206350800102));
#4723=CARTESIAN_POINT('',(0.0440834363908487,0.037802646931363,0.001206350800102));
#4724=CARTESIAN_POINT('',(0.0440834363908487,0.037109646931363,0.004140050800102));
#4725=CARTESIAN_POINT('',(0.0440834363908487,0.037802646931363,0.004140050800102));
#4726=CARTESIAN_POINT('',(0.043043907053791,0.037109646931363,0.004140050800102));
#4727=CARTESIAN_POINT('',(0.043043907053791,0.037109646931363,0.001206350800102));
#4728=CARTESIAN_POINT('',(0.043043907053791,0.037109646931363,0.001206350800102));
#4729=CARTESIAN_POINT('',(0.043043907053791,0.037109646931363,0.004140050800102));
#4730=CARTESIAN_POINT('',(0.043043907053791,0.037456146931363,0.004140050800102));
#4731=CARTESIAN_POINT('',(0.043043907053791,0.037456146931363,0.001206350800102));
#4732=CARTESIAN_POINT('',(0.043043907053791,0.037802646931363,0.001206350800102));
#4733=CARTESIAN_POINT('',(0.043043907053791,0.037802646931363,0.004140050800102));
#4734=CARTESIAN_POINT('',(0.0205895277040348,0.0018478372412433,0.004140050800102));
#4735=CARTESIAN_POINT('',(0.0205895277040348,0.0018478372412433,0.001206350800102));
#4736=CARTESIAN_POINT('',(0.020185263035503,0.0018478372412433,0.001206350800102));
#4737=CARTESIAN_POINT('',(0.020185263035503,0.0018478372412433,0.004140050800102));
#4738=CARTESIAN_POINT('',(0.000940093871159753,0.00958344754096366,0.004140050800102));
#4739=CARTESIAN_POINT('',(0.000940093871159753,0.00958344754096366,0.001206350800102));
#4740=CARTESIAN_POINT('',(0.00128659387115975,0.00958344754096366,0.001206350800102));
#4741=CARTESIAN_POINT('',(0.000593593871159743,0.00958344754096366,0.001206350800102));
#4742=CARTESIAN_POINT('',(0.00128659387115975,0.00958344754096366,0.004140050800102));
#4743=CARTESIAN_POINT('',(0.000593593871159743,0.00958344754096366,0.004140050800102));
#4744=CARTESIAN_POINT('',(0.00128659387115975,0.00854391820390474,0.004140050800102));
#4745=CARTESIAN_POINT('',(0.00128659387115975,0.00854391820390474,0.001206350800102));
#4746=CARTESIAN_POINT('',(0.00128659387115975,0.00854391820390474,0.001206350800102));
#4747=CARTESIAN_POINT('',(0.00128659387115975,0.00854391820390474,0.004140050800102));
#4748=CARTESIAN_POINT('',(0.000940093871159753,0.00854391820390474,0.004140050800102));
#4749=CARTESIAN_POINT('',(0.000940093871159753,0.00854391820390474,0.001206350800102));
#4750=CARTESIAN_POINT('',(0.000593593871159743,0.00854391820390474,0.001206350800102));
#4751=CARTESIAN_POINT('',(0.000593593871159743,0.00854391820390474,0.004140050800102));
#4752=CARTESIAN_POINT('',(-0.00905070013442111,0.00958346220949255,0.004140050800102));
#4753=CARTESIAN_POINT('',(-0.00905070013442111,0.00958346220949255,0.001206350800102));
#4754=CARTESIAN_POINT('',(-0.0087042001344211,0.00958346220949255,0.001206350800102));
#4755=CARTESIAN_POINT('',(-0.0093972001344211,0.00958346220949255,0.001206350800102));
#4756=CARTESIAN_POINT('',(-0.0087042001344211,0.00958346220949255,0.004140050800102));
#4757=CARTESIAN_POINT('',(-0.0093972001344211,0.00958346220949255,0.004140050800102));
#4758=CARTESIAN_POINT('',(-0.0087042001344211,0.00854396220949252,0.004140050800102));
#4759=CARTESIAN_POINT('',(-0.0087042001344211,0.00854396220949252,0.001206350800102));
#4760=CARTESIAN_POINT('',(-0.0087042001344211,0.00854396220949252,0.001206350800102));
#4761=CARTESIAN_POINT('',(-0.0087042001344211,0.00854396220949252,0.004140050800102));
#4762=CARTESIAN_POINT('',(-0.00905070013442111,0.00854396220949252,0.004140050800102));
#4763=CARTESIAN_POINT('',(-0.00905070013442111,0.00854396220949252,0.001206350800102));
#4764=CARTESIAN_POINT('',(-0.0093972001344211,0.00854396220949252,0.001206350800102));
#4765=CARTESIAN_POINT('',(-0.0093972001344211,0.00854396220949252,0.004140050800102));
#4766=CARTESIAN_POINT('',(-0.0280247655395513,0.0146467745031179,0.004140050800102));
#4767=CARTESIAN_POINT('',(-0.0280247655395513,0.0146467745031179,0.001206350800102));
#4768=CARTESIAN_POINT('',(-0.0280247655395513,0.0142425098345884,0.001206350800102));
#4769=CARTESIAN_POINT('',(-0.0280247655395513,0.0150510391716468,0.001206350800102));
#4770=CARTESIAN_POINT('',(-0.0280247655395513,0.0142425098345884,0.004140050800102));
#4771=CARTESIAN_POINT('',(-0.0280247655395513,0.0150510391716468,0.004140050800102));
#4772=CARTESIAN_POINT('',(-0.0301037362024924,0.0142425098345879,0.004140050800102));
#4773=CARTESIAN_POINT('',(-0.0301037362024924,0.0142425098345879,0.001206350800102));
#4774=CARTESIAN_POINT('',(-0.0280247655395513,0.0295464798625279,0.004140050800102));
#4775=CARTESIAN_POINT('',(-0.0280247655395513,0.0295464798625279,0.001206350800102));
#4776=CARTESIAN_POINT('',(-0.0280247655395513,0.0291422151939991,0.001206350800102));
#4777=CARTESIAN_POINT('',(-0.0280247655395513,0.0299507445310574,0.001206350800102));
#4778=CARTESIAN_POINT('',(-0.0280247655395513,0.0291422151939991,0.004140050800102));
#4779=CARTESIAN_POINT('',(-0.0280247655395513,0.0299507445310574,0.004140050800102));
#4780=CARTESIAN_POINT('',(-0.0301037362024924,0.0291422151939991,0.004140050800102));
#4781=CARTESIAN_POINT('',(-0.0301037362024924,0.0291422151939991,0.001206350800102));
#4782=CARTESIAN_POINT('',(-0.0301037362024924,0.0291422151939991,0.001206350800102));
#4783=CARTESIAN_POINT('',(-0.0301037362024924,0.0291422151939991,0.004140050800102));
#4784=CARTESIAN_POINT('',(-0.0301037362024924,0.0295464798625279,0.004140050800102));
#4785=CARTESIAN_POINT('',(-0.0301037362024924,0.0295464798625279,0.001206350800102));
#4786=CARTESIAN_POINT('',(-0.0301037362024924,0.0299507445310574,0.001206350800102));
#4787=CARTESIAN_POINT('',(-0.0301037362024924,0.0299507445310574,0.004140050800102));
#4788=CARTESIAN_POINT('',(-0.00905070013442111,0.00455912419831697,0.004140050800102));
#4789=CARTESIAN_POINT('',(-0.00905070013442111,0.00455912419831697,0.001206350800102));
#4790=CARTESIAN_POINT('',(-0.0087042001344211,0.00455912419831697,0.001206350800102));
#4791=CARTESIAN_POINT('',(-0.0093972001344211,0.00455912419831697,0.001206350800102));
#4792=CARTESIAN_POINT('',(-0.0087042001344211,0.00455912419831697,0.004140050800102));
#4793=CARTESIAN_POINT('',(-0.0093972001344211,0.00455912419831697,0.004140050800102));
#4794=CARTESIAN_POINT('',(-0.0087042001344211,0.0294574484816668,0.004140050800102));
#4795=CARTESIAN_POINT('',(-0.0087042001344211,0.0294574484816668,0.001206350800102));
#4796=CARTESIAN_POINT('',(-0.0087042001344211,0.00386612419831698,0.001206350800102));
#4797=CARTESIAN_POINT('',(-0.0087042001344211,0.00386612419831698,0.004140050800102));
#4798=CARTESIAN_POINT('',(-0.00905070013442111,0.00386612419831698,0.004140050800102));
#4799=CARTESIAN_POINT('',(-0.00905070013442111,0.00386612419831698,0.001206350800102));
#4800=CARTESIAN_POINT('',(-0.0093972001344211,0.00386612419831698,0.001206350800102));
#4801=CARTESIAN_POINT('',(-0.0093972001344211,0.00386612419831698,0.004140050800102));
#4802=CARTESIAN_POINT('',(0.000940093871159753,0.00455912419831697,0.004140050800102));
#4803=CARTESIAN_POINT('',(0.000940093871159753,0.00455912419831697,0.001206350800102));
#4804=CARTESIAN_POINT('',(0.00128659387115975,0.00455912419831697,0.001206350800102));
#4805=CARTESIAN_POINT('',(0.000593593871159743,0.00455912419831697,0.001206350800102));
#4806=CARTESIAN_POINT('',(0.00128659387115975,0.00455912419831697,0.004140050800102));
#4807=CARTESIAN_POINT('',(0.000593593871159743,0.00455912419831697,0.004140050800102));
#4808=CARTESIAN_POINT('',(0.00128659387115975,0.0294574484816668,0.004140050800102));
#4809=CARTESIAN_POINT('',(0.00128659387115975,0.0294574484816668,0.001206350800102));
#4810=CARTESIAN_POINT('',(0.00128659387115975,0.00386612419831698,0.001206350800102));
#4811=CARTESIAN_POINT('',(0.00128659387115975,0.00386612419831698,0.004140050800102));
#4812=CARTESIAN_POINT('',(0.000940093871159753,0.00386612419831698,0.004140050800102));
#4813=CARTESIAN_POINT('',(0.000940093871159753,0.00386612419831698,0.001206350800102));
#4814=CARTESIAN_POINT('',(0.000593593871159743,0.00386612419831698,0.001206350800102));
#4815=CARTESIAN_POINT('',(0.000593593871159743,0.00386612419831698,0.004140050800102));
#4816=CARTESIAN_POINT('',(0.00568982234461894,0.0018478372412433,0.004140050800102));
#4817=CARTESIAN_POINT('',(0.00568982234461894,0.0018478372412433,0.001206350800102));
#4818=CARTESIAN_POINT('',(0.00609408701315151,0.0018478372412433,0.001206350800102));
#4819=CARTESIAN_POINT('',(0.00528555767608719,0.0018478372412433,0.001206350800102));
#4820=CARTESIAN_POINT('',(0.00609408701315151,0.0018478372412433,0.004140050800102));
#4821=CARTESIAN_POINT('',(0.00528555767608719,0.0018478372412433,0.004140050800102));
#4822=CARTESIAN_POINT('',(0.00609408701315359,-0.000231133421697782,0.004140050800102));
#4823=CARTESIAN_POINT('',(0.00609408701315359,-0.000231133421697782,0.001206350800102));
#4824=CARTESIAN_POINT('',(0.0440833923852563,0.027465352925774,0.004140050800102));
#4825=CARTESIAN_POINT('',(0.0440833923852563,0.027465352925774,0.001206350800102));
#4826=CARTESIAN_POINT('',(0.0440833923852563,0.0271188529257741,0.001206350800102));
#4827=CARTESIAN_POINT('',(0.0440833923852563,0.027811852925774,0.001206350800102));
#4828=CARTESIAN_POINT('',(0.0440833923852563,0.0271188529257741,0.004140050800102));
#4829=CARTESIAN_POINT('',(0.0440833923852563,0.027811852925774,0.004140050800102));
#4830=CARTESIAN_POINT('',(0.0430438923852563,0.0271188529257741,0.004140050800102));
#4831=CARTESIAN_POINT('',(0.0430438923852563,0.0271188529257741,0.001206350800102));
#4832=CARTESIAN_POINT('',(0.0430438923852563,0.0271188529257741,0.001206350800102));
#4833=CARTESIAN_POINT('',(0.0430438923852563,0.0271188529257741,0.004140050800102));
#4834=CARTESIAN_POINT('',(0.0430438923852563,0.027465352925774,0.004140050800102));
#4835=CARTESIAN_POINT('',(0.0430438923852563,0.027465352925774,0.001206350800102));
#4836=CARTESIAN_POINT('',(0.0430438923852563,0.027811852925774,0.001206350800102));
#4837=CARTESIAN_POINT('',(0.0430438923852563,0.027811852925774,0.004140050800102));
#4838=CARTESIAN_POINT('',(0.0487612303964295,0.027465352925774,0.004140050800102));
#4839=CARTESIAN_POINT('',(0.0487612303964295,0.027465352925774,0.001206350800102));
#4840=CARTESIAN_POINT('',(0.0487612303964295,0.0271188529257741,0.001206350800102));
#4841=CARTESIAN_POINT('',(0.0487612303964295,0.027811852925774,0.001206350800102));
#4842=CARTESIAN_POINT('',(0.0487612303964295,0.0271188529257741,0.004140050800102));
#4843=CARTESIAN_POINT('',(0.0487612303964295,0.027811852925774,0.004140050800102));
#4844=CARTESIAN_POINT('',(0.00461596458141378,0.0271188529257741,0.004140050800102));
#4845=CARTESIAN_POINT('',(0.00461596458141378,0.0271188529257741,0.001206350800102));
#4846=CARTESIAN_POINT('',(0.0480682303964296,0.0271188529257741,0.001206350800102));
#4847=CARTESIAN_POINT('',(0.0480682303964296,0.0271188529257741,0.004140050800102));
#4848=CARTESIAN_POINT('',(0.0480682303964296,0.027465352925774,0.004140050800102));
#4849=CARTESIAN_POINT('',(0.0480682303964296,0.027465352925774,0.001206350800102));
#4850=CARTESIAN_POINT('',(0.0480682303964296,0.027811852925774,0.001206350800102));
#4851=CARTESIAN_POINT('',(0.0480682303964296,0.027811852925774,0.004140050800102));
#4852=CARTESIAN_POINT('',(-0.0372912359941249,0.053455039578427,0.004140050800102));
#4853=CARTESIAN_POINT('',(-0.0372912359941249,0.053455039578427,0.001206350800102));
#4854=CARTESIAN_POINT('',(-0.0402776146418343,0.0509944388294969,0.001206350800102));
#4855=CARTESIAN_POINT('',(-0.0402776146418343,0.0509944388294969,0.004140050800102));
#4856=CARTESIAN_POINT('',(-0.0404051407379545,0.0508669127329042,0.004140050800102));
#4857=CARTESIAN_POINT('',(-0.0404051407379545,0.0508669127329042,0.001206350800102));
#4858=CARTESIAN_POINT('',(-0.040411585466108,0.0423360223500255,0.004140050800102));
#4859=CARTESIAN_POINT('',(-0.0404060076304902,0.0497196815463581,0.004140050800102));
#4860=CARTESIAN_POINT('',(-0.0404060076304902,0.0497196815463581,0.003886050800102));
#4861=CARTESIAN_POINT('',(-0.040411585466108,0.0423360223500255,0.003886050800102));
#4862=CARTESIAN_POINT('',(-0.0404180299540816,0.0338051322064493,0.003886050800102));
#4863=CARTESIAN_POINT('',(-0.0404180299540817,0.0338051322064493,0.004140050800102));
#4864=CARTESIAN_POINT('',(-0.040491372319422,0.0338051330563571,0.004140050800102));
#4865=CARTESIAN_POINT('',(-0.040491372319422,0.0338051330563571,0.003886050800102));
#4866=CARTESIAN_POINT('',(-0.0404395116356598,0.0337532719723583,0.003886050800102));
#4867=CARTESIAN_POINT('',(-0.0404395116356598,0.0337532719723583,0.004140050800102));
#4868=CARTESIAN_POINT('',(-0.0406985113246956,0.0334942722833225,0.004140050800102));
#4869=CARTESIAN_POINT('',(-0.0406985113246956,0.0334942722833225,0.003886050800102));
#4870=CARTESIAN_POINT('',(-0.0406985115648388,0.0334942720431828,0.003886050800102));
#4871=CARTESIAN_POINT('',(-0.0406985115648388,0.0334942720431828,0.004140050800102));
#4872=CARTESIAN_POINT('',(-0.0406673952341543,0.0334631554723568,0.004140050800102));
#4873=CARTESIAN_POINT('',(-0.0406673952341543,0.0334631554723568,0.003886050800102));
#4874=CARTESIAN_POINT('',(-0.0339853591275912,0.0264741228748048,0.004140050800102));
#4875=CARTESIAN_POINT('',(-0.0339853591275912,0.0264741228748048,0.003886050800102));
#4876=CARTESIAN_POINT('',(-0.0339853587273545,0.0264741224745681,0.003886050800102));
#4877=CARTESIAN_POINT('',(-0.0376563363180217,0.0301451000652353,0.003886050800102));
#4878=CARTESIAN_POINT('',(-0.0339853587273545,0.0264741224745681,0.004140050800102));
#4879=CARTESIAN_POINT('',(-0.0376563363180217,0.0301451000652353,0.004140050800102));
#4880=CARTESIAN_POINT('',(-0.0340372194111166,0.0264222613905691,0.004140050800102));
#4881=CARTESIAN_POINT('',(-0.0340372194111166,0.0264222613905691,0.003886050800102));
#4882=CARTESIAN_POINT('',(0.00151286238030334,1.41796755818158E-5,0.004140050800102));
#4883=CARTESIAN_POINT('',(0.00151286238030334,1.41796755818158E-5,0.003886050800102));
#4884=CARTESIAN_POINT('',(0.00156752018234445,6.30850438270601E-5,0.003886050800102));
#4885=CARTESIAN_POINT('',(0.00156752018234334,6.30850438260444E-5,0.004140050800102));
#4886=CARTESIAN_POINT('',(0.00302337711782937,-0.00155305539924824,0.004140050800102));
#4887=CARTESIAN_POINT('',(0.00302337711782937,-0.00155305539924824,0.003886050800102));
#4888=CARTESIAN_POINT('',(0.00447923405331425,-0.00316919584232353,0.003886050800102));
#4889=CARTESIAN_POINT('',(0.00447923405331425,-0.00316919584232351,0.004140050800102));
#4890=CARTESIAN_POINT('',(0.0135033739930311,-0.00316530576311952,0.004140050800102));
#4891=CARTESIAN_POINT('',(0.0206372011452913,-0.00316223055009807,0.004140050800102));
#4892=CARTESIAN_POINT('',(0.0206372011452913,-0.00316223055009807,0.003886050800102));
#4893=CARTESIAN_POINT('',(0.0135033739930311,-0.00316530576311952,0.003886050800102));
#4894=CARTESIAN_POINT('',(0.0497640884101563,0.0460690702555586,0.004140050800102));
#4895=CARTESIAN_POINT('',(0.0497640884101563,0.0460690702555586,0.003886050800102));
#4896=CARTESIAN_POINT('',(0.0497640884101564,0.0407488965056182,0.003886050800102));
#4897=CARTESIAN_POINT('',(0.0497640884101564,0.0407055582406797,0.003886050800102));
#4898=CARTESIAN_POINT('',(0.0497640884101564,0.0407488965056182,0.004140050800102));
#4899=CARTESIAN_POINT('',(0.0497640884101564,0.0407488965056182,0.001473050800102));
#4900=CARTESIAN_POINT('',(0.0497640884101563,0.0460690702555586,0.001473050800102));
#4901=CARTESIAN_POINT('',(0.0497640884101564,0.0407055582406797,0.001473050800102));
#4902=CARTESIAN_POINT('',(0.0497640884101564,0.0407055582406797,0.004140050800102));
#4903=CARTESIAN_POINT('',(0.0497640884101563,0.0460690702555586,0.001206350800102));
#4904=CARTESIAN_POINT('',(0.0441643773357335,0.0357987791386273,0.004140050800102));
#4905=CARTESIAN_POINT('',(0.0441643773357335,0.0357987791386273,0.001206350800102));
#4906=CARTESIAN_POINT('',(0.0445686420042624,0.0357987791386273,0.001206350800102));
#4907=CARTESIAN_POINT('',(0.0441643773357335,0.0291228380667442,0.004140050800102));
#4908=CARTESIAN_POINT('',(0.0441643773357335,0.0291228380667442,0.001206350800102));
#4909=CARTESIAN_POINT('',(0.0445686420042624,0.0291228380667442,0.001206350800102));
#4910=CARTESIAN_POINT('',(0.0440834363908487,0.037802646931363,0.004140050800102));
#4911=CARTESIAN_POINT('',(0.0440834363908487,0.037802646931363,0.001206350800102));
#4912=CARTESIAN_POINT('',(0.0201852630355001,0.0018478372412433,0.004140050800102));
#4913=CARTESIAN_POINT('',(0.0201852630355001,0.0018478372412433,0.001206350800102));
#4914=CARTESIAN_POINT('',(0.000593593871159743,0.00958344754096366,0.004140050800102));
#4915=CARTESIAN_POINT('',(0.000593593871159743,0.00958344754096366,0.001206350800102));
#4916=CARTESIAN_POINT('',(-0.000717273921574761,0.00846297725902342,0.004140050800102));
#4917=CARTESIAN_POINT('',(-0.000717273921574761,0.00846297725902342,0.001206350800102));
#4918=CARTESIAN_POINT('',(-0.000313009253045886,0.00846297725902342,0.001206350800102));
#4919=CARTESIAN_POINT('',(-0.0073932149934556,0.00846297725902342,0.004140050800102));
#4920=CARTESIAN_POINT('',(-0.0073932149934556,0.00846297725902342,0.001206350800102));
#4921=CARTESIAN_POINT('',(-0.00698895032492673,0.00846297725902342,0.001206350800102));
#4922=CARTESIAN_POINT('',(-0.0093972001344211,0.00958346220949255,0.004140050800102));
#4923=CARTESIAN_POINT('',(-0.0093972001344211,0.00958346220949255,0.001206350800102));
#4924=CARTESIAN_POINT('',(-0.0280247655395513,0.0150510391716468,0.004140050800102));
#4925=CARTESIAN_POINT('',(-0.0280247655395513,0.0150510391716468,0.001206350800102));
#4926=CARTESIAN_POINT('',(-0.0280247655395513,0.029950744531058,0.004140050800102));
#4927=CARTESIAN_POINT('',(-0.0280247655395513,0.029950744531058,0.001206350800102));
#4928=CARTESIAN_POINT('',(-0.0093972001344211,0.0294574484816668,0.004140050800102));
#4929=CARTESIAN_POINT('',(-0.0093972001344211,0.0294574484816668,0.001206350800102));
#4930=CARTESIAN_POINT('',(0.000593593871159743,0.0294574484816668,0.004140050800102));
#4931=CARTESIAN_POINT('',(0.000593593871159743,0.0294574484816668,0.001206350800102));
#4932=CARTESIAN_POINT('',(0.0052855576760843,0.0018478372412433,0.004140050800102));
#4933=CARTESIAN_POINT('',(0.0052855576760843,0.0018478372412433,0.001206350800102));
#4934=CARTESIAN_POINT('',(0.0440833923852563,0.027811852925774,0.004140050800102));
#4935=CARTESIAN_POINT('',(0.0440833923852563,0.027811852925774,0.001206350800102));
#4936=CARTESIAN_POINT('',(0.00461596458141378,0.027811852925774,0.004140050800102));
#4937=CARTESIAN_POINT('',(0.00461596458141378,0.027811852925774,0.001206350800102));
#4938=CARTESIAN_POINT('',(0.00461596458141378,0.037802646931363,0.004140050800102));
#4939=CARTESIAN_POINT('',(0.00461596458141378,0.037802646931363,0.003886050800102));
#4940=CARTESIAN_POINT('',(0.00669652472152931,0.0267946297298982,0.001206350800102));
#4941=CARTESIAN_POINT('',(0.00169835105974324,0.057446072113035,0.004140050800102));
#4942=CARTESIAN_POINT('',(0.00169835105974324,0.057446072113035,0.001473050800102));
#4943=CARTESIAN_POINT('',(0.0333397589294995,0.0567102245542087,0.001473050800102));
#4944=CARTESIAN_POINT('',(-0.029943056810013,0.0581819196718612,0.001473050800102));
#4945=CARTESIAN_POINT('',(-0.029943056810013,0.0581819196718612,0.004140050800102));
#4946=CARTESIAN_POINT('',(-0.029943056810013,0.0581819196718612,0.012776050800102));
#4947=CARTESIAN_POINT('',(0.00169835105974324,0.057446072113035,0.012776050800102));
#4948=CARTESIAN_POINT('',(0.0333397589294995,0.0567102245542087,0.012776050800102));
#4949=CARTESIAN_POINT('',(0.0333397589294995,0.0567102245542087,0.004140050800102));
#4950=CARTESIAN_POINT('',(0.0406982306062068,0.052203164857147,0.004140050800102));
#4951=CARTESIAN_POINT('',(0.0406982306062068,0.052203164857147,0.001473050800102));
#4952=CARTESIAN_POINT('',(0.048056702282914,0.0476961051600852,0.001473050800102));
#4953=CARTESIAN_POINT('',(0.0406982306062068,0.052203164857147,0.012776050800102));
#4954=CARTESIAN_POINT('',(0.048056702282914,0.0476961051600852,0.012776050800102));
#4955=CARTESIAN_POINT('',(0.048056702282914,0.0476961051600852,0.004140050800102));
#4956=CARTESIAN_POINT('',(-0.0411647208363925,0.040337636417044,0.004140050800102));
#4957=CARTESIAN_POINT('',(-0.0411647208363925,0.040337636417044,0.003886050800102));
#4958=CARTESIAN_POINT('',(-0.0411647208363925,0.0497196815463581,0.003886050800102));
#4959=CARTESIAN_POINT('',(-0.0411647208363925,0.0333735993744003,0.003886050800102));
#4960=CARTESIAN_POINT('',(-0.0411647208363925,0.0497196815463581,0.004140050800102));
#4961=CARTESIAN_POINT('',(-0.0411647208363925,0.0497196815463581,0.001473050800102));
#4962=CARTESIAN_POINT('',(-0.0411647208363925,0.040337636417044,0.001473050800102));
#4963=CARTESIAN_POINT('',(-0.0411647208363925,0.0309555912877299,0.001473050800102));
#4964=CARTESIAN_POINT('',(-0.0411647208363925,0.0309555912877299,0.004140050800102));
#4965=CARTESIAN_POINT('',(-0.0411647208363925,0.0309555912877299,0.012776050800102));
#4966=CARTESIAN_POINT('',(-0.0411647208363925,0.040337636417044,0.012776050800102));
#4967=CARTESIAN_POINT('',(-0.0411647208363925,0.0333735993744003,0.012776050800102));
#4968=CARTESIAN_POINT('',(-0.0411647208363925,0.0333735993744003,0.003886050800102));
#4969=CARTESIAN_POINT('',(0.00657333355832942,0.0270004153040105,0.012776050800102));
#4970=CARTESIAN_POINT('',(0.045725664184354,0.0445226339637016,0.012776050800102));
#4971=CARTESIAN_POINT('',(0.0457256641843456,0.0445226339994275,0.012776050800102));
#4972=CARTESIAN_POINT('',(0.045725664184354,0.0407651688342029,0.012776050800102));
#4973=CARTESIAN_POINT('',(0.0514698466588369,0.0407651688342029,0.012776050800102));
#4974=CARTESIAN_POINT('',(0.048056702282914,0.0407651688342029,0.012776050800102));
#4975=CARTESIAN_POINT('',(0.048056702282914,0.0442306369971441,0.012776050800102));
#4976=CARTESIAN_POINT('',(-0.0355538888232028,0.0539508006091096,0.012776050800102));
#4977=CARTESIAN_POINT('',(-0.0411647208363925,0.0497196815463581,0.012776050800102));
#4978=CARTESIAN_POINT('',(-0.0387114003097636,0.0497196815463581,0.012776050800102));
#4979=CARTESIAN_POINT('',(-0.0362580797831347,0.0497196815463581,0.012776050800102));
#4980=CARTESIAN_POINT('',(-0.0362580797831347,0.0333735993744003,0.012776050800102));
#4981=CARTESIAN_POINT('',(-0.0362580797831347,0.0488560209331369,0.012776050800102));
#4982=CARTESIAN_POINT('',(-0.036218074958891,0.0488560209331369,0.012776050800102));
#4983=CARTESIAN_POINT('',(-0.0362463625322753,0.0488843087247621,0.012776050800102));
#4984=CARTESIAN_POINT('',(-0.0362463623139286,0.0488843089431067,0.012776050800102));
#4985=CARTESIAN_POINT('',(-0.0361304294992739,0.049000241758191,0.012776050800102));
#4986=CARTESIAN_POINT('',(-0.0361304294992728,0.0490002417581919,0.012776050800102));
#4987=CARTESIAN_POINT('',(-0.0307261276889318,0.0534648984260323,0.012776050800102));
#4988=CARTESIAN_POINT('',(-0.0307006497159845,0.0534340582818585,0.012776050800102));
#4989=CARTESIAN_POINT('',(-0.0307006501398023,0.0534740613017178,0.012776050800102));
#4990=CARTESIAN_POINT('',(-0.0307006509874379,0.0534740613017002,0.012776050800102));
#4991=CARTESIAN_POINT('',(0.0307421875959031,0.0534740613017111,0.012776050800102));
#4992=CARTESIAN_POINT('',(0.0307421882877445,0.0534340552949655,0.012776050800102));
#4993=CARTESIAN_POINT('',(0.030762678721725,0.0534684154854933,0.012776050800102));
#4994=CARTESIAN_POINT('',(0.0307626769328725,0.0534684165522294,0.012776050800102));
#4995=CARTESIAN_POINT('',(0.0457061498674626,0.0445569919965917,0.012776050800102));
#4996=CARTESIAN_POINT('',(0.04568566075213,0.0445226340172904,0.012776050800102));
#4997=CARTESIAN_POINT('',(0.00657333355832942,0.0270004153040105,0.012776050800102));
#4998=CARTESIAN_POINT('',(-0.0374854849980389,0.0277362613960036,0.012776050800102));
#4999=CARTESIAN_POINT('',(-0.0402384447314997,0.0301451000652353,0.012776050800102));
#5000=CARTESIAN_POINT('',(-0.035314556389906,0.0301451000652353,0.012776050800102));
#5001=CARTESIAN_POINT('',(-0.0338582274843679,0.0301451000652353,0.012776050800102));
#5002=CARTESIAN_POINT('',(-0.0334518655569757,0.0297369050884801,0.012776050800102));
#5003=CARTESIAN_POINT('',(-0.03651306306564,0.0328119112877854,0.012776050800102));
#5004=CARTESIAN_POINT('',(-0.0366526081112738,0.0329514552564801,0.012776050800102));
#5005=CARTESIAN_POINT('',(-0.0367921531569059,0.0330909992251765,0.012776050800102));
#5006=CARTESIAN_POINT('',(-0.0365251164700202,0.0332322992997884,0.012776050800102));
#5007=CARTESIAN_POINT('',(-0.0362580797831347,0.0333735993744003,0.012776050800102));
#5008=CARTESIAN_POINT('',(-0.0387114003097636,0.0333735993744003,0.012776050800102));
#5009=CARTESIAN_POINT('',(-0.0387114003097636,0.0497196815463581,0.003886050800102));
#5010=CARTESIAN_POINT('',(-0.0387114003097636,0.0497196815463581,0.003886050800102));
#5011=CARTESIAN_POINT('',(-0.0362580797831347,0.0497196815463581,0.003886050800102));
#5012=CARTESIAN_POINT('',(-0.0411647208363925,0.0497196815463581,0.004140050800102));
#5013=CARTESIAN_POINT('',(-0.0362580797831347,0.0333735993744003,0.003886050800102));
#5014=CARTESIAN_POINT('',(-0.0362580797831362,0.0488560209331369,0.012776050800102));
#5015=CARTESIAN_POINT('',(-0.0355538888232028,0.0539508006091096,0.004140050800102));
#5016=CARTESIAN_POINT('',(-0.0355538888232028,0.0539508006091096,0.001473050800102));
#5017=CARTESIAN_POINT('',(-0.0355538888232028,0.0539508006091096,0.001473050800102));
#5018=CARTESIAN_POINT('',(0.04568566075213,0.0445226340172904,0.004140050800102));
#5019=CARTESIAN_POINT('',(0.0457256641843456,0.0445226339994275,0.004140050800102));
#5020=CARTESIAN_POINT('',(0.0457061498674626,0.0445569919965917,0.012776050800102));
#5021=CARTESIAN_POINT('',(0.0307626769328725,0.0534684165522294,0.004140050800102));
#5022=CARTESIAN_POINT('',(0.030762678721725,0.0534684154854933,0.012776050800102));
#5023=CARTESIAN_POINT('',(0.0307421882877445,0.0534340552949655,0.004140050800102));
#5024=CARTESIAN_POINT('',(0.0307421875959031,0.0534740613017111,0.004140050800102));
#5025=CARTESIAN_POINT('',(-0.0307006509874379,0.0534740613017002,0.004140050800102));
#5026=CARTESIAN_POINT('',(-0.0307006501398023,0.0534740613017178,0.004140050800102));
#5027=CARTESIAN_POINT('',(-0.0307006497159845,0.0534340582818585,0.004140050800102));
#5028=CARTESIAN_POINT('',(-0.0307261276889318,0.0534648984260323,0.012776050800102));
#5029=CARTESIAN_POINT('',(-0.0361304294992728,0.0490002417581919,0.004140050800102));
#5030=CARTESIAN_POINT('',(-0.0361304294992739,0.049000241758191,0.004140050800102));
#5031=CARTESIAN_POINT('',(-0.0362463623139286,0.0488843089431067,0.004140050800102));
#5032=CARTESIAN_POINT('',(-0.0362463625322753,0.0488843087247621,0.004140050800102));
#5033=CARTESIAN_POINT('',(-0.036218074958891,0.0488560209331369,0.004140050800102));
#5034=CARTESIAN_POINT('',(0.0514698466588369,0.0407651688342029,0.003886050800102));
#5035=CARTESIAN_POINT('',(0.045725664184354,0.0407651688342029,0.003886050800102));
#5036=CARTESIAN_POINT('',(0.048056702282914,0.0407651688342029,0.004140050800102));
#5037=CARTESIAN_POINT('',(0.048056702282914,0.0442306369971441,0.004140050800102));
#5038=CARTESIAN_POINT('',(0.048056702282914,0.0442306369971441,0.001473050800102));
#5039=CARTESIAN_POINT('',(0.045725664184354,0.0445226339637016,0.004140050800102));
#5040=CARTESIAN_POINT('',(0.00657333355832942,0.0270004153040105,0.001473050800102));
#5041=CARTESIAN_POINT('',(0.00657333355832942,0.0270004153040105,0.001473050800102));
#5042=CARTESIAN_POINT('',(-0.0374854849980389,0.0277362613960036,0.001473050800102));
#5043=CARTESIAN_POINT('',(-0.035314556389906,0.0301451000652353,0.003886050800102));
#5044=CARTESIAN_POINT('',(-0.035314556389906,0.0301451000652353,0.003886050800102));
#5045=CARTESIAN_POINT('',(-0.0402384447314997,0.0301451000652353,0.003886050800102));
#5046=CARTESIAN_POINT('',(-0.0338582274843679,0.0301451000652353,0.003886050800102));
#5047=CARTESIAN_POINT('',(-0.0402384447314997,0.0301451000652353,0.003886050800102));
#5048=CARTESIAN_POINT('',(-0.0387114003097636,0.0333735993744003,0.003886050800102));
#5049=CARTESIAN_POINT('',(-0.0387114003097636,0.0333735993744003,0.003886050800102));
#5050=CARTESIAN_POINT('',(-0.0362580797831347,0.0333735993744003,0.012776050800102));
#5051=CARTESIAN_POINT('',(-0.0365251164700202,0.0332322992997884,0.004140050800102));
#5052=CARTESIAN_POINT('',(-0.0367921531569059,0.0330909992251765,0.004140050800102));
#5053=CARTESIAN_POINT('',(-0.0366526081112738,0.0329514552564801,0.004140050800102));
#5054=CARTESIAN_POINT('',(-0.03651306306564,0.0328119112877854,0.004140050800102));
#5055=CARTESIAN_POINT('',(-0.0334518655569757,0.0297369050884801,0.004140050800102));
#5056=CARTESIAN_POINT('',(0.00802465414846364,0.0256485133675326,0.003886050800102));
#5057=CARTESIAN_POINT('',(-0.0374854849980389,0.0277362613960036,0.003886050800102));
#5058=CARTESIAN_POINT('',(-0.0374854849980389,0.0277362613960036,0.004140050800102));
#5059=CARTESIAN_POINT('',(0.00802465414846364,0.0256485133675326,0.003886050800102));
#5060=CARTESIAN_POINT('',(0.0209424292164115,-0.000199421653085898,0.004140050800102));
#5061=CARTESIAN_POINT('',(0.0209424292164115,-0.000199421653085898,0.001473050800102));
#5062=CARTESIAN_POINT('',(0.0209651419910606,-0.000232353213396582,0.001473050800102));
#5063=CARTESIAN_POINT('',(0.0209424291890275,-0.000239426125281548,0.001473050800102));
#5064=CARTESIAN_POINT('',(0.0209424291890275,-0.000239426125281548,0.004140050800102));
#5065=CARTESIAN_POINT('',(0.0209424291890275,-0.000239426125281548,0.012776050800102));
#5066=CARTESIAN_POINT('',(0.0209424292164115,-0.000199421653085898,0.012776050800102));
#5067=CARTESIAN_POINT('',(0.0209651419910606,-0.00023235321339658,0.012776050800102));
#5068=CARTESIAN_POINT('',(0.0209651419910606,-0.00023235321339658,0.012776050800102));
#5069=CARTESIAN_POINT('',(0.0209651419910606,-0.000232353213396582,0.004140050800102));
#5070=CARTESIAN_POINT('',(0.0209651419910606,-0.000232353213396582,0.004140050800102));
#5071=CARTESIAN_POINT('',(-0.0263558011830961,0.00317737772342347,0.004140050800102));
#5072=CARTESIAN_POINT('',(-0.0263558011830961,0.00317737772342347,0.001473050800102));
#5073=CARTESIAN_POINT('',(-0.0338062491596853,0.0105358445106872,0.001473050800102));
#5074=CARTESIAN_POINT('',(-0.0189053532065069,-0.00418108906384028,0.001473050800102));
#5075=CARTESIAN_POINT('',(-0.0189053532065069,-0.00418108906384028,0.004140050800102));
#5076=CARTESIAN_POINT('',(-0.0189053532065069,-0.00418108906384028,0.012776050800102));
#5077=CARTESIAN_POINT('',(-0.0263558011830961,0.00317737772342347,0.012776050800102));
#5078=CARTESIAN_POINT('',(-0.0338062491596853,0.0105358445106872,0.012776050800102));
#5079=CARTESIAN_POINT('',(-0.0338062491596853,0.0105358445106872,0.004140050800102));
#5080=CARTESIAN_POINT('',(0.0366510621874417,0.00474105158567958,0.004140050800102));
#5081=CARTESIAN_POINT('',(0.0366510621874417,0.00474105158567958,0.001473050800102));
#5082=CARTESIAN_POINT('',(0.0239577069549645,-0.00418108906384028,0.001473050800102));
#5083=CARTESIAN_POINT('',(0.0493444174199189,0.0136631922351994,0.001473050800102));
#5084=CARTESIAN_POINT('',(0.0493444174199189,0.0136631922351994,0.004140050800102));
#5085=CARTESIAN_POINT('',(0.0493444174199189,0.0136631922351994,0.012776050800102));
#5086=CARTESIAN_POINT('',(0.0366510621874417,0.00474105158567958,0.012776050800102));
#5087=CARTESIAN_POINT('',(0.0239577069549645,-0.00418108906384028,0.012776050800102));
#5088=CARTESIAN_POINT('',(0.0239577069549645,-0.00418108906384028,0.004140050800102));
#5089=CARTESIAN_POINT('',(0.00657333355832942,0.0270004153040105,0.012776050800102));
#5090=CARTESIAN_POINT('',(0.0514698466588369,0.0234926007688046,0.012776050800102));
#5091=CARTESIAN_POINT('',(0.0457256641843541,0.0234926007688046,0.012776050800102));
#5092=CARTESIAN_POINT('',(0.0493444174199189,0.0234926007688046,0.012776050800102));
#5093=CARTESIAN_POINT('',(0.045725664184354,0.0445226339637016,0.012776050800102));
#5094=CARTESIAN_POINT('',(0.045725664184354,0.0168658928143601,0.012776050800102));
#5095=CARTESIAN_POINT('',(0.0456856587799255,0.0168658928706951,0.012776050800102));
#5096=CARTESIAN_POINT('',(0.0457083720838441,0.0168329605429893,0.012776050800102));
#5097=CARTESIAN_POINT('',(0.0457083719534575,0.0168329604530626,0.012776050800102));
#5098=CARTESIAN_POINT('',(0.0209424291342595,-0.000239426125281349,0.012776050800102));
#5099=CARTESIAN_POINT('',(0.0206372011452913,-0.00023942612528136,0.012776050800102));
#5100=CARTESIAN_POINT('',(0.0206372011452913,-0.00355549450642402,0.012776050800102));
#5101=CARTESIAN_POINT('',(0.0206372011452913,-0.00418108906384028,0.012776050800102));
#5102=CARTESIAN_POINT('',(-0.00933934863220803,-0.00418108906384028,0.012776050800102));
#5103=CARTESIAN_POINT('',(0.0493444174199189,0.0189061004689761,0.012776050800102));
#5104=CARTESIAN_POINT('',(-0.00933934863220803,-0.00418108906384028,0.004140050800102));
#5105=CARTESIAN_POINT('',(-0.00933934863220803,-0.00418108906384028,0.003886050800102));
#5106=CARTESIAN_POINT('',(-0.00830446136786708,-0.00418108906384028,0.003886050800102));
#5107=CARTESIAN_POINT('',(0.0206372011452913,-0.00418108906384028,0.003886050800102));
#5108=CARTESIAN_POINT('',(-0.00830446136786708,-0.00418108906384028,0.003886050800102));
#5109=CARTESIAN_POINT('',(-0.00830446136786708,-0.00418108906384028,0.012776050800102));
#5110=CARTESIAN_POINT('',(-0.00933934863220803,-0.00418108906384028,0.012776050800102));
#5111=CARTESIAN_POINT('',(-0.00933934863220803,-0.00418108906384028,0.001473050800102));
#5112=CARTESIAN_POINT('',(0.0206372011452913,-0.00418108906384028,0.003886050800102));
#5113=CARTESIAN_POINT('',(0.00657333355832942,0.0270004153040105,0.012776050800102));
#5114=CARTESIAN_POINT('',(-0.0353145563899066,0.0152030233293772,0.012776050800102));
#5115=CARTESIAN_POINT('',(-0.0338062491596853,0.0152030233293772,0.012776050800102));
#5116=CARTESIAN_POINT('',(-0.0303906680483134,0.0152030233293772,0.012776050800102));
#5117=CARTESIAN_POINT('',(-0.0338062491596853,0.0175263880074822,0.012776050800102));
#5118=CARTESIAN_POINT('',(-0.00830446136786708,-0.0019683993808326,0.012776050800102));
#5119=CARTESIAN_POINT('',(-0.00830446136786708,0.0027129845851368,0.012776050800102));
#5120=CARTESIAN_POINT('',(-0.00620971160543631,0.00271011910397623,0.012776050800102));
#5121=CARTESIAN_POINT('',(-0.0143300253699431,0.00272122716400681,0.012776050800102));
#5122=CARTESIAN_POINT('',(-0.01433002607057,0.0027612298542766,0.012776050800102));
#5123=CARTESIAN_POINT('',(-0.014352728217664,0.00272829313087527,0.012776050800102));
#5124=CARTESIAN_POINT('',(-0.0143527265125433,0.00272829195562735,0.012776050800102));
#5125=CARTESIAN_POINT('',(-0.0303733665547746,0.0137707664102803,0.012776050800102));
#5126=CARTESIAN_POINT('',(-0.0303506631606206,0.0138037049429409,0.012776050800102));
#5127=CARTESIAN_POINT('',(-0.0303906680483218,0.0138037046562005,0.012776050800102));
#5128=CARTESIAN_POINT('',(-0.0303906680483137,0.0138037040827199,0.012776050800102));
#5129=CARTESIAN_POINT('',(0.0206372011452913,-0.00355549450642402,0.003886050800102));
#5130=CARTESIAN_POINT('',(0.0206372011452913,-0.00355549450642402,0.003886050800102));
#5131=CARTESIAN_POINT('',(0.0206372011452913,-0.00023942612528136,0.003886050800102));
#5132=CARTESIAN_POINT('',(0.0206372011452913,-0.00355549450642402,0.003886050800102));
#5133=CARTESIAN_POINT('',(0.0206372011452913,-0.00023942612528136,0.003886050800102));
#5134=CARTESIAN_POINT('',(-0.00830446136786708,-0.0019683993808326,0.003886050800102));
#5135=CARTESIAN_POINT('',(-0.00830446136786708,0.0027129845851368,0.003886050800102));
#5136=CARTESIAN_POINT('',(-0.00830446136786708,-0.0019683993808326,0.003886050800102));
#5137=CARTESIAN_POINT('',(-0.0353145563899066,0.0152030233293772,0.003886050800102));
#5138=CARTESIAN_POINT('',(-0.0338062491596853,0.0152030233293772,0.004140050800102));
#5139=CARTESIAN_POINT('',(-0.0303906680483134,0.0152030233293772,0.003886050800102));
#5140=CARTESIAN_POINT('',(-0.0338062491596853,0.0175263880074822,0.004140050800102));
#5141=CARTESIAN_POINT('',(-0.0338062491596853,0.0175263880074822,0.001473050800102));
#5142=CARTESIAN_POINT('',(-0.0303906680483137,0.0138037040827199,0.004140050800102));
#5143=CARTESIAN_POINT('',(-0.0303906680483218,0.0138037046562005,0.004140050800102));
#5144=CARTESIAN_POINT('',(-0.0303906680483137,0.0138037040827199,0.001473050800102));
#5145=CARTESIAN_POINT('',(-0.0303506631606206,0.0138037049429409,0.004140050800102));
#5146=CARTESIAN_POINT('',(-0.0303733665547746,0.0137707664102803,0.012776050800102));
#5147=CARTESIAN_POINT('',(-0.0143527265125433,0.00272829195562735,0.004140050800102));
#5148=CARTESIAN_POINT('',(-0.014352728217664,0.00272829313087527,0.012776050800102));
#5149=CARTESIAN_POINT('',(-0.01433002607057,0.0027612298542766,0.004140050800102));
#5150=CARTESIAN_POINT('',(-0.0143300253699431,0.00272122716400681,0.004140050800102));
#5151=CARTESIAN_POINT('',(-0.00620971160543631,0.00271011910397623,0.004140050800102));
#5152=CARTESIAN_POINT('',(0.0514698466588369,0.0234926007688046,0.003886050800102));
#5153=CARTESIAN_POINT('',(0.0457256641843541,0.0234926007688046,0.003886050800102));
#5154=CARTESIAN_POINT('',(0.0493444174199189,0.0234926007688046,0.003886050800102));
#5155=CARTESIAN_POINT('',(0.0493444174199189,0.0189061004689761,0.004140050800102));
#5156=CARTESIAN_POINT('',(0.0493444174199189,0.0189061004689761,0.001473050800102));
#5157=CARTESIAN_POINT('',(0.0457083719534575,0.0168329604530626,0.004140050800102));
#5158=CARTESIAN_POINT('',(0.0457083719534575,0.0168329604530626,0.001473050800102));
#5159=CARTESIAN_POINT('',(0.0457083720838441,0.0168329605429893,0.012776050800102));
#5160=CARTESIAN_POINT('',(0.0456856587799255,0.0168658928706951,0.004140050800102));
#5161=CARTESIAN_POINT('',(0.045725664184354,0.0168658928143601,0.004140050800102));
#5162=CARTESIAN_POINT('',(0.045725664184354,0.0445226339637016,0.004140050800102));
#5163=CARTESIAN_POINT('',(0.00657333355832942,0.0270004153040105,0.001473050800102));
#5164=CARTESIAN_POINT('',(0.00802465414846364,0.0256485133675326,0.003886050800102));
#5165=CARTESIAN_POINT('',(0.00657333355832942,0.0270004153040105,0.001473050800102));
#5166=CARTESIAN_POINT('',(0.00802465414846364,0.0256485133675326,0.003886050800102));
#5167=CARTESIAN_POINT('',(0.0209424291342595,-0.000239426125281349,0.003886050800102));
#5168=CARTESIAN_POINT('',(0.00657333355832942,0.0270004153040105,0.001473050800102));
#5169=CARTESIAN_POINT('',(0.0209424291342595,-0.000239426125281349,0.001473050800102));
#5170=CARTESIAN_POINT('',(0.0209424291342595,-0.000239426125281349,0.004140050800102));
#5171=CARTESIAN_POINT('',(0.00657333355832942,0.0270004153040105,0.001473050800102));
#5172=CARTESIAN_POINT('',(0.00802465414846364,0.0256485133675326,0.003886050800102));
#5173=CARTESIAN_POINT('',(0.0493329879530514,0.0407055582406797,0.004140050800102));
#5174=CARTESIAN_POINT('',(0.0493329879530514,0.0407055582406797,0.003886050800102));
#5175=CARTESIAN_POINT('',(0.0543113879530514,0.0407055582406797,0.003886050800102));
#5176=CARTESIAN_POINT('',(0.0493329879530514,0.0407055582406797,0.001473050800102));
#5177=CARTESIAN_POINT('',(0.0543113879530514,0.0407055582406797,0.001473050800102));
#5178=CARTESIAN_POINT('',(0.0543113879530514,0.0407055582406797,0.004140050800102));
#5179=CARTESIAN_POINT('',(0.00657333355832942,0.0270004153040105,0.001473050800102));
#5180=CARTESIAN_POINT('',(0.0511840451179827,0.0407353635374414,0.001473050800102));
#5181=CARTESIAN_POINT('',(0.0511840451179827,0.0407353635374414,0.004140050800102));
#5182=CARTESIAN_POINT('',(0.0511840451179827,0.0407353635374414,0.003886050800102));
#5183=CARTESIAN_POINT('',(0.00802465414846364,0.0256485133675326,0.003886050800102));
#5184=CARTESIAN_POINT('',(0.00802465414846364,0.0256485133675326,0.003886050800102));
#5185=CARTESIAN_POINT('',(0.0209424291342595,-0.000239426125281349,0.003886050800102));
#5186=CARTESIAN_POINT('',(0.00657333355832942,0.0270004153040105,0.001473050800102));
#5187=CARTESIAN_POINT('',(0.0209424291342595,-0.000239426125281349,0.001473050800102));
#5188=CARTESIAN_POINT('',(0.0209424291342595,-0.000239426125281349,0.004140050800102));
#5189=MECHANICAL_DESIGN_GEOMETRIC_PRESENTATION_REPRESENTATION('',(#3150),
#5190);
#5190=(
GEOMETRIC_REPRESENTATION_CONTEXT(3)
GLOBAL_UNCERTAINTY_ASSIGNED_CONTEXT((#5191))
GLOBAL_UNIT_ASSIGNED_CONTEXT((#5194,#5193,#5192))
REPRESENTATION_CONTEXT('Part 87','TOP_LEVEL_ASSEMBLY_PART')
);
#5191=UNCERTAINTY_MEASURE_WITH_UNIT(LENGTH_MEASURE(2.54100003330698E-7),
#5194,'DISTANCE_ACCURACY_VALUE','Maximum Tolerance applied to model');
#5192=(
NAMED_UNIT(*)
SI_UNIT($,.STERADIAN.)
SOLID_ANGLE_UNIT()
);
#5193=(
NAMED_UNIT(*)
PLANE_ANGLE_UNIT()
SI_UNIT($,.RADIAN.)
);
#5194=(
LENGTH_UNIT()
NAMED_UNIT(*)
SI_UNIT($,.METRE.)
);
#5195=PRODUCT_DEFINITION_SHAPE('','',#5196);
#5196=PRODUCT_DEFINITION('','',#5198,#5197);
#5197=PRODUCT_DEFINITION_CONTEXT('',#5204,'design');
#5198=PRODUCT_DEFINITION_FORMATION_WITH_SPECIFIED_SOURCE('','',#5200,
 .NOT_KNOWN.);
#5199=PRODUCT_RELATED_PRODUCT_CATEGORY('','',(#5200));
#5200=PRODUCT('Part 87','Part 87','Part 87',(#5202));
#5201=PRODUCT_CATEGORY('','');
#5202=PRODUCT_CONTEXT('',#5204,'mechanical');
#5203=APPLICATION_PROTOCOL_DEFINITION('international standard',
'ap242_managed_model_based_3d_engineering',2020,#5204);
#5204=APPLICATION_CONTEXT('managed model based 3d engineering');
ENDSEC;
END-ISO-10303-21;
