ISO-10303-21;
HEADER;
/* Generated by software containing ST-Developer
 * from STEP Tools, Inc. (www.steptools.com) 
 */
/* OPTION: using custom renumber hook */

FILE_DESCRIPTION(
/* description */ ('STEP AP242 Edition 2',
'CAx-IF Rec.Pracs.---Representation and Presentation of Product Manufa
cturing Information (PMI)---4.0---2014-10-13',
'CAx-IF Rec.Pracs.---3D Tessellated Geometry---0.4---2014-09-14','2;1',
'CAx-IF Rec.Pracs.---User Defined Attributes---1.5---2016-08-15'),
/* implementation_level */ '2;1');

FILE_NAME(
/* name */ '3D_PCB1_2026-04-08',
/* time_stamp */ '2026-04-09T00:00:45Z',
/* author */ (''),
/* organization */ (''),
/* preprocessor_version */ 'ST-DEVELOPER v20',
/* originating_system */ 'ONSHAPE BY PTC INC, 1.213',
/* authorisation */ '  ');

FILE_SCHEMA (('AP242_MANAGED_MODEL_BASED_3D_ENGINEERING_MIM_LF { 1 0 10303 442 3 1 4 }'));
ENDSEC;

DATA;
#10=SHAPE_REPRESENTATION_RELATIONSHIP('','',#2446,#12);
#11=SHAPE_REPRESENTATION_RELATIONSHIP('','',#2447,#13);
#12=ADVANCED_BREP_SHAPE_REPRESENTATION('',(#2442),#4165);
#13=ADVANCED_BREP_SHAPE_REPRESENTATION('',(#2443),#4166);
#14=B_SPLINE_CURVE_WITH_KNOTS('',3,(#3304,#3305,#3306,#3307),
 .UNSPECIFIED.,.F.,.F.,(4,4),(0.,1.),.UNSPECIFIED.);
#15=B_SPLINE_CURVE_WITH_KNOTS('',3,(#3311,#3312,#3313,#3314),
 .UNSPECIFIED.,.F.,.F.,(4,4),(0.,1.),.UNSPECIFIED.);
#16=B_SPLINE_CURVE_WITH_KNOTS('',3,(#3320,#3321,#3322,#3323),
 .UNSPECIFIED.,.F.,.F.,(4,4),(0.,1.),.UNSPECIFIED.);
#17=B_SPLINE_CURVE_WITH_KNOTS('',3,(#3329,#3330,#3331,#3332),
 .UNSPECIFIED.,.F.,.F.,(4,4),(0.,1.),.UNSPECIFIED.);
#18=B_SPLINE_CURVE_WITH_KNOTS('',3,(#3337,#3338,#3339,#3340),
 .UNSPECIFIED.,.F.,.F.,(4,4),(0.,1.),.UNSPECIFIED.);
#19=B_SPLINE_CURVE_WITH_KNOTS('',3,(#3356,#3357,#3358,#3359),
 .UNSPECIFIED.,.F.,.F.,(4,4),(0.,1.),.UNSPECIFIED.);
#20=B_SPLINE_CURVE_WITH_KNOTS('',3,(#3364,#3365,#3366,#3367),
 .UNSPECIFIED.,.F.,.F.,(4,4),(0.,1.),.UNSPECIFIED.);
#21=B_SPLINE_CURVE_WITH_KNOTS('',3,(#3371,#3372,#3373,#3374),
 .UNSPECIFIED.,.F.,.F.,(4,4),(0.,1.),.UNSPECIFIED.);
#22=B_SPLINE_CURVE_WITH_KNOTS('',3,(#3380,#3381,#3382,#3383),
 .UNSPECIFIED.,.F.,.F.,(4,4),(0.,1.),.UNSPECIFIED.);
#23=B_SPLINE_CURVE_WITH_KNOTS('',3,(#3389,#3390,#3391,#3392),
 .UNSPECIFIED.,.F.,.F.,(4,4),(0.,1.),.UNSPECIFIED.);
#24=B_SPLINE_CURVE_WITH_KNOTS('',3,(#3397,#3398,#3399,#3400),
 .UNSPECIFIED.,.F.,.F.,(4,4),(0.,1.),.UNSPECIFIED.);
#25=B_SPLINE_CURVE_WITH_KNOTS('',3,(#3404,#3405,#3406,#3407),
 .UNSPECIFIED.,.F.,.F.,(4,4),(0.,1.),.UNSPECIFIED.);
#26=B_SPLINE_CURVE_WITH_KNOTS('',3,(#3413,#3414,#3415,#3416),
 .UNSPECIFIED.,.F.,.F.,(4,4),(0.,1.),.UNSPECIFIED.);
#27=B_SPLINE_CURVE_WITH_KNOTS('',3,(#3422,#3423,#3424,#3425),
 .UNSPECIFIED.,.F.,.F.,(4,4),(0.,1.),.UNSPECIFIED.);
#28=B_SPLINE_CURVE_WITH_KNOTS('',3,(#3430,#3431,#3432,#3433),
 .UNSPECIFIED.,.F.,.F.,(4,4),(0.,1.),.UNSPECIFIED.);
#29=B_SPLINE_CURVE_WITH_KNOTS('',3,(#3437,#3438,#3439,#3440),
 .UNSPECIFIED.,.F.,.F.,(4,4),(0.,1.),.UNSPECIFIED.);
#30=B_SPLINE_CURVE_WITH_KNOTS('',3,(#3446,#3447,#3448,#3449),
 .UNSPECIFIED.,.F.,.F.,(4,4),(0.,1.),.UNSPECIFIED.);
#31=B_SPLINE_CURVE_WITH_KNOTS('',3,(#3455,#3456,#3457,#3458),
 .UNSPECIFIED.,.F.,.F.,(4,4),(0.,1.),.UNSPECIFIED.);
#32=B_SPLINE_CURVE_WITH_KNOTS('',3,(#3463,#3464,#3465,#3466),
 .UNSPECIFIED.,.F.,.F.,(4,4),(0.,1.),.UNSPECIFIED.);
#33=B_SPLINE_CURVE_WITH_KNOTS('',3,(#3470,#3471,#3472,#3473),
 .UNSPECIFIED.,.F.,.F.,(4,4),(0.,1.),.UNSPECIFIED.);
#34=B_SPLINE_CURVE_WITH_KNOTS('',3,(#3479,#3480,#3481,#3482),
 .UNSPECIFIED.,.F.,.F.,(4,4),(0.,1.),.UNSPECIFIED.);
#35=B_SPLINE_CURVE_WITH_KNOTS('',3,(#3488,#3489,#3490,#3491),
 .UNSPECIFIED.,.F.,.F.,(4,4),(0.,1.),.UNSPECIFIED.);
#36=B_SPLINE_CURVE_WITH_KNOTS('',3,(#3538,#3539,#3540,#3541),
 .UNSPECIFIED.,.F.,.F.,(4,4),(0.,1.),.UNSPECIFIED.);
#37=B_SPLINE_CURVE_WITH_KNOTS('',3,(#3557,#3558,#3559,#3560),
 .UNSPECIFIED.,.F.,.F.,(4,4),(0.,1.),.UNSPECIFIED.);
#38=B_SPLINE_CURVE_WITH_KNOTS('',3,(#3565,#3566,#3567,#3568),
 .UNSPECIFIED.,.F.,.F.,(4,4),(0.,1.),.UNSPECIFIED.);
#39=B_SPLINE_CURVE_WITH_KNOTS('',3,(#3572,#3573,#3574,#3575),
 .UNSPECIFIED.,.F.,.F.,(4,4),(0.,1.),.UNSPECIFIED.);
#40=B_SPLINE_CURVE_WITH_KNOTS('',3,(#3581,#3582,#3583,#3584),
 .UNSPECIFIED.,.F.,.F.,(4,4),(0.,1.),.UNSPECIFIED.);
#41=B_SPLINE_CURVE_WITH_KNOTS('',3,(#3590,#3591,#3592,#3593),
 .UNSPECIFIED.,.F.,.F.,(4,4),(0.,1.),.UNSPECIFIED.);
#42=B_SPLINE_CURVE_WITH_KNOTS('',3,(#3635,#3636,#3637,#3638),
 .UNSPECIFIED.,.F.,.F.,(4,4),(0.,1.),.UNSPECIFIED.);
#43=B_SPLINE_CURVE_WITH_KNOTS('',3,(#3656,#3657,#3658,#3659),
 .UNSPECIFIED.,.F.,.F.,(4,4),(0.,1.),.UNSPECIFIED.);
#44=B_SPLINE_CURVE_WITH_KNOTS('',3,(#3665,#3666,#3667,#3668),
 .UNSPECIFIED.,.F.,.F.,(4,4),(0.,1.),.UNSPECIFIED.);
#45=B_SPLINE_CURVE_WITH_KNOTS('',3,(#3692,#3693,#3694,#3695),
 .UNSPECIFIED.,.F.,.F.,(4,4),(0.,1.),.UNSPECIFIED.);
#46=B_SPLINE_CURVE_WITH_KNOTS('',3,(#3713,#3714,#3715,#3716),
 .UNSPECIFIED.,.F.,.F.,(4,4),(0.,1.),.UNSPECIFIED.);
#47=B_SPLINE_CURVE_WITH_KNOTS('',3,(#3728,#3729,#3730,#3731),
 .UNSPECIFIED.,.F.,.F.,(4,4),(0.,1.),.UNSPECIFIED.);
#48=B_SPLINE_CURVE_WITH_KNOTS('',3,(#3749,#3750,#3751,#3752),
 .UNSPECIFIED.,.F.,.F.,(4,4),(0.,1.),.UNSPECIFIED.);
#49=B_SPLINE_CURVE_WITH_KNOTS('',3,(#3923,#3924,#3925,#3926),
 .UNSPECIFIED.,.F.,.F.,(4,4),(0.53475935828877,1.),.UNSPECIFIED.);
#50=B_SPLINE_CURVE_WITH_KNOTS('',3,(#3928,#3929,#3930,#3931),
 .UNSPECIFIED.,.F.,.F.,(4,4),(0.,1.),.UNSPECIFIED.);
#51=B_SPLINE_CURVE_WITH_KNOTS('',3,(#3937,#3938,#3939,#3940),
 .UNSPECIFIED.,.F.,.F.,(4,4),(0.,0.46524064171123),.UNSPECIFIED.);
#52=B_SPLINE_CURVE_WITH_KNOTS('',3,(#3942,#3943,#3944,#3945),
 .UNSPECIFIED.,.F.,.F.,(4,4),(0.,1.),.UNSPECIFIED.);
#53=B_SPLINE_CURVE_WITH_KNOTS('',3,(#3963,#3964,#3965,#3966),
 .UNSPECIFIED.,.F.,.F.,(4,4),(0.53475935828877,1.),.UNSPECIFIED.);
#54=B_SPLINE_CURVE_WITH_KNOTS('',3,(#3968,#3969,#3970,#3971),
 .UNSPECIFIED.,.F.,.F.,(4,4),(0.,1.),.UNSPECIFIED.);
#55=B_SPLINE_CURVE_WITH_KNOTS('',3,(#3977,#3978,#3979,#3980),
 .UNSPECIFIED.,.F.,.F.,(4,4),(0.,0.46524064171123),.UNSPECIFIED.);
#56=B_SPLINE_CURVE_WITH_KNOTS('',3,(#3982,#3983,#3984,#3985),
 .UNSPECIFIED.,.F.,.F.,(4,4),(0.,1.),.UNSPECIFIED.);
#57=B_SPLINE_CURVE_WITH_KNOTS('',3,(#3997,#3998,#3999,#4000),
 .UNSPECIFIED.,.F.,.F.,(4,4),(0.53475935828877,1.),.UNSPECIFIED.);
#58=B_SPLINE_CURVE_WITH_KNOTS('',3,(#4002,#4003,#4004,#4005),
 .UNSPECIFIED.,.F.,.F.,(4,4),(0.,1.),.UNSPECIFIED.);
#59=B_SPLINE_CURVE_WITH_KNOTS('',3,(#4011,#4012,#4013,#4014),
 .UNSPECIFIED.,.F.,.F.,(4,4),(0.,0.46524064171123),.UNSPECIFIED.);
#60=B_SPLINE_CURVE_WITH_KNOTS('',3,(#4016,#4017,#4018,#4019),
 .UNSPECIFIED.,.F.,.F.,(4,4),(0.,1.),.UNSPECIFIED.);
#61=B_SPLINE_CURVE_WITH_KNOTS('',3,(#4040,#4041,#4042,#4043),
 .UNSPECIFIED.,.F.,.F.,(4,4),(0.,0.46524064171123),.UNSPECIFIED.);
#62=B_SPLINE_CURVE_WITH_KNOTS('',3,(#4045,#4046,#4047,#4048),
 .UNSPECIFIED.,.F.,.F.,(4,4),(0.,1.),.UNSPECIFIED.);
#63=B_SPLINE_CURVE_WITH_KNOTS('',3,(#4054,#4055,#4056,#4057),
 .UNSPECIFIED.,.F.,.F.,(4,4),(0.,0.46524064171123),.UNSPECIFIED.);
#64=B_SPLINE_CURVE_WITH_KNOTS('',3,(#4059,#4060,#4061,#4062),
 .UNSPECIFIED.,.F.,.F.,(4,4),(0.,1.),.UNSPECIFIED.);
#65=B_SPLINE_CURVE_WITH_KNOTS('',3,(#4080,#4081,#4082,#4083),
 .UNSPECIFIED.,.F.,.F.,(4,4),(0.,0.46524064171123),.UNSPECIFIED.);
#66=B_SPLINE_CURVE_WITH_KNOTS('',3,(#4085,#4086,#4087,#4088),
 .UNSPECIFIED.,.F.,.F.,(4,4),(0.,1.),.UNSPECIFIED.);
#67=B_SPLINE_CURVE_WITH_KNOTS('',3,(#4106,#4107,#4108,#4109),
 .UNSPECIFIED.,.F.,.F.,(4,4),(0.53475935828877,1.),.UNSPECIFIED.);
#68=B_SPLINE_CURVE_WITH_KNOTS('',3,(#4111,#4112,#4113,#4114),
 .UNSPECIFIED.,.F.,.F.,(4,4),(0.,1.),.UNSPECIFIED.);
#69=B_SPLINE_CURVE_WITH_KNOTS('',3,(#4120,#4121,#4122,#4123),
 .UNSPECIFIED.,.F.,.F.,(4,4),(0.,0.46524064171123),.UNSPECIFIED.);
#70=B_SPLINE_CURVE_WITH_KNOTS('',3,(#4125,#4126,#4127,#4128),
 .UNSPECIFIED.,.F.,.F.,(4,4),(0.,1.),.UNSPECIFIED.);
#71=PLANE('',#2452);
#72=PLANE('',#2459);
#73=PLANE('',#2466);
#74=PLANE('',#2473);
#75=PLANE('',#2480);
#76=PLANE('',#2487);
#77=PLANE('',#2494);
#78=PLANE('',#2501);
#79=PLANE('',#2508);
#80=PLANE('',#2515);
#81=PLANE('',#2522);
#82=PLANE('',#2529);
#83=PLANE('',#2533);
#84=PLANE('',#2534);
#85=PLANE('',#2535);
#86=PLANE('',#2539);
#87=PLANE('',#2543);
#88=PLANE('',#2547);
#89=PLANE('',#2551);
#90=PLANE('',#2552);
#91=PLANE('',#2553);
#92=PLANE('',#2557);
#93=PLANE('',#2558);
#94=PLANE('',#2559);
#95=PLANE('',#2560);
#96=PLANE('',#2561);
#97=PLANE('',#2571);
#98=PLANE('',#2572);
#99=PLANE('',#2573);
#100=PLANE('',#2580);
#101=PLANE('',#2581);
#102=PLANE('',#2582);
#103=PLANE('',#2583);
#104=PLANE('',#2584);
#105=PLANE('',#2585);
#106=PLANE('',#2586);
#107=PLANE('',#2587);
#108=PLANE('',#2588);
#109=PLANE('',#2589);
#110=PLANE('',#2590);
#111=PLANE('',#2591);
#112=PLANE('',#2593);
#113=PLANE('',#2594);
#114=PLANE('',#2595);
#115=PLANE('',#2596);
#116=PLANE('',#2597);
#117=PLANE('',#2598);
#118=PLANE('',#2599);
#119=PLANE('',#2600);
#120=PLANE('',#2601);
#121=PLANE('',#2602);
#122=PLANE('',#2603);
#123=PLANE('',#2604);
#124=PLANE('',#2605);
#125=PLANE('',#2606);
#126=PLANE('',#2610);
#127=PLANE('',#2614);
#128=PLANE('',#2618);
#129=PLANE('',#2619);
#130=PLANE('',#2623);
#131=PLANE('',#2627);
#132=PLANE('',#2628);
#133=PLANE('',#2629);
#134=PLANE('',#2630);
#135=PLANE('',#2634);
#136=PLANE('',#2635);
#137=PLANE('',#2639);
#138=PLANE('',#2643);
#139=PLANE('',#2644);
#140=PLANE('',#2645);
#141=PLANE('',#2646);
#142=PLANE('',#2647);
#143=PLANE('',#2648);
#144=PLANE('',#2649);
#145=PLANE('',#2653);
#146=PLANE('',#2654);
#147=LINE('',#3283,#356);
#148=LINE('',#3287,#357);
#149=LINE('',#3289,#358);
#150=LINE('',#3291,#359);
#151=LINE('',#3293,#360);
#152=LINE('',#3299,#361);
#153=LINE('',#3316,#362);
#154=LINE('',#3318,#363);
#155=LINE('',#3344,#364);
#156=LINE('',#3346,#365);
#157=LINE('',#3348,#366);
#158=LINE('',#3350,#367);
#159=LINE('',#3376,#368);
#160=LINE('',#3378,#369);
#161=LINE('',#3409,#370);
#162=LINE('',#3411,#371);
#163=LINE('',#3442,#372);
#164=LINE('',#3444,#373);
#165=LINE('',#3475,#374);
#166=LINE('',#3477,#375);
#167=LINE('',#3496,#376);
#168=LINE('',#3500,#377);
#169=LINE('',#3502,#378);
#170=LINE('',#3504,#379);
#171=LINE('',#3506,#380);
#172=LINE('',#3512,#381);
#173=LINE('',#3517,#382);
#174=LINE('',#3521,#383);
#175=LINE('',#3523,#384);
#176=LINE('',#3525,#385);
#177=LINE('',#3527,#386);
#178=LINE('',#3533,#387);
#179=LINE('',#3545,#388);
#180=LINE('',#3547,#389);
#181=LINE('',#3549,#390);
#182=LINE('',#3551,#391);
#183=LINE('',#3577,#392);
#184=LINE('',#3579,#393);
#185=LINE('',#3598,#394);
#186=LINE('',#3602,#395);
#187=LINE('',#3604,#396);
#188=LINE('',#3606,#397);
#189=LINE('',#3608,#398);
#190=LINE('',#3614,#399);
#191=LINE('',#3616,#400);
#192=LINE('',#3619,#401);
#193=LINE('',#3621,#402);
#194=LINE('',#3623,#403);
#195=LINE('',#3625,#404);
#196=LINE('',#3627,#405);
#197=LINE('',#3629,#406);
#198=LINE('',#3631,#407);
#199=LINE('',#3633,#408);
#200=LINE('',#3644,#409);
#201=LINE('',#3646,#410);
#202=LINE('',#3648,#411);
#203=LINE('',#3650,#412);
#204=LINE('',#3661,#413);
#205=LINE('',#3663,#414);
#206=LINE('',#3674,#415);
#207=LINE('',#3676,#416);
#208=LINE('',#3678,#417);
#209=LINE('',#3680,#418);
#210=LINE('',#3686,#419);
#211=LINE('',#3688,#420);
#212=LINE('',#3690,#421);
#213=LINE('',#3697,#422);
#214=LINE('',#3699,#423);
#215=LINE('',#3701,#424);
#216=LINE('',#3703,#425);
#217=LINE('',#3705,#426);
#218=LINE('',#3707,#427);
#219=LINE('',#3718,#428);
#220=LINE('',#3720,#429);
#221=LINE('',#3722,#430);
#222=LINE('',#3724,#431);
#223=LINE('',#3726,#432);
#224=LINE('',#3733,#433);
#225=LINE('',#3735,#434);
#226=LINE('',#3737,#435);
#227=LINE('',#3739,#436);
#228=LINE('',#3741,#437);
#229=LINE('',#3743,#438);
#230=LINE('',#3745,#439);
#231=LINE('',#3747,#440);
#232=LINE('',#3758,#441);
#233=LINE('',#3770,#442);
#234=LINE('',#3771,#443);
#235=LINE('',#3773,#444);
#236=LINE('',#3774,#445);
#237=LINE('',#3776,#446);
#238=LINE('',#3777,#447);
#239=LINE('',#3789,#448);
#240=LINE('',#3790,#449);
#241=LINE('',#3792,#450);
#242=LINE('',#3793,#451);
#243=LINE('',#3795,#452);
#244=LINE('',#3796,#453);
#245=LINE('',#3798,#454);
#246=LINE('',#3799,#455);
#247=LINE('',#3801,#456);
#248=LINE('',#3802,#457);
#249=LINE('',#3804,#458);
#250=LINE('',#3805,#459);
#251=LINE('',#3807,#460);
#252=LINE('',#3808,#461);
#253=LINE('',#3810,#462);
#254=LINE('',#3811,#463);
#255=LINE('',#3813,#464);
#256=LINE('',#3814,#465);
#257=LINE('',#3816,#466);
#258=LINE('',#3817,#467);
#259=LINE('',#3822,#468);
#260=LINE('',#3825,#469);
#261=LINE('',#3827,#470);
#262=LINE('',#3829,#471);
#263=LINE('',#3831,#472);
#264=LINE('',#3834,#473);
#265=LINE('',#3836,#474);
#266=LINE('',#3838,#475);
#267=LINE('',#3840,#476);
#268=LINE('',#3842,#477);
#269=LINE('',#3844,#478);
#270=LINE('',#3846,#479);
#271=LINE('',#3848,#480);
#272=LINE('',#3850,#481);
#273=LINE('',#3852,#482);
#274=LINE('',#3855,#483);
#275=LINE('',#3857,#484);
#276=LINE('',#3859,#485);
#277=LINE('',#3861,#486);
#278=LINE('',#3863,#487);
#279=LINE('',#3865,#488);
#280=LINE('',#3867,#489);
#281=LINE('',#3869,#490);
#282=LINE('',#3871,#491);
#283=LINE('',#3873,#492);
#284=LINE('',#3876,#493);
#285=LINE('',#3878,#494);
#286=LINE('',#3880,#495);
#287=LINE('',#3882,#496);
#288=LINE('',#3884,#497);
#289=LINE('',#3886,#498);
#290=LINE('',#3888,#499);
#291=LINE('',#3891,#500);
#292=LINE('',#3893,#501);
#293=LINE('',#3895,#502);
#294=LINE('',#3897,#503);
#295=LINE('',#3899,#504);
#296=LINE('',#3901,#505);
#297=LINE('',#3903,#506);
#298=LINE('',#3905,#507);
#299=LINE('',#3907,#508);
#300=LINE('',#3909,#509);
#301=LINE('',#3911,#510);
#302=LINE('',#3913,#511);
#303=LINE('',#3915,#512);
#304=LINE('',#3917,#513);
#305=LINE('',#3919,#514);
#306=LINE('',#3935,#515);
#307=LINE('',#3947,#516);
#308=LINE('',#3951,#517);
#309=LINE('',#3955,#518);
#310=LINE('',#3957,#519);
#311=LINE('',#3959,#520);
#312=LINE('',#3975,#521);
#313=LINE('',#3987,#522);
#314=LINE('',#3989,#523);
#315=LINE('',#3991,#524);
#316=LINE('',#3993,#525);
#317=LINE('',#4009,#526);
#318=LINE('',#4021,#527);
#319=LINE('',#4025,#528);
#320=LINE('',#4029,#529);
#321=LINE('',#4030,#530);
#322=LINE('',#4032,#531);
#323=LINE('',#4034,#532);
#324=LINE('',#4036,#533);
#325=LINE('',#4038,#534);
#326=LINE('',#4050,#535);
#327=LINE('',#4052,#536);
#328=LINE('',#4064,#537);
#329=LINE('',#4068,#538);
#330=LINE('',#4072,#539);
#331=LINE('',#4074,#540);
#332=LINE('',#4076,#541);
#333=LINE('',#4078,#542);
#334=LINE('',#4090,#543);
#335=LINE('',#4094,#544);
#336=LINE('',#4098,#545);
#337=LINE('',#4100,#546);
#338=LINE('',#4102,#547);
#339=LINE('',#4118,#548);
#340=LINE('',#4130,#549);
#341=LINE('',#4132,#550);
#342=LINE('',#4134,#551);
#343=LINE('',#4136,#552);
#344=LINE('',#4138,#553);
#345=LINE('',#4139,#554);
#346=LINE('',#4141,#555);
#347=LINE('',#4143,#556);
#348=LINE('',#4145,#557);
#349=LINE('',#4147,#558);
#350=LINE('',#4148,#559);
#351=LINE('',#4150,#560);
#352=LINE('',#4152,#561);
#353=LINE('',#4154,#562);
#354=LINE('',#4156,#563);
#355=LINE('',#4157,#564);
#356=VECTOR('',#2661,1.);
#357=VECTOR('',#2664,1.);
#358=VECTOR('',#2667,1.);
#359=VECTOR('',#2668,1.);
#360=VECTOR('',#2669,1.);
#361=VECTOR('',#2676,1.);
#362=VECTOR('',#2685,1.);
#363=VECTOR('',#2686,1.);
#364=VECTOR('',#2699,1.);
#365=VECTOR('',#2702,1.);
#366=VECTOR('',#2703,1.);
#367=VECTOR('',#2704,1.);
#368=VECTOR('',#2719,1.);
#369=VECTOR('',#2720,1.);
#370=VECTOR('',#2735,1.);
#371=VECTOR('',#2736,1.);
#372=VECTOR('',#2751,1.);
#373=VECTOR('',#2752,1.);
#374=VECTOR('',#2767,1.);
#375=VECTOR('',#2768,1.);
#376=VECTOR('',#2779,1.);
#377=VECTOR('',#2782,1.);
#378=VECTOR('',#2785,1.);
#379=VECTOR('',#2786,1.);
#380=VECTOR('',#2787,1.);
#381=VECTOR('',#2794,1.);
#382=VECTOR('',#2799,1.);
#383=VECTOR('',#2802,1.);
#384=VECTOR('',#2805,1.);
#385=VECTOR('',#2806,1.);
#386=VECTOR('',#2807,1.);
#387=VECTOR('',#2814,1.);
#388=VECTOR('',#2821,1.);
#389=VECTOR('',#2824,1.);
#390=VECTOR('',#2825,1.);
#391=VECTOR('',#2826,1.);
#392=VECTOR('',#2841,1.);
#393=VECTOR('',#2842,1.);
#394=VECTOR('',#2853,1.);
#395=VECTOR('',#2856,1.);
#396=VECTOR('',#2859,1.);
#397=VECTOR('',#2860,1.);
#398=VECTOR('',#2861,1.);
#399=VECTOR('',#2868,1.);
#400=VECTOR('',#2871,1.);
#401=VECTOR('',#2872,1.);
#402=VECTOR('',#2873,1.);
#403=VECTOR('',#2874,1.);
#404=VECTOR('',#2877,1.);
#405=VECTOR('',#2878,1.);
#406=VECTOR('',#2879,1.);
#407=VECTOR('',#2882,1.);
#408=VECTOR('',#2883,1.);
#409=VECTOR('',#2890,1.);
#410=VECTOR('',#2893,1.);
#411=VECTOR('',#2894,1.);
#412=VECTOR('',#2895,1.);
#413=VECTOR('',#2904,1.);
#414=VECTOR('',#2905,1.);
#415=VECTOR('',#2912,1.);
#416=VECTOR('',#2915,1.);
#417=VECTOR('',#2916,1.);
#418=VECTOR('',#2917,1.);
#419=VECTOR('',#2924,1.);
#420=VECTOR('',#2927,1.);
#421=VECTOR('',#2928,1.);
#422=VECTOR('',#2931,1.);
#423=VECTOR('',#2932,1.);
#424=VECTOR('',#2933,1.);
#425=VECTOR('',#2936,1.);
#426=VECTOR('',#2937,1.);
#427=VECTOR('',#2938,1.);
#428=VECTOR('',#2947,1.);
#429=VECTOR('',#2948,1.);
#430=VECTOR('',#2949,1.);
#431=VECTOR('',#2952,1.);
#432=VECTOR('',#2953,1.);
#433=VECTOR('',#2956,1.);
#434=VECTOR('',#2957,1.);
#435=VECTOR('',#2958,1.);
#436=VECTOR('',#2961,1.);
#437=VECTOR('',#2962,1.);
#438=VECTOR('',#2963,1.);
#439=VECTOR('',#2966,1.);
#440=VECTOR('',#2967,1.);
#441=VECTOR('',#2974,1.);
#442=VECTOR('',#2989,1.);
#443=VECTOR('',#2990,1.);
#444=VECTOR('',#2993,1.);
#445=VECTOR('',#2994,1.);
#446=VECTOR('',#2997,1.);
#447=VECTOR('',#2998,1.);
#448=VECTOR('',#3013,1.);
#449=VECTOR('',#3014,1.);
#450=VECTOR('',#3017,1.);
#451=VECTOR('',#3018,1.);
#452=VECTOR('',#3021,1.);
#453=VECTOR('',#3022,1.);
#454=VECTOR('',#3025,1.);
#455=VECTOR('',#3026,1.);
#456=VECTOR('',#3029,1.);
#457=VECTOR('',#3030,1.);
#458=VECTOR('',#3033,1.);
#459=VECTOR('',#3034,1.);
#460=VECTOR('',#3037,1.);
#461=VECTOR('',#3038,1.);
#462=VECTOR('',#3041,1.);
#463=VECTOR('',#3042,1.);
#464=VECTOR('',#3045,1.);
#465=VECTOR('',#3046,1.);
#466=VECTOR('',#3049,1.);
#467=VECTOR('',#3050,1.);
#468=VECTOR('',#3059,1.);
#469=VECTOR('',#3060,1.);
#470=VECTOR('',#3061,1.);
#471=VECTOR('',#3062,1.);
#472=VECTOR('',#3065,1.);
#473=VECTOR('',#3066,1.);
#474=VECTOR('',#3067,1.);
#475=VECTOR('',#3068,1.);
#476=VECTOR('',#3071,1.);
#477=VECTOR('',#3072,1.);
#478=VECTOR('',#3073,1.);
#479=VECTOR('',#3076,1.);
#480=VECTOR('',#3077,1.);
#481=VECTOR('',#3078,1.);
#482=VECTOR('',#3081,1.);
#483=VECTOR('',#3082,1.);
#484=VECTOR('',#3083,1.);
#485=VECTOR('',#3084,1.);
#486=VECTOR('',#3087,1.);
#487=VECTOR('',#3088,1.);
#488=VECTOR('',#3089,1.);
#489=VECTOR('',#3092,1.);
#490=VECTOR('',#3093,1.);
#491=VECTOR('',#3094,1.);
#492=VECTOR('',#3097,1.);
#493=VECTOR('',#3098,1.);
#494=VECTOR('',#3099,1.);
#495=VECTOR('',#3100,1.);
#496=VECTOR('',#3103,1.);
#497=VECTOR('',#3104,1.);
#498=VECTOR('',#3105,1.);
#499=VECTOR('',#3108,1.);
#500=VECTOR('',#3109,1.);
#501=VECTOR('',#3110,1.);
#502=VECTOR('',#3111,1.);
#503=VECTOR('',#3114,1.);
#504=VECTOR('',#3115,1.);
#505=VECTOR('',#3116,1.);
#506=VECTOR('',#3119,1.);
#507=VECTOR('',#3120,1.);
#508=VECTOR('',#3121,1.);
#509=VECTOR('',#3124,1.);
#510=VECTOR('',#3125,1.);
#511=VECTOR('',#3126,1.);
#512=VECTOR('',#3129,1.);
#513=VECTOR('',#3130,1.);
#514=VECTOR('',#3131,1.);
#515=VECTOR('',#3140,1.);
#516=VECTOR('',#3141,1.);
#517=VECTOR('',#3146,1.);
#518=VECTOR('',#3151,1.);
#519=VECTOR('',#3152,1.);
#520=VECTOR('',#3153,1.);
#521=VECTOR('',#3162,1.);
#522=VECTOR('',#3163,1.);
#523=VECTOR('',#3166,1.);
#524=VECTOR('',#3167,1.);
#525=VECTOR('',#3168,1.);
#526=VECTOR('',#3177,1.);
#527=VECTOR('',#3178,1.);
#528=VECTOR('',#3183,1.);
#529=VECTOR('',#3188,1.);
#530=VECTOR('',#3189,1.);
#531=VECTOR('',#3192,1.);
#532=VECTOR('',#3193,1.);
#533=VECTOR('',#3194,1.);
#534=VECTOR('',#3197,1.);
#535=VECTOR('',#3198,1.);
#536=VECTOR('',#3201,1.);
#537=VECTOR('',#3202,1.);
#538=VECTOR('',#3207,1.);
#539=VECTOR('',#3212,1.);
#540=VECTOR('',#3213,1.);
#541=VECTOR('',#3214,1.);
#542=VECTOR('',#3217,1.);
#543=VECTOR('',#3218,1.);
#544=VECTOR('',#3223,1.);
#545=VECTOR('',#3228,1.);
#546=VECTOR('',#3229,1.);
#547=VECTOR('',#3230,1.);
#548=VECTOR('',#3239,1.);
#549=VECTOR('',#3240,1.);
#550=VECTOR('',#3243,1.);
#551=VECTOR('',#3244,1.);
#552=VECTOR('',#3245,1.);
#553=VECTOR('',#3248,1.);
#554=VECTOR('',#3249,1.);
#555=VECTOR('',#3252,1.);
#556=VECTOR('',#3253,1.);
#557=VECTOR('',#3254,1.);
#558=VECTOR('',#3257,1.);
#559=VECTOR('',#3258,1.);
#560=VECTOR('',#3261,1.);
#561=VECTOR('',#3262,1.);
#562=VECTOR('',#3263,1.);
#563=VECTOR('',#3266,1.);
#564=VECTOR('',#3267,1.);
#565=ORIENTED_EDGE('',*,*,#1269,.T.);
#566=ORIENTED_EDGE('',*,*,#1270,.F.);
#567=ORIENTED_EDGE('',*,*,#1271,.F.);
#568=ORIENTED_EDGE('',*,*,#1272,.T.);
#569=ORIENTED_EDGE('',*,*,#1273,.T.);
#570=ORIENTED_EDGE('',*,*,#1272,.F.);
#571=ORIENTED_EDGE('',*,*,#1274,.F.);
#572=ORIENTED_EDGE('',*,*,#1275,.T.);
#573=ORIENTED_EDGE('',*,*,#1276,.T.);
#574=ORIENTED_EDGE('',*,*,#1275,.F.);
#575=ORIENTED_EDGE('',*,*,#1277,.F.);
#576=ORIENTED_EDGE('',*,*,#1278,.T.);
#577=ORIENTED_EDGE('',*,*,#1279,.T.);
#578=ORIENTED_EDGE('',*,*,#1280,.F.);
#579=ORIENTED_EDGE('',*,*,#1281,.F.);
#580=ORIENTED_EDGE('',*,*,#1282,.T.);
#581=ORIENTED_EDGE('',*,*,#1283,.T.);
#582=ORIENTED_EDGE('',*,*,#1282,.F.);
#583=ORIENTED_EDGE('',*,*,#1284,.F.);
#584=ORIENTED_EDGE('',*,*,#1285,.T.);
#585=ORIENTED_EDGE('',*,*,#1286,.T.);
#586=ORIENTED_EDGE('',*,*,#1285,.F.);
#587=ORIENTED_EDGE('',*,*,#1287,.F.);
#588=ORIENTED_EDGE('',*,*,#1288,.T.);
#589=ORIENTED_EDGE('',*,*,#1289,.T.);
#590=ORIENTED_EDGE('',*,*,#1290,.F.);
#591=ORIENTED_EDGE('',*,*,#1291,.F.);
#592=ORIENTED_EDGE('',*,*,#1292,.T.);
#593=ORIENTED_EDGE('',*,*,#1293,.T.);
#594=ORIENTED_EDGE('',*,*,#1292,.F.);
#595=ORIENTED_EDGE('',*,*,#1294,.F.);
#596=ORIENTED_EDGE('',*,*,#1295,.T.);
#597=ORIENTED_EDGE('',*,*,#1296,.T.);
#598=ORIENTED_EDGE('',*,*,#1295,.F.);
#599=ORIENTED_EDGE('',*,*,#1297,.F.);
#600=ORIENTED_EDGE('',*,*,#1298,.T.);
#601=ORIENTED_EDGE('',*,*,#1299,.T.);
#602=ORIENTED_EDGE('',*,*,#1300,.F.);
#603=ORIENTED_EDGE('',*,*,#1301,.F.);
#604=ORIENTED_EDGE('',*,*,#1302,.T.);
#605=ORIENTED_EDGE('',*,*,#1303,.T.);
#606=ORIENTED_EDGE('',*,*,#1302,.F.);
#607=ORIENTED_EDGE('',*,*,#1304,.F.);
#608=ORIENTED_EDGE('',*,*,#1305,.T.);
#609=ORIENTED_EDGE('',*,*,#1306,.T.);
#610=ORIENTED_EDGE('',*,*,#1305,.F.);
#611=ORIENTED_EDGE('',*,*,#1307,.F.);
#612=ORIENTED_EDGE('',*,*,#1308,.T.);
#613=ORIENTED_EDGE('',*,*,#1309,.T.);
#614=ORIENTED_EDGE('',*,*,#1310,.F.);
#615=ORIENTED_EDGE('',*,*,#1311,.F.);
#616=ORIENTED_EDGE('',*,*,#1312,.T.);
#617=ORIENTED_EDGE('',*,*,#1313,.T.);
#618=ORIENTED_EDGE('',*,*,#1312,.F.);
#619=ORIENTED_EDGE('',*,*,#1314,.F.);
#620=ORIENTED_EDGE('',*,*,#1315,.T.);
#621=ORIENTED_EDGE('',*,*,#1316,.T.);
#622=ORIENTED_EDGE('',*,*,#1315,.F.);
#623=ORIENTED_EDGE('',*,*,#1317,.F.);
#624=ORIENTED_EDGE('',*,*,#1318,.T.);
#625=ORIENTED_EDGE('',*,*,#1319,.T.);
#626=ORIENTED_EDGE('',*,*,#1320,.F.);
#627=ORIENTED_EDGE('',*,*,#1321,.F.);
#628=ORIENTED_EDGE('',*,*,#1322,.T.);
#629=ORIENTED_EDGE('',*,*,#1323,.T.);
#630=ORIENTED_EDGE('',*,*,#1322,.F.);
#631=ORIENTED_EDGE('',*,*,#1324,.F.);
#632=ORIENTED_EDGE('',*,*,#1325,.T.);
#633=ORIENTED_EDGE('',*,*,#1326,.T.);
#634=ORIENTED_EDGE('',*,*,#1325,.F.);
#635=ORIENTED_EDGE('',*,*,#1327,.F.);
#636=ORIENTED_EDGE('',*,*,#1328,.T.);
#637=ORIENTED_EDGE('',*,*,#1329,.T.);
#638=ORIENTED_EDGE('',*,*,#1330,.F.);
#639=ORIENTED_EDGE('',*,*,#1331,.F.);
#640=ORIENTED_EDGE('',*,*,#1332,.T.);
#641=ORIENTED_EDGE('',*,*,#1333,.T.);
#642=ORIENTED_EDGE('',*,*,#1332,.F.);
#643=ORIENTED_EDGE('',*,*,#1334,.F.);
#644=ORIENTED_EDGE('',*,*,#1335,.T.);
#645=ORIENTED_EDGE('',*,*,#1336,.T.);
#646=ORIENTED_EDGE('',*,*,#1335,.F.);
#647=ORIENTED_EDGE('',*,*,#1337,.F.);
#648=ORIENTED_EDGE('',*,*,#1338,.T.);
#649=ORIENTED_EDGE('',*,*,#1339,.T.);
#650=ORIENTED_EDGE('',*,*,#1340,.F.);
#651=ORIENTED_EDGE('',*,*,#1341,.F.);
#652=ORIENTED_EDGE('',*,*,#1342,.T.);
#653=ORIENTED_EDGE('',*,*,#1343,.T.);
#654=ORIENTED_EDGE('',*,*,#1342,.F.);
#655=ORIENTED_EDGE('',*,*,#1344,.F.);
#656=ORIENTED_EDGE('',*,*,#1345,.T.);
#657=ORIENTED_EDGE('',*,*,#1346,.T.);
#658=ORIENTED_EDGE('',*,*,#1345,.F.);
#659=ORIENTED_EDGE('',*,*,#1347,.F.);
#660=ORIENTED_EDGE('',*,*,#1348,.T.);
#661=ORIENTED_EDGE('',*,*,#1349,.T.);
#662=ORIENTED_EDGE('',*,*,#1350,.F.);
#663=ORIENTED_EDGE('',*,*,#1351,.F.);
#664=ORIENTED_EDGE('',*,*,#1352,.T.);
#665=ORIENTED_EDGE('',*,*,#1353,.T.);
#666=ORIENTED_EDGE('',*,*,#1352,.F.);
#667=ORIENTED_EDGE('',*,*,#1354,.F.);
#668=ORIENTED_EDGE('',*,*,#1355,.T.);
#669=ORIENTED_EDGE('',*,*,#1356,.T.);
#670=ORIENTED_EDGE('',*,*,#1355,.F.);
#671=ORIENTED_EDGE('',*,*,#1357,.F.);
#672=ORIENTED_EDGE('',*,*,#1358,.T.);
#673=ORIENTED_EDGE('',*,*,#1359,.T.);
#674=ORIENTED_EDGE('',*,*,#1360,.F.);
#675=ORIENTED_EDGE('',*,*,#1361,.F.);
#676=ORIENTED_EDGE('',*,*,#1362,.T.);
#677=ORIENTED_EDGE('',*,*,#1363,.T.);
#678=ORIENTED_EDGE('',*,*,#1362,.F.);
#679=ORIENTED_EDGE('',*,*,#1364,.F.);
#680=ORIENTED_EDGE('',*,*,#1365,.T.);
#681=ORIENTED_EDGE('',*,*,#1366,.T.);
#682=ORIENTED_EDGE('',*,*,#1365,.F.);
#683=ORIENTED_EDGE('',*,*,#1367,.F.);
#684=ORIENTED_EDGE('',*,*,#1368,.T.);
#685=ORIENTED_EDGE('',*,*,#1369,.T.);
#686=ORIENTED_EDGE('',*,*,#1370,.F.);
#687=ORIENTED_EDGE('',*,*,#1371,.F.);
#688=ORIENTED_EDGE('',*,*,#1372,.T.);
#689=ORIENTED_EDGE('',*,*,#1373,.T.);
#690=ORIENTED_EDGE('',*,*,#1372,.F.);
#691=ORIENTED_EDGE('',*,*,#1374,.F.);
#692=ORIENTED_EDGE('',*,*,#1375,.T.);
#693=ORIENTED_EDGE('',*,*,#1376,.T.);
#694=ORIENTED_EDGE('',*,*,#1375,.F.);
#695=ORIENTED_EDGE('',*,*,#1377,.F.);
#696=ORIENTED_EDGE('',*,*,#1378,.T.);
#697=ORIENTED_EDGE('',*,*,#1379,.T.);
#698=ORIENTED_EDGE('',*,*,#1380,.F.);
#699=ORIENTED_EDGE('',*,*,#1381,.F.);
#700=ORIENTED_EDGE('',*,*,#1382,.T.);
#701=ORIENTED_EDGE('',*,*,#1383,.T.);
#702=ORIENTED_EDGE('',*,*,#1382,.F.);
#703=ORIENTED_EDGE('',*,*,#1384,.F.);
#704=ORIENTED_EDGE('',*,*,#1385,.T.);
#705=ORIENTED_EDGE('',*,*,#1386,.T.);
#706=ORIENTED_EDGE('',*,*,#1385,.F.);
#707=ORIENTED_EDGE('',*,*,#1387,.F.);
#708=ORIENTED_EDGE('',*,*,#1388,.T.);
#709=ORIENTED_EDGE('',*,*,#1389,.T.);
#710=ORIENTED_EDGE('',*,*,#1390,.F.);
#711=ORIENTED_EDGE('',*,*,#1391,.F.);
#712=ORIENTED_EDGE('',*,*,#1392,.T.);
#713=ORIENTED_EDGE('',*,*,#1393,.T.);
#714=ORIENTED_EDGE('',*,*,#1392,.F.);
#715=ORIENTED_EDGE('',*,*,#1394,.F.);
#716=ORIENTED_EDGE('',*,*,#1395,.T.);
#717=ORIENTED_EDGE('',*,*,#1396,.T.);
#718=ORIENTED_EDGE('',*,*,#1395,.F.);
#719=ORIENTED_EDGE('',*,*,#1397,.F.);
#720=ORIENTED_EDGE('',*,*,#1398,.T.);
#721=ORIENTED_EDGE('',*,*,#1399,.T.);
#722=ORIENTED_EDGE('',*,*,#1398,.F.);
#723=ORIENTED_EDGE('',*,*,#1400,.F.);
#724=ORIENTED_EDGE('',*,*,#1401,.T.);
#725=ORIENTED_EDGE('',*,*,#1402,.T.);
#726=ORIENTED_EDGE('',*,*,#1401,.F.);
#727=ORIENTED_EDGE('',*,*,#1403,.F.);
#728=ORIENTED_EDGE('',*,*,#1404,.T.);
#729=ORIENTED_EDGE('',*,*,#1405,.T.);
#730=ORIENTED_EDGE('',*,*,#1404,.F.);
#731=ORIENTED_EDGE('',*,*,#1406,.F.);
#732=ORIENTED_EDGE('',*,*,#1407,.T.);
#733=ORIENTED_EDGE('',*,*,#1408,.T.);
#734=ORIENTED_EDGE('',*,*,#1407,.F.);
#735=ORIENTED_EDGE('',*,*,#1409,.F.);
#736=ORIENTED_EDGE('',*,*,#1410,.T.);
#737=ORIENTED_EDGE('',*,*,#1411,.T.);
#738=ORIENTED_EDGE('',*,*,#1410,.F.);
#739=ORIENTED_EDGE('',*,*,#1412,.F.);
#740=ORIENTED_EDGE('',*,*,#1413,.T.);
#741=ORIENTED_EDGE('',*,*,#1414,.T.);
#742=ORIENTED_EDGE('',*,*,#1413,.F.);
#743=ORIENTED_EDGE('',*,*,#1415,.F.);
#744=ORIENTED_EDGE('',*,*,#1416,.T.);
#745=ORIENTED_EDGE('',*,*,#1417,.T.);
#746=ORIENTED_EDGE('',*,*,#1416,.F.);
#747=ORIENTED_EDGE('',*,*,#1418,.F.);
#748=ORIENTED_EDGE('',*,*,#1419,.T.);
#749=ORIENTED_EDGE('',*,*,#1420,.T.);
#750=ORIENTED_EDGE('',*,*,#1419,.F.);
#751=ORIENTED_EDGE('',*,*,#1421,.F.);
#752=ORIENTED_EDGE('',*,*,#1422,.T.);
#753=ORIENTED_EDGE('',*,*,#1423,.T.);
#754=ORIENTED_EDGE('',*,*,#1422,.F.);
#755=ORIENTED_EDGE('',*,*,#1424,.F.);
#756=ORIENTED_EDGE('',*,*,#1425,.T.);
#757=ORIENTED_EDGE('',*,*,#1426,.T.);
#758=ORIENTED_EDGE('',*,*,#1425,.F.);
#759=ORIENTED_EDGE('',*,*,#1427,.F.);
#760=ORIENTED_EDGE('',*,*,#1428,.T.);
#761=ORIENTED_EDGE('',*,*,#1429,.T.);
#762=ORIENTED_EDGE('',*,*,#1428,.F.);
#763=ORIENTED_EDGE('',*,*,#1430,.F.);
#764=ORIENTED_EDGE('',*,*,#1431,.T.);
#765=ORIENTED_EDGE('',*,*,#1432,.T.);
#766=ORIENTED_EDGE('',*,*,#1431,.F.);
#767=ORIENTED_EDGE('',*,*,#1433,.F.);
#768=ORIENTED_EDGE('',*,*,#1434,.T.);
#769=ORIENTED_EDGE('',*,*,#1435,.T.);
#770=ORIENTED_EDGE('',*,*,#1434,.F.);
#771=ORIENTED_EDGE('',*,*,#1436,.F.);
#772=ORIENTED_EDGE('',*,*,#1437,.T.);
#773=ORIENTED_EDGE('',*,*,#1438,.T.);
#774=ORIENTED_EDGE('',*,*,#1437,.F.);
#775=ORIENTED_EDGE('',*,*,#1439,.F.);
#776=ORIENTED_EDGE('',*,*,#1440,.T.);
#777=ORIENTED_EDGE('',*,*,#1441,.T.);
#778=ORIENTED_EDGE('',*,*,#1440,.F.);
#779=ORIENTED_EDGE('',*,*,#1442,.F.);
#780=ORIENTED_EDGE('',*,*,#1443,.T.);
#781=ORIENTED_EDGE('',*,*,#1444,.T.);
#782=ORIENTED_EDGE('',*,*,#1443,.F.);
#783=ORIENTED_EDGE('',*,*,#1445,.F.);
#784=ORIENTED_EDGE('',*,*,#1446,.T.);
#785=ORIENTED_EDGE('',*,*,#1447,.T.);
#786=ORIENTED_EDGE('',*,*,#1446,.F.);
#787=ORIENTED_EDGE('',*,*,#1448,.F.);
#788=ORIENTED_EDGE('',*,*,#1449,.T.);
#789=ORIENTED_EDGE('',*,*,#1450,.F.);
#790=ORIENTED_EDGE('',*,*,#1451,.T.);
#791=ORIENTED_EDGE('',*,*,#1452,.F.);
#792=ORIENTED_EDGE('',*,*,#1453,.T.);
#793=ORIENTED_EDGE('',*,*,#1454,.T.);
#794=ORIENTED_EDGE('',*,*,#1288,.F.);
#795=ORIENTED_EDGE('',*,*,#1455,.F.);
#796=ORIENTED_EDGE('',*,*,#1280,.T.);
#797=ORIENTED_EDGE('',*,*,#1456,.T.);
#798=ORIENTED_EDGE('',*,*,#1298,.F.);
#799=ORIENTED_EDGE('',*,*,#1457,.F.);
#800=ORIENTED_EDGE('',*,*,#1290,.T.);
#801=ORIENTED_EDGE('',*,*,#1458,.T.);
#802=ORIENTED_EDGE('',*,*,#1308,.F.);
#803=ORIENTED_EDGE('',*,*,#1459,.F.);
#804=ORIENTED_EDGE('',*,*,#1300,.T.);
#805=ORIENTED_EDGE('',*,*,#1460,.F.);
#806=ORIENTED_EDGE('',*,*,#1461,.T.);
#807=ORIENTED_EDGE('',*,*,#1462,.F.);
#808=ORIENTED_EDGE('',*,*,#1463,.T.);
#809=ORIENTED_EDGE('',*,*,#1464,.T.);
#810=ORIENTED_EDGE('',*,*,#1318,.F.);
#811=ORIENTED_EDGE('',*,*,#1465,.F.);
#812=ORIENTED_EDGE('',*,*,#1310,.T.);
#813=ORIENTED_EDGE('',*,*,#1466,.T.);
#814=ORIENTED_EDGE('',*,*,#1328,.F.);
#815=ORIENTED_EDGE('',*,*,#1467,.F.);
#816=ORIENTED_EDGE('',*,*,#1320,.T.);
#817=ORIENTED_EDGE('',*,*,#1468,.T.);
#818=ORIENTED_EDGE('',*,*,#1338,.F.);
#819=ORIENTED_EDGE('',*,*,#1469,.F.);
#820=ORIENTED_EDGE('',*,*,#1330,.T.);
#821=ORIENTED_EDGE('',*,*,#1470,.T.);
#822=ORIENTED_EDGE('',*,*,#1348,.F.);
#823=ORIENTED_EDGE('',*,*,#1471,.F.);
#824=ORIENTED_EDGE('',*,*,#1340,.T.);
#825=ORIENTED_EDGE('',*,*,#1472,.T.);
#826=ORIENTED_EDGE('',*,*,#1358,.F.);
#827=ORIENTED_EDGE('',*,*,#1473,.F.);
#828=ORIENTED_EDGE('',*,*,#1350,.T.);
#829=ORIENTED_EDGE('',*,*,#1474,.T.);
#830=ORIENTED_EDGE('',*,*,#1368,.F.);
#831=ORIENTED_EDGE('',*,*,#1475,.F.);
#832=ORIENTED_EDGE('',*,*,#1360,.T.);
#833=ORIENTED_EDGE('',*,*,#1476,.T.);
#834=ORIENTED_EDGE('',*,*,#1378,.F.);
#835=ORIENTED_EDGE('',*,*,#1477,.F.);
#836=ORIENTED_EDGE('',*,*,#1370,.T.);
#837=ORIENTED_EDGE('',*,*,#1478,.T.);
#838=ORIENTED_EDGE('',*,*,#1388,.F.);
#839=ORIENTED_EDGE('',*,*,#1479,.F.);
#840=ORIENTED_EDGE('',*,*,#1380,.T.);
#841=ORIENTED_EDGE('',*,*,#1480,.T.);
#842=ORIENTED_EDGE('',*,*,#1449,.F.);
#843=ORIENTED_EDGE('',*,*,#1481,.F.);
#844=ORIENTED_EDGE('',*,*,#1390,.T.);
#845=ORIENTED_EDGE('',*,*,#1482,.T.);
#846=ORIENTED_EDGE('',*,*,#1278,.F.);
#847=ORIENTED_EDGE('',*,*,#1483,.F.);
#848=ORIENTED_EDGE('',*,*,#1270,.T.);
#849=ORIENTED_EDGE('',*,*,#1391,.T.);
#850=ORIENTED_EDGE('',*,*,#1481,.T.);
#851=ORIENTED_EDGE('',*,*,#1448,.T.);
#852=ORIENTED_EDGE('',*,*,#1445,.T.);
#853=ORIENTED_EDGE('',*,*,#1442,.T.);
#854=ORIENTED_EDGE('',*,*,#1439,.T.);
#855=ORIENTED_EDGE('',*,*,#1436,.T.);
#856=ORIENTED_EDGE('',*,*,#1433,.T.);
#857=ORIENTED_EDGE('',*,*,#1430,.T.);
#858=ORIENTED_EDGE('',*,*,#1427,.T.);
#859=ORIENTED_EDGE('',*,*,#1424,.T.);
#860=ORIENTED_EDGE('',*,*,#1421,.T.);
#861=ORIENTED_EDGE('',*,*,#1418,.T.);
#862=ORIENTED_EDGE('',*,*,#1415,.T.);
#863=ORIENTED_EDGE('',*,*,#1412,.T.);
#864=ORIENTED_EDGE('',*,*,#1409,.T.);
#865=ORIENTED_EDGE('',*,*,#1406,.T.);
#866=ORIENTED_EDGE('',*,*,#1403,.T.);
#867=ORIENTED_EDGE('',*,*,#1400,.T.);
#868=ORIENTED_EDGE('',*,*,#1397,.T.);
#869=ORIENTED_EDGE('',*,*,#1394,.T.);
#870=ORIENTED_EDGE('',*,*,#1381,.T.);
#871=ORIENTED_EDGE('',*,*,#1479,.T.);
#872=ORIENTED_EDGE('',*,*,#1387,.T.);
#873=ORIENTED_EDGE('',*,*,#1384,.T.);
#874=ORIENTED_EDGE('',*,*,#1371,.T.);
#875=ORIENTED_EDGE('',*,*,#1477,.T.);
#876=ORIENTED_EDGE('',*,*,#1377,.T.);
#877=ORIENTED_EDGE('',*,*,#1374,.T.);
#878=ORIENTED_EDGE('',*,*,#1361,.T.);
#879=ORIENTED_EDGE('',*,*,#1475,.T.);
#880=ORIENTED_EDGE('',*,*,#1367,.T.);
#881=ORIENTED_EDGE('',*,*,#1364,.T.);
#882=ORIENTED_EDGE('',*,*,#1351,.T.);
#883=ORIENTED_EDGE('',*,*,#1473,.T.);
#884=ORIENTED_EDGE('',*,*,#1357,.T.);
#885=ORIENTED_EDGE('',*,*,#1354,.T.);
#886=ORIENTED_EDGE('',*,*,#1341,.T.);
#887=ORIENTED_EDGE('',*,*,#1471,.T.);
#888=ORIENTED_EDGE('',*,*,#1347,.T.);
#889=ORIENTED_EDGE('',*,*,#1344,.T.);
#890=ORIENTED_EDGE('',*,*,#1331,.T.);
#891=ORIENTED_EDGE('',*,*,#1469,.T.);
#892=ORIENTED_EDGE('',*,*,#1337,.T.);
#893=ORIENTED_EDGE('',*,*,#1334,.T.);
#894=ORIENTED_EDGE('',*,*,#1321,.T.);
#895=ORIENTED_EDGE('',*,*,#1467,.T.);
#896=ORIENTED_EDGE('',*,*,#1327,.T.);
#897=ORIENTED_EDGE('',*,*,#1324,.T.);
#898=ORIENTED_EDGE('',*,*,#1311,.T.);
#899=ORIENTED_EDGE('',*,*,#1465,.T.);
#900=ORIENTED_EDGE('',*,*,#1317,.T.);
#901=ORIENTED_EDGE('',*,*,#1314,.T.);
#902=ORIENTED_EDGE('',*,*,#1462,.T.);
#903=ORIENTED_EDGE('',*,*,#1460,.T.);
#904=ORIENTED_EDGE('',*,*,#1301,.T.);
#905=ORIENTED_EDGE('',*,*,#1459,.T.);
#906=ORIENTED_EDGE('',*,*,#1307,.T.);
#907=ORIENTED_EDGE('',*,*,#1304,.T.);
#908=ORIENTED_EDGE('',*,*,#1291,.T.);
#909=ORIENTED_EDGE('',*,*,#1457,.T.);
#910=ORIENTED_EDGE('',*,*,#1297,.T.);
#911=ORIENTED_EDGE('',*,*,#1294,.T.);
#912=ORIENTED_EDGE('',*,*,#1281,.T.);
#913=ORIENTED_EDGE('',*,*,#1455,.T.);
#914=ORIENTED_EDGE('',*,*,#1287,.T.);
#915=ORIENTED_EDGE('',*,*,#1284,.T.);
#916=ORIENTED_EDGE('',*,*,#1452,.T.);
#917=ORIENTED_EDGE('',*,*,#1450,.T.);
#918=ORIENTED_EDGE('',*,*,#1271,.T.);
#919=ORIENTED_EDGE('',*,*,#1483,.T.);
#920=ORIENTED_EDGE('',*,*,#1277,.T.);
#921=ORIENTED_EDGE('',*,*,#1274,.T.);
#922=ORIENTED_EDGE('',*,*,#1389,.F.);
#923=ORIENTED_EDGE('',*,*,#1393,.F.);
#924=ORIENTED_EDGE('',*,*,#1396,.F.);
#925=ORIENTED_EDGE('',*,*,#1399,.F.);
#926=ORIENTED_EDGE('',*,*,#1402,.F.);
#927=ORIENTED_EDGE('',*,*,#1405,.F.);
#928=ORIENTED_EDGE('',*,*,#1408,.F.);
#929=ORIENTED_EDGE('',*,*,#1411,.F.);
#930=ORIENTED_EDGE('',*,*,#1414,.F.);
#931=ORIENTED_EDGE('',*,*,#1417,.F.);
#932=ORIENTED_EDGE('',*,*,#1420,.F.);
#933=ORIENTED_EDGE('',*,*,#1423,.F.);
#934=ORIENTED_EDGE('',*,*,#1426,.F.);
#935=ORIENTED_EDGE('',*,*,#1429,.F.);
#936=ORIENTED_EDGE('',*,*,#1432,.F.);
#937=ORIENTED_EDGE('',*,*,#1435,.F.);
#938=ORIENTED_EDGE('',*,*,#1438,.F.);
#939=ORIENTED_EDGE('',*,*,#1441,.F.);
#940=ORIENTED_EDGE('',*,*,#1444,.F.);
#941=ORIENTED_EDGE('',*,*,#1447,.F.);
#942=ORIENTED_EDGE('',*,*,#1480,.F.);
#943=ORIENTED_EDGE('',*,*,#1379,.F.);
#944=ORIENTED_EDGE('',*,*,#1383,.F.);
#945=ORIENTED_EDGE('',*,*,#1386,.F.);
#946=ORIENTED_EDGE('',*,*,#1478,.F.);
#947=ORIENTED_EDGE('',*,*,#1369,.F.);
#948=ORIENTED_EDGE('',*,*,#1373,.F.);
#949=ORIENTED_EDGE('',*,*,#1376,.F.);
#950=ORIENTED_EDGE('',*,*,#1476,.F.);
#951=ORIENTED_EDGE('',*,*,#1359,.F.);
#952=ORIENTED_EDGE('',*,*,#1363,.F.);
#953=ORIENTED_EDGE('',*,*,#1366,.F.);
#954=ORIENTED_EDGE('',*,*,#1474,.F.);
#955=ORIENTED_EDGE('',*,*,#1349,.F.);
#956=ORIENTED_EDGE('',*,*,#1353,.F.);
#957=ORIENTED_EDGE('',*,*,#1356,.F.);
#958=ORIENTED_EDGE('',*,*,#1472,.F.);
#959=ORIENTED_EDGE('',*,*,#1339,.F.);
#960=ORIENTED_EDGE('',*,*,#1343,.F.);
#961=ORIENTED_EDGE('',*,*,#1346,.F.);
#962=ORIENTED_EDGE('',*,*,#1470,.F.);
#963=ORIENTED_EDGE('',*,*,#1329,.F.);
#964=ORIENTED_EDGE('',*,*,#1333,.F.);
#965=ORIENTED_EDGE('',*,*,#1336,.F.);
#966=ORIENTED_EDGE('',*,*,#1468,.F.);
#967=ORIENTED_EDGE('',*,*,#1319,.F.);
#968=ORIENTED_EDGE('',*,*,#1323,.F.);
#969=ORIENTED_EDGE('',*,*,#1326,.F.);
#970=ORIENTED_EDGE('',*,*,#1466,.F.);
#971=ORIENTED_EDGE('',*,*,#1309,.F.);
#972=ORIENTED_EDGE('',*,*,#1313,.F.);
#973=ORIENTED_EDGE('',*,*,#1316,.F.);
#974=ORIENTED_EDGE('',*,*,#1464,.F.);
#975=ORIENTED_EDGE('',*,*,#1463,.F.);
#976=ORIENTED_EDGE('',*,*,#1461,.F.);
#977=ORIENTED_EDGE('',*,*,#1299,.F.);
#978=ORIENTED_EDGE('',*,*,#1303,.F.);
#979=ORIENTED_EDGE('',*,*,#1306,.F.);
#980=ORIENTED_EDGE('',*,*,#1458,.F.);
#981=ORIENTED_EDGE('',*,*,#1289,.F.);
#982=ORIENTED_EDGE('',*,*,#1293,.F.);
#983=ORIENTED_EDGE('',*,*,#1296,.F.);
#984=ORIENTED_EDGE('',*,*,#1456,.F.);
#985=ORIENTED_EDGE('',*,*,#1279,.F.);
#986=ORIENTED_EDGE('',*,*,#1283,.F.);
#987=ORIENTED_EDGE('',*,*,#1286,.F.);
#988=ORIENTED_EDGE('',*,*,#1454,.F.);
#989=ORIENTED_EDGE('',*,*,#1453,.F.);
#990=ORIENTED_EDGE('',*,*,#1451,.F.);
#991=ORIENTED_EDGE('',*,*,#1269,.F.);
#992=ORIENTED_EDGE('',*,*,#1273,.F.);
#993=ORIENTED_EDGE('',*,*,#1276,.F.);
#994=ORIENTED_EDGE('',*,*,#1482,.F.);
#995=ORIENTED_EDGE('',*,*,#1484,.T.);
#996=ORIENTED_EDGE('',*,*,#1485,.T.);
#997=ORIENTED_EDGE('',*,*,#1486,.F.);
#998=ORIENTED_EDGE('',*,*,#1487,.F.);
#999=ORIENTED_EDGE('',*,*,#1488,.T.);
#1000=ORIENTED_EDGE('',*,*,#1489,.T.);
#1001=ORIENTED_EDGE('',*,*,#1490,.F.);
#1002=ORIENTED_EDGE('',*,*,#1491,.F.);
#1003=ORIENTED_EDGE('',*,*,#1492,.T.);
#1004=ORIENTED_EDGE('',*,*,#1493,.T.);
#1005=ORIENTED_EDGE('',*,*,#1494,.F.);
#1006=ORIENTED_EDGE('',*,*,#1489,.F.);
#1007=ORIENTED_EDGE('',*,*,#1495,.T.);
#1008=ORIENTED_EDGE('',*,*,#1496,.T.);
#1009=ORIENTED_EDGE('',*,*,#1497,.F.);
#1010=ORIENTED_EDGE('',*,*,#1493,.F.);
#1011=ORIENTED_EDGE('',*,*,#1498,.T.);
#1012=ORIENTED_EDGE('',*,*,#1499,.T.);
#1013=ORIENTED_EDGE('',*,*,#1500,.F.);
#1014=ORIENTED_EDGE('',*,*,#1501,.F.);
#1015=ORIENTED_EDGE('',*,*,#1502,.T.);
#1016=ORIENTED_EDGE('',*,*,#1503,.T.);
#1017=ORIENTED_EDGE('',*,*,#1504,.F.);
#1018=ORIENTED_EDGE('',*,*,#1499,.F.);
#1019=ORIENTED_EDGE('',*,*,#1505,.T.);
#1020=ORIENTED_EDGE('',*,*,#1506,.T.);
#1021=ORIENTED_EDGE('',*,*,#1507,.F.);
#1022=ORIENTED_EDGE('',*,*,#1503,.F.);
#1023=ORIENTED_EDGE('',*,*,#1508,.T.);
#1024=ORIENTED_EDGE('',*,*,#1509,.T.);
#1025=ORIENTED_EDGE('',*,*,#1510,.F.);
#1026=ORIENTED_EDGE('',*,*,#1511,.F.);
#1027=ORIENTED_EDGE('',*,*,#1512,.T.);
#1028=ORIENTED_EDGE('',*,*,#1491,.T.);
#1029=ORIENTED_EDGE('',*,*,#1513,.F.);
#1030=ORIENTED_EDGE('',*,*,#1514,.F.);
#1031=ORIENTED_EDGE('',*,*,#1515,.T.);
#1032=ORIENTED_EDGE('',*,*,#1516,.T.);
#1033=ORIENTED_EDGE('',*,*,#1517,.F.);
#1034=ORIENTED_EDGE('',*,*,#1518,.F.);
#1035=ORIENTED_EDGE('',*,*,#1519,.T.);
#1036=ORIENTED_EDGE('',*,*,#1520,.T.);
#1037=ORIENTED_EDGE('',*,*,#1521,.F.);
#1038=ORIENTED_EDGE('',*,*,#1516,.F.);
#1039=ORIENTED_EDGE('',*,*,#1522,.T.);
#1040=ORIENTED_EDGE('',*,*,#1523,.T.);
#1041=ORIENTED_EDGE('',*,*,#1524,.F.);
#1042=ORIENTED_EDGE('',*,*,#1520,.F.);
#1043=ORIENTED_EDGE('',*,*,#1525,.T.);
#1044=ORIENTED_EDGE('',*,*,#1526,.T.);
#1045=ORIENTED_EDGE('',*,*,#1527,.F.);
#1046=ORIENTED_EDGE('',*,*,#1523,.F.);
#1047=ORIENTED_EDGE('',*,*,#1528,.T.);
#1048=ORIENTED_EDGE('',*,*,#1529,.T.);
#1049=ORIENTED_EDGE('',*,*,#1530,.F.);
#1050=ORIENTED_EDGE('',*,*,#1526,.F.);
#1051=ORIENTED_EDGE('',*,*,#1531,.T.);
#1052=ORIENTED_EDGE('',*,*,#1532,.T.);
#1053=ORIENTED_EDGE('',*,*,#1533,.T.);
#1054=ORIENTED_EDGE('',*,*,#1534,.F.);
#1055=ORIENTED_EDGE('',*,*,#1529,.F.);
#1056=ORIENTED_EDGE('',*,*,#1535,.T.);
#1057=ORIENTED_EDGE('',*,*,#1536,.T.);
#1058=ORIENTED_EDGE('',*,*,#1537,.T.);
#1059=ORIENTED_EDGE('',*,*,#1538,.F.);
#1060=ORIENTED_EDGE('',*,*,#1533,.F.);
#1061=ORIENTED_EDGE('',*,*,#1532,.F.);
#1062=ORIENTED_EDGE('',*,*,#1539,.T.);
#1063=ORIENTED_EDGE('',*,*,#1540,.T.);
#1064=ORIENTED_EDGE('',*,*,#1541,.F.);
#1065=ORIENTED_EDGE('',*,*,#1537,.F.);
#1066=ORIENTED_EDGE('',*,*,#1536,.F.);
#1067=ORIENTED_EDGE('',*,*,#1542,.T.);
#1068=ORIENTED_EDGE('',*,*,#1543,.T.);
#1069=ORIENTED_EDGE('',*,*,#1544,.F.);
#1070=ORIENTED_EDGE('',*,*,#1540,.F.);
#1071=ORIENTED_EDGE('',*,*,#1545,.T.);
#1072=ORIENTED_EDGE('',*,*,#1546,.T.);
#1073=ORIENTED_EDGE('',*,*,#1547,.T.);
#1074=ORIENTED_EDGE('',*,*,#1548,.F.);
#1075=ORIENTED_EDGE('',*,*,#1543,.F.);
#1076=ORIENTED_EDGE('',*,*,#1549,.T.);
#1077=ORIENTED_EDGE('',*,*,#1550,.T.);
#1078=ORIENTED_EDGE('',*,*,#1551,.T.);
#1079=ORIENTED_EDGE('',*,*,#1552,.F.);
#1080=ORIENTED_EDGE('',*,*,#1547,.F.);
#1081=ORIENTED_EDGE('',*,*,#1546,.F.);
#1082=ORIENTED_EDGE('',*,*,#1553,.T.);
#1083=ORIENTED_EDGE('',*,*,#1554,.T.);
#1084=ORIENTED_EDGE('',*,*,#1555,.F.);
#1085=ORIENTED_EDGE('',*,*,#1551,.F.);
#1086=ORIENTED_EDGE('',*,*,#1550,.F.);
#1087=ORIENTED_EDGE('',*,*,#1556,.T.);
#1088=ORIENTED_EDGE('',*,*,#1557,.T.);
#1089=ORIENTED_EDGE('',*,*,#1558,.T.);
#1090=ORIENTED_EDGE('',*,*,#1559,.F.);
#1091=ORIENTED_EDGE('',*,*,#1554,.F.);
#1092=ORIENTED_EDGE('',*,*,#1560,.T.);
#1093=ORIENTED_EDGE('',*,*,#1561,.T.);
#1094=ORIENTED_EDGE('',*,*,#1562,.T.);
#1095=ORIENTED_EDGE('',*,*,#1563,.F.);
#1096=ORIENTED_EDGE('',*,*,#1558,.F.);
#1097=ORIENTED_EDGE('',*,*,#1557,.F.);
#1098=ORIENTED_EDGE('',*,*,#1564,.T.);
#1099=ORIENTED_EDGE('',*,*,#1565,.T.);
#1100=ORIENTED_EDGE('',*,*,#1566,.F.);
#1101=ORIENTED_EDGE('',*,*,#1562,.F.);
#1102=ORIENTED_EDGE('',*,*,#1561,.F.);
#1103=ORIENTED_EDGE('',*,*,#1567,.T.);
#1104=ORIENTED_EDGE('',*,*,#1487,.T.);
#1105=ORIENTED_EDGE('',*,*,#1568,.F.);
#1106=ORIENTED_EDGE('',*,*,#1565,.F.);
#1107=ORIENTED_EDGE('',*,*,#1569,.T.);
#1108=ORIENTED_EDGE('',*,*,#1570,.T.);
#1109=ORIENTED_EDGE('',*,*,#1571,.F.);
#1110=ORIENTED_EDGE('',*,*,#1485,.F.);
#1111=ORIENTED_EDGE('',*,*,#1572,.T.);
#1112=ORIENTED_EDGE('',*,*,#1573,.T.);
#1113=ORIENTED_EDGE('',*,*,#1574,.T.);
#1114=ORIENTED_EDGE('',*,*,#1575,.F.);
#1115=ORIENTED_EDGE('',*,*,#1570,.F.);
#1116=ORIENTED_EDGE('',*,*,#1576,.T.);
#1117=ORIENTED_EDGE('',*,*,#1577,.T.);
#1118=ORIENTED_EDGE('',*,*,#1578,.T.);
#1119=ORIENTED_EDGE('',*,*,#1579,.F.);
#1120=ORIENTED_EDGE('',*,*,#1574,.F.);
#1121=ORIENTED_EDGE('',*,*,#1573,.F.);
#1122=ORIENTED_EDGE('',*,*,#1580,.T.);
#1123=ORIENTED_EDGE('',*,*,#1581,.T.);
#1124=ORIENTED_EDGE('',*,*,#1582,.F.);
#1125=ORIENTED_EDGE('',*,*,#1578,.F.);
#1126=ORIENTED_EDGE('',*,*,#1577,.F.);
#1127=ORIENTED_EDGE('',*,*,#1583,.T.);
#1128=ORIENTED_EDGE('',*,*,#1584,.T.);
#1129=ORIENTED_EDGE('',*,*,#1585,.F.);
#1130=ORIENTED_EDGE('',*,*,#1581,.F.);
#1131=ORIENTED_EDGE('',*,*,#1586,.T.);
#1132=ORIENTED_EDGE('',*,*,#1587,.T.);
#1133=ORIENTED_EDGE('',*,*,#1588,.T.);
#1134=ORIENTED_EDGE('',*,*,#1589,.F.);
#1135=ORIENTED_EDGE('',*,*,#1584,.F.);
#1136=ORIENTED_EDGE('',*,*,#1590,.T.);
#1137=ORIENTED_EDGE('',*,*,#1591,.T.);
#1138=ORIENTED_EDGE('',*,*,#1592,.F.);
#1139=ORIENTED_EDGE('',*,*,#1588,.F.);
#1140=ORIENTED_EDGE('',*,*,#1587,.F.);
#1141=ORIENTED_EDGE('',*,*,#1593,.T.);
#1142=ORIENTED_EDGE('',*,*,#1594,.T.);
#1143=ORIENTED_EDGE('',*,*,#1595,.F.);
#1144=ORIENTED_EDGE('',*,*,#1591,.F.);
#1145=ORIENTED_EDGE('',*,*,#1596,.T.);
#1146=ORIENTED_EDGE('',*,*,#1597,.T.);
#1147=ORIENTED_EDGE('',*,*,#1598,.T.);
#1148=ORIENTED_EDGE('',*,*,#1599,.F.);
#1149=ORIENTED_EDGE('',*,*,#1594,.F.);
#1150=ORIENTED_EDGE('',*,*,#1600,.T.);
#1151=ORIENTED_EDGE('',*,*,#1601,.T.);
#1152=ORIENTED_EDGE('',*,*,#1602,.T.);
#1153=ORIENTED_EDGE('',*,*,#1603,.F.);
#1154=ORIENTED_EDGE('',*,*,#1598,.F.);
#1155=ORIENTED_EDGE('',*,*,#1597,.F.);
#1156=ORIENTED_EDGE('',*,*,#1604,.T.);
#1157=ORIENTED_EDGE('',*,*,#1605,.T.);
#1158=ORIENTED_EDGE('',*,*,#1606,.F.);
#1159=ORIENTED_EDGE('',*,*,#1496,.F.);
#1160=ORIENTED_EDGE('',*,*,#1607,.T.);
#1161=ORIENTED_EDGE('',*,*,#1501,.T.);
#1162=ORIENTED_EDGE('',*,*,#1608,.F.);
#1163=ORIENTED_EDGE('',*,*,#1605,.F.);
#1164=ORIENTED_EDGE('',*,*,#1609,.T.);
#1165=ORIENTED_EDGE('',*,*,#1610,.T.);
#1166=ORIENTED_EDGE('',*,*,#1611,.F.);
#1167=ORIENTED_EDGE('',*,*,#1506,.F.);
#1168=ORIENTED_EDGE('',*,*,#1612,.T.);
#1169=ORIENTED_EDGE('',*,*,#1511,.T.);
#1170=ORIENTED_EDGE('',*,*,#1613,.F.);
#1171=ORIENTED_EDGE('',*,*,#1610,.F.);
#1172=ORIENTED_EDGE('',*,*,#1614,.T.);
#1173=ORIENTED_EDGE('',*,*,#1615,.T.);
#1174=ORIENTED_EDGE('',*,*,#1616,.F.);
#1175=ORIENTED_EDGE('',*,*,#1509,.F.);
#1176=ORIENTED_EDGE('',*,*,#1617,.T.);
#1177=ORIENTED_EDGE('',*,*,#1514,.T.);
#1178=ORIENTED_EDGE('',*,*,#1618,.F.);
#1179=ORIENTED_EDGE('',*,*,#1615,.F.);
#1180=ORIENTED_EDGE('',*,*,#1619,.T.);
#1181=ORIENTED_EDGE('',*,*,#1518,.T.);
#1182=ORIENTED_EDGE('',*,*,#1620,.F.);
#1183=ORIENTED_EDGE('',*,*,#1602,.F.);
#1184=ORIENTED_EDGE('',*,*,#1601,.F.);
#1185=ORIENTED_EDGE('',*,*,#1490,.T.);
#1186=ORIENTED_EDGE('',*,*,#1494,.T.);
#1187=ORIENTED_EDGE('',*,*,#1497,.T.);
#1188=ORIENTED_EDGE('',*,*,#1606,.T.);
#1189=ORIENTED_EDGE('',*,*,#1608,.T.);
#1190=ORIENTED_EDGE('',*,*,#1500,.T.);
#1191=ORIENTED_EDGE('',*,*,#1504,.T.);
#1192=ORIENTED_EDGE('',*,*,#1507,.T.);
#1193=ORIENTED_EDGE('',*,*,#1611,.T.);
#1194=ORIENTED_EDGE('',*,*,#1613,.T.);
#1195=ORIENTED_EDGE('',*,*,#1510,.T.);
#1196=ORIENTED_EDGE('',*,*,#1616,.T.);
#1197=ORIENTED_EDGE('',*,*,#1618,.T.);
#1198=ORIENTED_EDGE('',*,*,#1513,.T.);
#1199=ORIENTED_EDGE('',*,*,#1517,.T.);
#1200=ORIENTED_EDGE('',*,*,#1521,.T.);
#1201=ORIENTED_EDGE('',*,*,#1524,.T.);
#1202=ORIENTED_EDGE('',*,*,#1527,.T.);
#1203=ORIENTED_EDGE('',*,*,#1530,.T.);
#1204=ORIENTED_EDGE('',*,*,#1534,.T.);
#1205=ORIENTED_EDGE('',*,*,#1538,.T.);
#1206=ORIENTED_EDGE('',*,*,#1541,.T.);
#1207=ORIENTED_EDGE('',*,*,#1544,.T.);
#1208=ORIENTED_EDGE('',*,*,#1548,.T.);
#1209=ORIENTED_EDGE('',*,*,#1552,.T.);
#1210=ORIENTED_EDGE('',*,*,#1555,.T.);
#1211=ORIENTED_EDGE('',*,*,#1559,.T.);
#1212=ORIENTED_EDGE('',*,*,#1563,.T.);
#1213=ORIENTED_EDGE('',*,*,#1566,.T.);
#1214=ORIENTED_EDGE('',*,*,#1568,.T.);
#1215=ORIENTED_EDGE('',*,*,#1486,.T.);
#1216=ORIENTED_EDGE('',*,*,#1571,.T.);
#1217=ORIENTED_EDGE('',*,*,#1575,.T.);
#1218=ORIENTED_EDGE('',*,*,#1579,.T.);
#1219=ORIENTED_EDGE('',*,*,#1582,.T.);
#1220=ORIENTED_EDGE('',*,*,#1585,.T.);
#1221=ORIENTED_EDGE('',*,*,#1589,.T.);
#1222=ORIENTED_EDGE('',*,*,#1592,.T.);
#1223=ORIENTED_EDGE('',*,*,#1595,.T.);
#1224=ORIENTED_EDGE('',*,*,#1599,.T.);
#1225=ORIENTED_EDGE('',*,*,#1603,.T.);
#1226=ORIENTED_EDGE('',*,*,#1620,.T.);
#1227=ORIENTED_EDGE('',*,*,#1488,.F.);
#1228=ORIENTED_EDGE('',*,*,#1512,.F.);
#1229=ORIENTED_EDGE('',*,*,#1617,.F.);
#1230=ORIENTED_EDGE('',*,*,#1614,.F.);
#1231=ORIENTED_EDGE('',*,*,#1508,.F.);
#1232=ORIENTED_EDGE('',*,*,#1612,.F.);
#1233=ORIENTED_EDGE('',*,*,#1609,.F.);
#1234=ORIENTED_EDGE('',*,*,#1505,.F.);
#1235=ORIENTED_EDGE('',*,*,#1502,.F.);
#1236=ORIENTED_EDGE('',*,*,#1498,.F.);
#1237=ORIENTED_EDGE('',*,*,#1607,.F.);
#1238=ORIENTED_EDGE('',*,*,#1604,.F.);
#1239=ORIENTED_EDGE('',*,*,#1495,.F.);
#1240=ORIENTED_EDGE('',*,*,#1492,.F.);
#1241=ORIENTED_EDGE('',*,*,#1515,.F.);
#1242=ORIENTED_EDGE('',*,*,#1619,.F.);
#1243=ORIENTED_EDGE('',*,*,#1600,.F.);
#1244=ORIENTED_EDGE('',*,*,#1596,.F.);
#1245=ORIENTED_EDGE('',*,*,#1593,.F.);
#1246=ORIENTED_EDGE('',*,*,#1590,.F.);
#1247=ORIENTED_EDGE('',*,*,#1586,.F.);
#1248=ORIENTED_EDGE('',*,*,#1583,.F.);
#1249=ORIENTED_EDGE('',*,*,#1580,.F.);
#1250=ORIENTED_EDGE('',*,*,#1576,.F.);
#1251=ORIENTED_EDGE('',*,*,#1572,.F.);
#1252=ORIENTED_EDGE('',*,*,#1569,.F.);
#1253=ORIENTED_EDGE('',*,*,#1484,.F.);
#1254=ORIENTED_EDGE('',*,*,#1567,.F.);
#1255=ORIENTED_EDGE('',*,*,#1564,.F.);
#1256=ORIENTED_EDGE('',*,*,#1560,.F.);
#1257=ORIENTED_EDGE('',*,*,#1556,.F.);
#1258=ORIENTED_EDGE('',*,*,#1553,.F.);
#1259=ORIENTED_EDGE('',*,*,#1549,.F.);
#1260=ORIENTED_EDGE('',*,*,#1545,.F.);
#1261=ORIENTED_EDGE('',*,*,#1542,.F.);
#1262=ORIENTED_EDGE('',*,*,#1539,.F.);
#1263=ORIENTED_EDGE('',*,*,#1535,.F.);
#1264=ORIENTED_EDGE('',*,*,#1531,.F.);
#1265=ORIENTED_EDGE('',*,*,#1528,.F.);
#1266=ORIENTED_EDGE('',*,*,#1525,.F.);
#1267=ORIENTED_EDGE('',*,*,#1522,.F.);
#1268=ORIENTED_EDGE('',*,*,#1519,.F.);
#1269=EDGE_CURVE('',#1621,#1622,#1862,.F.);
#1270=EDGE_CURVE('',#1623,#1622,#147,.T.);
#1271=EDGE_CURVE('',#1624,#1623,#1863,.F.);
#1272=EDGE_CURVE('',#1624,#1621,#148,.T.);
#1273=EDGE_CURVE('',#1625,#1621,#149,.T.);
#1274=EDGE_CURVE('',#1626,#1624,#150,.T.);
#1275=EDGE_CURVE('',#1626,#1625,#151,.T.);
#1276=EDGE_CURVE('',#1627,#1625,#1864,.F.);
#1277=EDGE_CURVE('',#1628,#1626,#1865,.F.);
#1278=EDGE_CURVE('',#1628,#1627,#152,.T.);
#1279=EDGE_CURVE('',#1629,#1630,#1866,.T.);
#1280=EDGE_CURVE('',#1631,#1630,#14,.F.);
#1281=EDGE_CURVE('',#1632,#1631,#1867,.T.);
#1282=EDGE_CURVE('',#1632,#1629,#15,.T.);
#1283=EDGE_CURVE('',#1633,#1629,#153,.T.);
#1284=EDGE_CURVE('',#1634,#1632,#154,.T.);
#1285=EDGE_CURVE('',#1634,#1633,#16,.F.);
#1286=EDGE_CURVE('',#1635,#1633,#1868,.T.);
#1287=EDGE_CURVE('',#1636,#1634,#1869,.T.);
#1288=EDGE_CURVE('',#1636,#1635,#17,.T.);
#1289=EDGE_CURVE('',#1637,#1638,#1870,.T.);
#1290=EDGE_CURVE('',#1639,#1638,#18,.F.);
#1291=EDGE_CURVE('',#1640,#1639,#1871,.T.);
#1292=EDGE_CURVE('',#1640,#1637,#155,.T.);
#1293=EDGE_CURVE('',#1641,#1637,#156,.T.);
#1294=EDGE_CURVE('',#1642,#1640,#157,.T.);
#1295=EDGE_CURVE('',#1642,#1641,#158,.T.);
#1296=EDGE_CURVE('',#1643,#1641,#1872,.T.);
#1297=EDGE_CURVE('',#1644,#1642,#1873,.T.);
#1298=EDGE_CURVE('',#1644,#1643,#19,.T.);
#1299=EDGE_CURVE('',#1645,#1646,#1874,.T.);
#1300=EDGE_CURVE('',#1647,#1646,#20,.F.);
#1301=EDGE_CURVE('',#1648,#1647,#1875,.T.);
#1302=EDGE_CURVE('',#1648,#1645,#21,.T.);
#1303=EDGE_CURVE('',#1649,#1645,#159,.T.);
#1304=EDGE_CURVE('',#1650,#1648,#160,.T.);
#1305=EDGE_CURVE('',#1650,#1649,#22,.F.);
#1306=EDGE_CURVE('',#1651,#1649,#1876,.T.);
#1307=EDGE_CURVE('',#1652,#1650,#1877,.T.);
#1308=EDGE_CURVE('',#1652,#1651,#23,.T.);
#1309=EDGE_CURVE('',#1653,#1654,#1878,.T.);
#1310=EDGE_CURVE('',#1655,#1654,#24,.F.);
#1311=EDGE_CURVE('',#1656,#1655,#1879,.T.);
#1312=EDGE_CURVE('',#1656,#1653,#25,.T.);
#1313=EDGE_CURVE('',#1657,#1653,#161,.T.);
#1314=EDGE_CURVE('',#1658,#1656,#162,.T.);
#1315=EDGE_CURVE('',#1658,#1657,#26,.F.);
#1316=EDGE_CURVE('',#1659,#1657,#1880,.T.);
#1317=EDGE_CURVE('',#1660,#1658,#1881,.T.);
#1318=EDGE_CURVE('',#1660,#1659,#27,.T.);
#1319=EDGE_CURVE('',#1661,#1662,#1882,.T.);
#1320=EDGE_CURVE('',#1663,#1662,#28,.F.);
#1321=EDGE_CURVE('',#1664,#1663,#1883,.T.);
#1322=EDGE_CURVE('',#1664,#1661,#29,.T.);
#1323=EDGE_CURVE('',#1665,#1661,#163,.T.);
#1324=EDGE_CURVE('',#1666,#1664,#164,.T.);
#1325=EDGE_CURVE('',#1666,#1665,#30,.F.);
#1326=EDGE_CURVE('',#1667,#1665,#1884,.T.);
#1327=EDGE_CURVE('',#1668,#1666,#1885,.T.);
#1328=EDGE_CURVE('',#1668,#1667,#31,.T.);
#1329=EDGE_CURVE('',#1669,#1670,#1886,.T.);
#1330=EDGE_CURVE('',#1671,#1670,#32,.F.);
#1331=EDGE_CURVE('',#1672,#1671,#1887,.T.);
#1332=EDGE_CURVE('',#1672,#1669,#33,.T.);
#1333=EDGE_CURVE('',#1673,#1669,#165,.T.);
#1334=EDGE_CURVE('',#1674,#1672,#166,.T.);
#1335=EDGE_CURVE('',#1674,#1673,#34,.F.);
#1336=EDGE_CURVE('',#1675,#1673,#1888,.T.);
#1337=EDGE_CURVE('',#1676,#1674,#1889,.T.);
#1338=EDGE_CURVE('',#1676,#1675,#35,.T.);
#1339=EDGE_CURVE('',#1677,#1678,#1890,.F.);
#1340=EDGE_CURVE('',#1679,#1678,#167,.T.);
#1341=EDGE_CURVE('',#1680,#1679,#1891,.F.);
#1342=EDGE_CURVE('',#1680,#1677,#168,.T.);
#1343=EDGE_CURVE('',#1681,#1677,#169,.T.);
#1344=EDGE_CURVE('',#1682,#1680,#170,.T.);
#1345=EDGE_CURVE('',#1682,#1681,#171,.T.);
#1346=EDGE_CURVE('',#1683,#1681,#1892,.F.);
#1347=EDGE_CURVE('',#1684,#1682,#1893,.F.);
#1348=EDGE_CURVE('',#1684,#1683,#172,.T.);
#1349=EDGE_CURVE('',#1685,#1686,#1894,.F.);
#1350=EDGE_CURVE('',#1687,#1686,#173,.T.);
#1351=EDGE_CURVE('',#1688,#1687,#1895,.F.);
#1352=EDGE_CURVE('',#1688,#1685,#174,.T.);
#1353=EDGE_CURVE('',#1689,#1685,#175,.T.);
#1354=EDGE_CURVE('',#1690,#1688,#176,.T.);
#1355=EDGE_CURVE('',#1690,#1689,#177,.T.);
#1356=EDGE_CURVE('',#1691,#1689,#1896,.F.);
#1357=EDGE_CURVE('',#1692,#1690,#1897,.F.);
#1358=EDGE_CURVE('',#1692,#1691,#178,.T.);
#1359=EDGE_CURVE('',#1693,#1694,#1898,.T.);
#1360=EDGE_CURVE('',#1695,#1694,#36,.F.);
#1361=EDGE_CURVE('',#1696,#1695,#1899,.T.);
#1362=EDGE_CURVE('',#1696,#1693,#179,.T.);
#1363=EDGE_CURVE('',#1697,#1693,#180,.T.);
#1364=EDGE_CURVE('',#1698,#1696,#181,.T.);
#1365=EDGE_CURVE('',#1698,#1697,#182,.T.);
#1366=EDGE_CURVE('',#1699,#1697,#1900,.T.);
#1367=EDGE_CURVE('',#1700,#1698,#1901,.T.);
#1368=EDGE_CURVE('',#1700,#1699,#37,.T.);
#1369=EDGE_CURVE('',#1701,#1702,#1902,.T.);
#1370=EDGE_CURVE('',#1703,#1702,#38,.F.);
#1371=EDGE_CURVE('',#1704,#1703,#1903,.T.);
#1372=EDGE_CURVE('',#1704,#1701,#39,.T.);
#1373=EDGE_CURVE('',#1705,#1701,#183,.T.);
#1374=EDGE_CURVE('',#1706,#1704,#184,.T.);
#1375=EDGE_CURVE('',#1706,#1705,#40,.F.);
#1376=EDGE_CURVE('',#1707,#1705,#1904,.T.);
#1377=EDGE_CURVE('',#1708,#1706,#1905,.T.);
#1378=EDGE_CURVE('',#1708,#1707,#41,.T.);
#1379=EDGE_CURVE('',#1709,#1710,#1906,.F.);
#1380=EDGE_CURVE('',#1711,#1710,#185,.T.);
#1381=EDGE_CURVE('',#1712,#1711,#1907,.F.);
#1382=EDGE_CURVE('',#1712,#1709,#186,.T.);
#1383=EDGE_CURVE('',#1713,#1709,#187,.T.);
#1384=EDGE_CURVE('',#1714,#1712,#188,.T.);
#1385=EDGE_CURVE('',#1714,#1713,#189,.T.);
#1386=EDGE_CURVE('',#1715,#1713,#1908,.F.);
#1387=EDGE_CURVE('',#1716,#1714,#1909,.F.);
#1388=EDGE_CURVE('',#1716,#1715,#190,.T.);
#1389=EDGE_CURVE('',#1717,#1718,#191,.T.);
#1390=EDGE_CURVE('',#1719,#1718,#192,.T.);
#1391=EDGE_CURVE('',#1720,#1719,#193,.T.);
#1392=EDGE_CURVE('',#1720,#1717,#194,.T.);
#1393=EDGE_CURVE('',#1721,#1717,#195,.T.);
#1394=EDGE_CURVE('',#1722,#1720,#196,.T.);
#1395=EDGE_CURVE('',#1722,#1721,#197,.T.);
#1396=EDGE_CURVE('',#1723,#1721,#198,.T.);
#1397=EDGE_CURVE('',#1724,#1722,#199,.T.);
#1398=EDGE_CURVE('',#1724,#1723,#42,.F.);
#1399=EDGE_CURVE('',#1725,#1723,#1910,.T.);
#1400=EDGE_CURVE('',#1726,#1724,#1911,.T.);
#1401=EDGE_CURVE('',#1726,#1725,#200,.T.);
#1402=EDGE_CURVE('',#1727,#1725,#201,.T.);
#1403=EDGE_CURVE('',#1728,#1726,#202,.T.);
#1404=EDGE_CURVE('',#1728,#1727,#203,.T.);
#1405=EDGE_CURVE('',#1729,#1727,#1912,.T.);
#1406=EDGE_CURVE('',#1730,#1728,#1913,.T.);
#1407=EDGE_CURVE('',#1730,#1729,#43,.T.);
#1408=EDGE_CURVE('',#1731,#1729,#204,.T.);
#1409=EDGE_CURVE('',#1732,#1730,#205,.T.);
#1410=EDGE_CURVE('',#1732,#1731,#44,.F.);
#1411=EDGE_CURVE('',#1733,#1731,#1914,.T.);
#1412=EDGE_CURVE('',#1734,#1732,#1915,.T.);
#1413=EDGE_CURVE('',#1734,#1733,#206,.T.);
#1414=EDGE_CURVE('',#1735,#1733,#207,.T.);
#1415=EDGE_CURVE('',#1736,#1734,#208,.T.);
#1416=EDGE_CURVE('',#1736,#1735,#209,.T.);
#1417=EDGE_CURVE('',#1737,#1735,#1916,.T.);
#1418=EDGE_CURVE('',#1738,#1736,#1917,.T.);
#1419=EDGE_CURVE('',#1738,#1737,#210,.T.);
#1420=EDGE_CURVE('',#1739,#1737,#211,.T.);
#1421=EDGE_CURVE('',#1740,#1738,#212,.T.);
#1422=EDGE_CURVE('',#1740,#1739,#45,.F.);
#1423=EDGE_CURVE('',#1741,#1739,#213,.T.);
#1424=EDGE_CURVE('',#1742,#1740,#214,.T.);
#1425=EDGE_CURVE('',#1742,#1741,#215,.T.);
#1426=EDGE_CURVE('',#1743,#1741,#216,.T.);
#1427=EDGE_CURVE('',#1744,#1742,#217,.T.);
#1428=EDGE_CURVE('',#1744,#1743,#218,.T.);
#1429=EDGE_CURVE('',#1745,#1743,#1918,.T.);
#1430=EDGE_CURVE('',#1746,#1744,#1919,.T.);
#1431=EDGE_CURVE('',#1746,#1745,#46,.T.);
#1432=EDGE_CURVE('',#1747,#1745,#219,.T.);
#1433=EDGE_CURVE('',#1748,#1746,#220,.T.);
#1434=EDGE_CURVE('',#1748,#1747,#221,.T.);
#1435=EDGE_CURVE('',#1749,#1747,#222,.T.);
#1436=EDGE_CURVE('',#1750,#1748,#223,.T.);
#1437=EDGE_CURVE('',#1750,#1749,#47,.F.);
#1438=EDGE_CURVE('',#1751,#1749,#224,.T.);
#1439=EDGE_CURVE('',#1752,#1750,#225,.T.);
#1440=EDGE_CURVE('',#1752,#1751,#226,.T.);
#1441=EDGE_CURVE('',#1753,#1751,#227,.T.);
#1442=EDGE_CURVE('',#1754,#1752,#228,.T.);
#1443=EDGE_CURVE('',#1754,#1753,#229,.T.);
#1444=EDGE_CURVE('',#1755,#1753,#230,.T.);
#1445=EDGE_CURVE('',#1756,#1754,#231,.T.);
#1446=EDGE_CURVE('',#1756,#1755,#48,.F.);
#1447=EDGE_CURVE('',#1757,#1755,#1920,.T.);
#1448=EDGE_CURVE('',#1758,#1756,#1921,.T.);
#1449=EDGE_CURVE('',#1758,#1757,#232,.T.);
#1450=EDGE_CURVE('',#1759,#1759,#1922,.T.);
#1451=EDGE_CURVE('',#1760,#1760,#1923,.T.);
#1452=EDGE_CURVE('',#1761,#1761,#1924,.T.);
#1453=EDGE_CURVE('',#1762,#1762,#1925,.T.);
#1454=EDGE_CURVE('',#1630,#1635,#233,.T.);
#1455=EDGE_CURVE('',#1631,#1636,#234,.T.);
#1456=EDGE_CURVE('',#1638,#1643,#235,.T.);
#1457=EDGE_CURVE('',#1639,#1644,#236,.T.);
#1458=EDGE_CURVE('',#1646,#1651,#237,.T.);
#1459=EDGE_CURVE('',#1647,#1652,#238,.T.);
#1460=EDGE_CURVE('',#1763,#1763,#1926,.T.);
#1461=EDGE_CURVE('',#1764,#1764,#1927,.T.);
#1462=EDGE_CURVE('',#1765,#1765,#1928,.T.);
#1463=EDGE_CURVE('',#1766,#1766,#1929,.T.);
#1464=EDGE_CURVE('',#1654,#1659,#239,.T.);
#1465=EDGE_CURVE('',#1655,#1660,#240,.T.);
#1466=EDGE_CURVE('',#1662,#1667,#241,.T.);
#1467=EDGE_CURVE('',#1663,#1668,#242,.T.);
#1468=EDGE_CURVE('',#1670,#1675,#243,.T.);
#1469=EDGE_CURVE('',#1671,#1676,#244,.T.);
#1470=EDGE_CURVE('',#1678,#1683,#245,.T.);
#1471=EDGE_CURVE('',#1679,#1684,#246,.T.);
#1472=EDGE_CURVE('',#1686,#1691,#247,.T.);
#1473=EDGE_CURVE('',#1687,#1692,#248,.T.);
#1474=EDGE_CURVE('',#1694,#1699,#249,.T.);
#1475=EDGE_CURVE('',#1695,#1700,#250,.T.);
#1476=EDGE_CURVE('',#1702,#1707,#251,.T.);
#1477=EDGE_CURVE('',#1703,#1708,#252,.T.);
#1478=EDGE_CURVE('',#1710,#1715,#253,.T.);
#1479=EDGE_CURVE('',#1711,#1716,#254,.T.);
#1480=EDGE_CURVE('',#1718,#1757,#255,.T.);
#1481=EDGE_CURVE('',#1719,#1758,#256,.T.);
#1482=EDGE_CURVE('',#1622,#1627,#257,.T.);
#1483=EDGE_CURVE('',#1623,#1628,#258,.T.);
#1484=EDGE_CURVE('',#1767,#1768,#259,.T.);
#1485=EDGE_CURVE('',#1768,#1769,#260,.T.);
#1486=EDGE_CURVE('',#1770,#1769,#261,.T.);
#1487=EDGE_CURVE('',#1767,#1770,#262,.T.);
#1488=EDGE_CURVE('',#1771,#1772,#263,.T.);
#1489=EDGE_CURVE('',#1772,#1773,#264,.T.);
#1490=EDGE_CURVE('',#1774,#1773,#265,.T.);
#1491=EDGE_CURVE('',#1771,#1774,#266,.T.);
#1492=EDGE_CURVE('',#1772,#1775,#267,.T.);
#1493=EDGE_CURVE('',#1775,#1776,#268,.T.);
#1494=EDGE_CURVE('',#1773,#1776,#269,.T.);
#1495=EDGE_CURVE('',#1775,#1777,#270,.T.);
#1496=EDGE_CURVE('',#1777,#1778,#271,.T.);
#1497=EDGE_CURVE('',#1776,#1778,#272,.T.);
#1498=EDGE_CURVE('',#1779,#1780,#273,.T.);
#1499=EDGE_CURVE('',#1780,#1781,#274,.T.);
#1500=EDGE_CURVE('',#1782,#1781,#275,.T.);
#1501=EDGE_CURVE('',#1779,#1782,#276,.T.);
#1502=EDGE_CURVE('',#1780,#1783,#277,.T.);
#1503=EDGE_CURVE('',#1783,#1784,#278,.T.);
#1504=EDGE_CURVE('',#1781,#1784,#279,.T.);
#1505=EDGE_CURVE('',#1783,#1785,#280,.T.);
#1506=EDGE_CURVE('',#1785,#1786,#281,.T.);
#1507=EDGE_CURVE('',#1784,#1786,#282,.T.);
#1508=EDGE_CURVE('',#1787,#1788,#283,.T.);
#1509=EDGE_CURVE('',#1788,#1789,#284,.T.);
#1510=EDGE_CURVE('',#1790,#1789,#285,.T.);
#1511=EDGE_CURVE('',#1787,#1790,#286,.T.);
#1512=EDGE_CURVE('',#1791,#1771,#287,.T.);
#1513=EDGE_CURVE('',#1792,#1774,#288,.T.);
#1514=EDGE_CURVE('',#1791,#1792,#289,.T.);
#1515=EDGE_CURVE('',#1793,#1794,#290,.T.);
#1516=EDGE_CURVE('',#1794,#1795,#291,.T.);
#1517=EDGE_CURVE('',#1796,#1795,#292,.T.);
#1518=EDGE_CURVE('',#1793,#1796,#293,.T.);
#1519=EDGE_CURVE('',#1794,#1797,#294,.T.);
#1520=EDGE_CURVE('',#1797,#1798,#295,.T.);
#1521=EDGE_CURVE('',#1795,#1798,#296,.T.);
#1522=EDGE_CURVE('',#1797,#1799,#297,.T.);
#1523=EDGE_CURVE('',#1799,#1800,#298,.T.);
#1524=EDGE_CURVE('',#1798,#1800,#299,.T.);
#1525=EDGE_CURVE('',#1799,#1801,#300,.T.);
#1526=EDGE_CURVE('',#1801,#1802,#301,.T.);
#1527=EDGE_CURVE('',#1800,#1802,#302,.T.);
#1528=EDGE_CURVE('',#1801,#1803,#303,.T.);
#1529=EDGE_CURVE('',#1803,#1804,#304,.T.);
#1530=EDGE_CURVE('',#1802,#1804,#305,.T.);
#1531=EDGE_CURVE('',#1803,#1805,#1930,.T.);
#1532=EDGE_CURVE('',#1805,#1806,#49,.T.);
#1533=EDGE_CURVE('',#1806,#1807,#50,.T.);
#1534=EDGE_CURVE('',#1804,#1807,#1931,.T.);
#1535=EDGE_CURVE('',#1805,#1808,#306,.T.);
#1536=EDGE_CURVE('',#1808,#1809,#51,.F.);
#1537=EDGE_CURVE('',#1809,#1810,#52,.F.);
#1538=EDGE_CURVE('',#1807,#1810,#307,.T.);
#1539=EDGE_CURVE('',#1808,#1811,#1932,.T.);
#1540=EDGE_CURVE('',#1811,#1812,#308,.T.);
#1541=EDGE_CURVE('',#1810,#1812,#1933,.T.);
#1542=EDGE_CURVE('',#1811,#1813,#309,.T.);
#1543=EDGE_CURVE('',#1813,#1814,#310,.T.);
#1544=EDGE_CURVE('',#1812,#1814,#311,.T.);
#1545=EDGE_CURVE('',#1813,#1815,#1934,.T.);
#1546=EDGE_CURVE('',#1815,#1816,#53,.T.);
#1547=EDGE_CURVE('',#1816,#1817,#54,.T.);
#1548=EDGE_CURVE('',#1814,#1817,#1935,.T.);
#1549=EDGE_CURVE('',#1815,#1818,#312,.T.);
#1550=EDGE_CURVE('',#1818,#1819,#55,.F.);
#1551=EDGE_CURVE('',#1819,#1820,#56,.F.);
#1552=EDGE_CURVE('',#1817,#1820,#313,.T.);
#1553=EDGE_CURVE('',#1818,#1821,#314,.T.);
#1554=EDGE_CURVE('',#1821,#1822,#315,.T.);
#1555=EDGE_CURVE('',#1820,#1822,#316,.T.);
#1556=EDGE_CURVE('',#1821,#1823,#1936,.T.);
#1557=EDGE_CURVE('',#1823,#1824,#57,.T.);
#1558=EDGE_CURVE('',#1824,#1825,#58,.T.);
#1559=EDGE_CURVE('',#1822,#1825,#1937,.T.);
#1560=EDGE_CURVE('',#1823,#1826,#317,.T.);
#1561=EDGE_CURVE('',#1826,#1827,#59,.F.);
#1562=EDGE_CURVE('',#1827,#1828,#60,.F.);
#1563=EDGE_CURVE('',#1825,#1828,#318,.T.);
#1564=EDGE_CURVE('',#1826,#1829,#1938,.T.);
#1565=EDGE_CURVE('',#1829,#1830,#319,.T.);
#1566=EDGE_CURVE('',#1828,#1830,#1939,.T.);
#1567=EDGE_CURVE('',#1829,#1767,#320,.T.);
#1568=EDGE_CURVE('',#1830,#1770,#321,.T.);
#1569=EDGE_CURVE('',#1768,#1831,#322,.T.);
#1570=EDGE_CURVE('',#1831,#1832,#323,.T.);
#1571=EDGE_CURVE('',#1769,#1832,#324,.T.);
#1572=EDGE_CURVE('',#1831,#1833,#325,.T.);
#1573=EDGE_CURVE('',#1833,#1834,#61,.F.);
#1574=EDGE_CURVE('',#1834,#1835,#62,.F.);
#1575=EDGE_CURVE('',#1832,#1835,#326,.T.);
#1576=EDGE_CURVE('',#1833,#1836,#327,.T.);
#1577=EDGE_CURVE('',#1836,#1837,#63,.F.);
#1578=EDGE_CURVE('',#1837,#1838,#64,.F.);
#1579=EDGE_CURVE('',#1835,#1838,#328,.T.);
#1580=EDGE_CURVE('',#1836,#1839,#1940,.T.);
#1581=EDGE_CURVE('',#1839,#1840,#329,.T.);
#1582=EDGE_CURVE('',#1838,#1840,#1941,.T.);
#1583=EDGE_CURVE('',#1839,#1841,#330,.T.);
#1584=EDGE_CURVE('',#1841,#1842,#331,.T.);
#1585=EDGE_CURVE('',#1840,#1842,#332,.T.);
#1586=EDGE_CURVE('',#1841,#1843,#333,.T.);
#1587=EDGE_CURVE('',#1843,#1844,#65,.F.);
#1588=EDGE_CURVE('',#1844,#1845,#66,.F.);
#1589=EDGE_CURVE('',#1842,#1845,#334,.T.);
#1590=EDGE_CURVE('',#1843,#1846,#1942,.T.);
#1591=EDGE_CURVE('',#1846,#1847,#335,.T.);
#1592=EDGE_CURVE('',#1845,#1847,#1943,.T.);
#1593=EDGE_CURVE('',#1846,#1848,#336,.T.);
#1594=EDGE_CURVE('',#1848,#1849,#337,.T.);
#1595=EDGE_CURVE('',#1847,#1849,#338,.T.);
#1596=EDGE_CURVE('',#1848,#1850,#1944,.T.);
#1597=EDGE_CURVE('',#1850,#1851,#67,.T.);
#1598=EDGE_CURVE('',#1851,#1852,#68,.T.);
#1599=EDGE_CURVE('',#1849,#1852,#1945,.T.);
#1600=EDGE_CURVE('',#1850,#1853,#339,.T.);
#1601=EDGE_CURVE('',#1853,#1854,#69,.F.);
#1602=EDGE_CURVE('',#1854,#1855,#70,.F.);
#1603=EDGE_CURVE('',#1852,#1855,#340,.T.);
#1604=EDGE_CURVE('',#1777,#1856,#341,.T.);
#1605=EDGE_CURVE('',#1856,#1857,#342,.T.);
#1606=EDGE_CURVE('',#1778,#1857,#343,.T.);
#1607=EDGE_CURVE('',#1856,#1779,#344,.T.);
#1608=EDGE_CURVE('',#1857,#1782,#345,.T.);
#1609=EDGE_CURVE('',#1785,#1858,#346,.T.);
#1610=EDGE_CURVE('',#1858,#1859,#347,.T.);
#1611=EDGE_CURVE('',#1786,#1859,#348,.T.);
#1612=EDGE_CURVE('',#1858,#1787,#349,.T.);
#1613=EDGE_CURVE('',#1859,#1790,#350,.T.);
#1614=EDGE_CURVE('',#1788,#1860,#351,.T.);
#1615=EDGE_CURVE('',#1860,#1861,#352,.T.);
#1616=EDGE_CURVE('',#1789,#1861,#353,.T.);
#1617=EDGE_CURVE('',#1860,#1791,#354,.T.);
#1618=EDGE_CURVE('',#1861,#1792,#355,.T.);
#1619=EDGE_CURVE('',#1853,#1793,#1946,.T.);
#1620=EDGE_CURVE('',#1855,#1796,#1947,.T.);
#1621=VERTEX_POINT('',#3281);
#1622=VERTEX_POINT('',#3282);
#1623=VERTEX_POINT('',#3284);
#1624=VERTEX_POINT('',#3286);
#1625=VERTEX_POINT('',#3290);
#1626=VERTEX_POINT('',#3292);
#1627=VERTEX_POINT('',#3296);
#1628=VERTEX_POINT('',#3298);
#1629=VERTEX_POINT('',#3302);
#1630=VERTEX_POINT('',#3303);
#1631=VERTEX_POINT('',#3308);
#1632=VERTEX_POINT('',#3310);
#1633=VERTEX_POINT('',#3317);
#1634=VERTEX_POINT('',#3319);
#1635=VERTEX_POINT('',#3326);
#1636=VERTEX_POINT('',#3328);
#1637=VERTEX_POINT('',#3335);
#1638=VERTEX_POINT('',#3336);
#1639=VERTEX_POINT('',#3341);
#1640=VERTEX_POINT('',#3343);
#1641=VERTEX_POINT('',#3347);
#1642=VERTEX_POINT('',#3349);
#1643=VERTEX_POINT('',#3353);
#1644=VERTEX_POINT('',#3355);
#1645=VERTEX_POINT('',#3362);
#1646=VERTEX_POINT('',#3363);
#1647=VERTEX_POINT('',#3368);
#1648=VERTEX_POINT('',#3370);
#1649=VERTEX_POINT('',#3377);
#1650=VERTEX_POINT('',#3379);
#1651=VERTEX_POINT('',#3386);
#1652=VERTEX_POINT('',#3388);
#1653=VERTEX_POINT('',#3395);
#1654=VERTEX_POINT('',#3396);
#1655=VERTEX_POINT('',#3401);
#1656=VERTEX_POINT('',#3403);
#1657=VERTEX_POINT('',#3410);
#1658=VERTEX_POINT('',#3412);
#1659=VERTEX_POINT('',#3419);
#1660=VERTEX_POINT('',#3421);
#1661=VERTEX_POINT('',#3428);
#1662=VERTEX_POINT('',#3429);
#1663=VERTEX_POINT('',#3434);
#1664=VERTEX_POINT('',#3436);
#1665=VERTEX_POINT('',#3443);
#1666=VERTEX_POINT('',#3445);
#1667=VERTEX_POINT('',#3452);
#1668=VERTEX_POINT('',#3454);
#1669=VERTEX_POINT('',#3461);
#1670=VERTEX_POINT('',#3462);
#1671=VERTEX_POINT('',#3467);
#1672=VERTEX_POINT('',#3469);
#1673=VERTEX_POINT('',#3476);
#1674=VERTEX_POINT('',#3478);
#1675=VERTEX_POINT('',#3485);
#1676=VERTEX_POINT('',#3487);
#1677=VERTEX_POINT('',#3494);
#1678=VERTEX_POINT('',#3495);
#1679=VERTEX_POINT('',#3497);
#1680=VERTEX_POINT('',#3499);
#1681=VERTEX_POINT('',#3503);
#1682=VERTEX_POINT('',#3505);
#1683=VERTEX_POINT('',#3509);
#1684=VERTEX_POINT('',#3511);
#1685=VERTEX_POINT('',#3515);
#1686=VERTEX_POINT('',#3516);
#1687=VERTEX_POINT('',#3518);
#1688=VERTEX_POINT('',#3520);
#1689=VERTEX_POINT('',#3524);
#1690=VERTEX_POINT('',#3526);
#1691=VERTEX_POINT('',#3530);
#1692=VERTEX_POINT('',#3532);
#1693=VERTEX_POINT('',#3536);
#1694=VERTEX_POINT('',#3537);
#1695=VERTEX_POINT('',#3542);
#1696=VERTEX_POINT('',#3544);
#1697=VERTEX_POINT('',#3548);
#1698=VERTEX_POINT('',#3550);
#1699=VERTEX_POINT('',#3554);
#1700=VERTEX_POINT('',#3556);
#1701=VERTEX_POINT('',#3563);
#1702=VERTEX_POINT('',#3564);
#1703=VERTEX_POINT('',#3569);
#1704=VERTEX_POINT('',#3571);
#1705=VERTEX_POINT('',#3578);
#1706=VERTEX_POINT('',#3580);
#1707=VERTEX_POINT('',#3587);
#1708=VERTEX_POINT('',#3589);
#1709=VERTEX_POINT('',#3596);
#1710=VERTEX_POINT('',#3597);
#1711=VERTEX_POINT('',#3599);
#1712=VERTEX_POINT('',#3601);
#1713=VERTEX_POINT('',#3605);
#1714=VERTEX_POINT('',#3607);
#1715=VERTEX_POINT('',#3611);
#1716=VERTEX_POINT('',#3613);
#1717=VERTEX_POINT('',#3617);
#1718=VERTEX_POINT('',#3618);
#1719=VERTEX_POINT('',#3620);
#1720=VERTEX_POINT('',#3622);
#1721=VERTEX_POINT('',#3626);
#1722=VERTEX_POINT('',#3628);
#1723=VERTEX_POINT('',#3632);
#1724=VERTEX_POINT('',#3634);
#1725=VERTEX_POINT('',#3641);
#1726=VERTEX_POINT('',#3643);
#1727=VERTEX_POINT('',#3647);
#1728=VERTEX_POINT('',#3649);
#1729=VERTEX_POINT('',#3653);
#1730=VERTEX_POINT('',#3655);
#1731=VERTEX_POINT('',#3662);
#1732=VERTEX_POINT('',#3664);
#1733=VERTEX_POINT('',#3671);
#1734=VERTEX_POINT('',#3673);
#1735=VERTEX_POINT('',#3677);
#1736=VERTEX_POINT('',#3679);
#1737=VERTEX_POINT('',#3683);
#1738=VERTEX_POINT('',#3685);
#1739=VERTEX_POINT('',#3689);
#1740=VERTEX_POINT('',#3691);
#1741=VERTEX_POINT('',#3698);
#1742=VERTEX_POINT('',#3700);
#1743=VERTEX_POINT('',#3704);
#1744=VERTEX_POINT('',#3706);
#1745=VERTEX_POINT('',#3710);
#1746=VERTEX_POINT('',#3712);
#1747=VERTEX_POINT('',#3719);
#1748=VERTEX_POINT('',#3721);
#1749=VERTEX_POINT('',#3725);
#1750=VERTEX_POINT('',#3727);
#1751=VERTEX_POINT('',#3734);
#1752=VERTEX_POINT('',#3736);
#1753=VERTEX_POINT('',#3740);
#1754=VERTEX_POINT('',#3742);
#1755=VERTEX_POINT('',#3746);
#1756=VERTEX_POINT('',#3748);
#1757=VERTEX_POINT('',#3755);
#1758=VERTEX_POINT('',#3757);
#1759=VERTEX_POINT('',#3761);
#1760=VERTEX_POINT('',#3763);
#1761=VERTEX_POINT('',#3766);
#1762=VERTEX_POINT('',#3768);
#1763=VERTEX_POINT('',#3780);
#1764=VERTEX_POINT('',#3782);
#1765=VERTEX_POINT('',#3785);
#1766=VERTEX_POINT('',#3787);
#1767=VERTEX_POINT('',#3823);
#1768=VERTEX_POINT('',#3824);
#1769=VERTEX_POINT('',#3826);
#1770=VERTEX_POINT('',#3828);
#1771=VERTEX_POINT('',#3832);
#1772=VERTEX_POINT('',#3833);
#1773=VERTEX_POINT('',#3835);
#1774=VERTEX_POINT('',#3837);
#1775=VERTEX_POINT('',#3841);
#1776=VERTEX_POINT('',#3843);
#1777=VERTEX_POINT('',#3847);
#1778=VERTEX_POINT('',#3849);
#1779=VERTEX_POINT('',#3853);
#1780=VERTEX_POINT('',#3854);
#1781=VERTEX_POINT('',#3856);
#1782=VERTEX_POINT('',#3858);
#1783=VERTEX_POINT('',#3862);
#1784=VERTEX_POINT('',#3864);
#1785=VERTEX_POINT('',#3868);
#1786=VERTEX_POINT('',#3870);
#1787=VERTEX_POINT('',#3874);
#1788=VERTEX_POINT('',#3875);
#1789=VERTEX_POINT('',#3877);
#1790=VERTEX_POINT('',#3879);
#1791=VERTEX_POINT('',#3883);
#1792=VERTEX_POINT('',#3885);
#1793=VERTEX_POINT('',#3889);
#1794=VERTEX_POINT('',#3890);
#1795=VERTEX_POINT('',#3892);
#1796=VERTEX_POINT('',#3894);
#1797=VERTEX_POINT('',#3898);
#1798=VERTEX_POINT('',#3900);
#1799=VERTEX_POINT('',#3904);
#1800=VERTEX_POINT('',#3906);
#1801=VERTEX_POINT('',#3910);
#1802=VERTEX_POINT('',#3912);
#1803=VERTEX_POINT('',#3916);
#1804=VERTEX_POINT('',#3918);
#1805=VERTEX_POINT('',#3922);
#1806=VERTEX_POINT('',#3927);
#1807=VERTEX_POINT('',#3932);
#1808=VERTEX_POINT('',#3936);
#1809=VERTEX_POINT('',#3941);
#1810=VERTEX_POINT('',#3946);
#1811=VERTEX_POINT('',#3950);
#1812=VERTEX_POINT('',#3952);
#1813=VERTEX_POINT('',#3956);
#1814=VERTEX_POINT('',#3958);
#1815=VERTEX_POINT('',#3962);
#1816=VERTEX_POINT('',#3967);
#1817=VERTEX_POINT('',#3972);
#1818=VERTEX_POINT('',#3976);
#1819=VERTEX_POINT('',#3981);
#1820=VERTEX_POINT('',#3986);
#1821=VERTEX_POINT('',#3990);
#1822=VERTEX_POINT('',#3992);
#1823=VERTEX_POINT('',#3996);
#1824=VERTEX_POINT('',#4001);
#1825=VERTEX_POINT('',#4006);
#1826=VERTEX_POINT('',#4010);
#1827=VERTEX_POINT('',#4015);
#1828=VERTEX_POINT('',#4020);
#1829=VERTEX_POINT('',#4024);
#1830=VERTEX_POINT('',#4026);
#1831=VERTEX_POINT('',#4033);
#1832=VERTEX_POINT('',#4035);
#1833=VERTEX_POINT('',#4039);
#1834=VERTEX_POINT('',#4044);
#1835=VERTEX_POINT('',#4049);
#1836=VERTEX_POINT('',#4053);
#1837=VERTEX_POINT('',#4058);
#1838=VERTEX_POINT('',#4063);
#1839=VERTEX_POINT('',#4067);
#1840=VERTEX_POINT('',#4069);
#1841=VERTEX_POINT('',#4073);
#1842=VERTEX_POINT('',#4075);
#1843=VERTEX_POINT('',#4079);
#1844=VERTEX_POINT('',#4084);
#1845=VERTEX_POINT('',#4089);
#1846=VERTEX_POINT('',#4093);
#1847=VERTEX_POINT('',#4095);
#1848=VERTEX_POINT('',#4099);
#1849=VERTEX_POINT('',#4101);
#1850=VERTEX_POINT('',#4105);
#1851=VERTEX_POINT('',#4110);
#1852=VERTEX_POINT('',#4115);
#1853=VERTEX_POINT('',#4119);
#1854=VERTEX_POINT('',#4124);
#1855=VERTEX_POINT('',#4129);
#1856=VERTEX_POINT('',#4133);
#1857=VERTEX_POINT('',#4135);
#1858=VERTEX_POINT('',#4142);
#1859=VERTEX_POINT('',#4144);
#1860=VERTEX_POINT('',#4151);
#1861=VERTEX_POINT('',#4153);
#1862=CIRCLE('',#2450,0.0003465);
#1863=CIRCLE('',#2451,0.0003465);
#1864=CIRCLE('',#2454,0.0003465);
#1865=CIRCLE('',#2455,0.0003465);
#1866=CIRCLE('',#2457,0.0003465);
#1867=CIRCLE('',#2458,0.0003465);
#1868=CIRCLE('',#2461,0.0003465);
#1869=CIRCLE('',#2462,0.0003465);
#1870=CIRCLE('',#2464,0.000404264668528875);
#1871=CIRCLE('',#2465,0.000404264668528875);
#1872=CIRCLE('',#2468,0.000404264668528875);
#1873=CIRCLE('',#2469,0.000404264668528875);
#1874=CIRCLE('',#2471,0.0003465);
#1875=CIRCLE('',#2472,0.0003465);
#1876=CIRCLE('',#2475,0.0003465);
#1877=CIRCLE('',#2476,0.0003465);
#1878=CIRCLE('',#2478,0.0003465);
#1879=CIRCLE('',#2479,0.0003465);
#1880=CIRCLE('',#2482,0.0003465);
#1881=CIRCLE('',#2483,0.0003465);
#1882=CIRCLE('',#2485,0.000404264668528875);
#1883=CIRCLE('',#2486,0.000404264668528875);
#1884=CIRCLE('',#2489,0.000404264668528875);
#1885=CIRCLE('',#2490,0.000404264668528875);
#1886=CIRCLE('',#2492,0.000404264668528875);
#1887=CIRCLE('',#2493,0.000404264668528875);
#1888=CIRCLE('',#2496,0.000404264668528875);
#1889=CIRCLE('',#2497,0.000404264668528875);
#1890=CIRCLE('',#2499,0.0003465);
#1891=CIRCLE('',#2500,0.0003465);
#1892=CIRCLE('',#2503,0.0003465);
#1893=CIRCLE('',#2504,0.0003465);
#1894=CIRCLE('',#2506,0.0003465);
#1895=CIRCLE('',#2507,0.0003465);
#1896=CIRCLE('',#2510,0.0003465);
#1897=CIRCLE('',#2511,0.0003465);
#1898=CIRCLE('',#2513,0.000404264668528875);
#1899=CIRCLE('',#2514,0.000404264668528875);
#1900=CIRCLE('',#2517,0.000404264668528875);
#1901=CIRCLE('',#2518,0.000404264668528875);
#1902=CIRCLE('',#2520,0.0003465);
#1903=CIRCLE('',#2521,0.0003465);
#1904=CIRCLE('',#2524,0.0003465);
#1905=CIRCLE('',#2525,0.0003465);
#1906=CIRCLE('',#2527,0.0003465);
#1907=CIRCLE('',#2528,0.0003465);
#1908=CIRCLE('',#2531,0.0003465);
#1909=CIRCLE('',#2532,0.0003465);
#1910=CIRCLE('',#2537,7.334236534548E-5);
#1911=CIRCLE('',#2538,7.334236534548E-5);
#1912=CIRCLE('',#2541,4.4005306671353E-5);
#1913=CIRCLE('',#2542,4.4005306671353E-5);
#1914=CIRCLE('',#2545,4.4005306671353E-5);
#1915=CIRCLE('',#2546,4.4005306671353E-5);
#1916=CIRCLE('',#2549,7.334236534548E-5);
#1917=CIRCLE('',#2550,7.334236534548E-5);
#1918=CIRCLE('',#2555,7.33431003349391E-5);
#1919=CIRCLE('',#2556,7.33431003349391E-5);
#1920=CIRCLE('',#2563,4.40066074795232E-5);
#1921=CIRCLE('',#2564,4.40066074795232E-5);
#1922=CIRCLE('',#2566,0.000404264668528875);
#1923=CIRCLE('',#2567,0.000404264668528875);
#1924=CIRCLE('',#2569,0.000404264668528875);
#1925=CIRCLE('',#2570,0.000404264668528875);
#1926=CIRCLE('',#2575,0.000404264668528875);
#1927=CIRCLE('',#2576,0.000404264668528875);
#1928=CIRCLE('',#2578,0.000404264668528875);
#1929=CIRCLE('',#2579,0.000404264668528875);
#1930=CIRCLE('',#2608,4.40059448652054E-5);
#1931=CIRCLE('',#2609,4.40059448652054E-5);
#1932=CIRCLE('',#2612,4.4004919415226E-5);
#1933=CIRCLE('',#2613,4.4004919415226E-5);
#1934=CIRCLE('',#2616,4.4006041660812E-5);
#1935=CIRCLE('',#2617,4.4006041660812E-5);
#1936=CIRCLE('',#2621,4.40029593578999E-5);
#1937=CIRCLE('',#2622,4.40029593578999E-5);
#1938=CIRCLE('',#2625,4.40053764724497E-5);
#1939=CIRCLE('',#2626,4.40053764724497E-5);
#1940=CIRCLE('',#2632,4.40053066713761E-5);
#1941=CIRCLE('',#2633,4.40053066713761E-5);
#1942=CIRCLE('',#2637,4.40033218478123E-5);
#1943=CIRCLE('',#2638,4.40033218478123E-5);
#1944=CIRCLE('',#2641,4.40066074795232E-5);
#1945=CIRCLE('',#2642,4.40066074795232E-5);
#1946=CIRCLE('',#2651,4.40037754369636E-5);
#1947=CIRCLE('',#2652,4.40037754369636E-5);
#1948=EDGE_LOOP('',(#565,#566,#567,#568));
#1949=EDGE_LOOP('',(#569,#570,#571,#572));
#1950=EDGE_LOOP('',(#573,#574,#575,#576));
#1951=EDGE_LOOP('',(#577,#578,#579,#580));
#1952=EDGE_LOOP('',(#581,#582,#583,#584));
#1953=EDGE_LOOP('',(#585,#586,#587,#588));
#1954=EDGE_LOOP('',(#589,#590,#591,#592));
#1955=EDGE_LOOP('',(#593,#594,#595,#596));
#1956=EDGE_LOOP('',(#597,#598,#599,#600));
#1957=EDGE_LOOP('',(#601,#602,#603,#604));
#1958=EDGE_LOOP('',(#605,#606,#607,#608));
#1959=EDGE_LOOP('',(#609,#610,#611,#612));
#1960=EDGE_LOOP('',(#613,#614,#615,#616));
#1961=EDGE_LOOP('',(#617,#618,#619,#620));
#1962=EDGE_LOOP('',(#621,#622,#623,#624));
#1963=EDGE_LOOP('',(#625,#626,#627,#628));
#1964=EDGE_LOOP('',(#629,#630,#631,#632));
#1965=EDGE_LOOP('',(#633,#634,#635,#636));
#1966=EDGE_LOOP('',(#637,#638,#639,#640));
#1967=EDGE_LOOP('',(#641,#642,#643,#644));
#1968=EDGE_LOOP('',(#645,#646,#647,#648));
#1969=EDGE_LOOP('',(#649,#650,#651,#652));
#1970=EDGE_LOOP('',(#653,#654,#655,#656));
#1971=EDGE_LOOP('',(#657,#658,#659,#660));
#1972=EDGE_LOOP('',(#661,#662,#663,#664));
#1973=EDGE_LOOP('',(#665,#666,#667,#668));
#1974=EDGE_LOOP('',(#669,#670,#671,#672));
#1975=EDGE_LOOP('',(#673,#674,#675,#676));
#1976=EDGE_LOOP('',(#677,#678,#679,#680));
#1977=EDGE_LOOP('',(#681,#682,#683,#684));
#1978=EDGE_LOOP('',(#685,#686,#687,#688));
#1979=EDGE_LOOP('',(#689,#690,#691,#692));
#1980=EDGE_LOOP('',(#693,#694,#695,#696));
#1981=EDGE_LOOP('',(#697,#698,#699,#700));
#1982=EDGE_LOOP('',(#701,#702,#703,#704));
#1983=EDGE_LOOP('',(#705,#706,#707,#708));
#1984=EDGE_LOOP('',(#709,#710,#711,#712));
#1985=EDGE_LOOP('',(#713,#714,#715,#716));
#1986=EDGE_LOOP('',(#717,#718,#719,#720));
#1987=EDGE_LOOP('',(#721,#722,#723,#724));
#1988=EDGE_LOOP('',(#725,#726,#727,#728));
#1989=EDGE_LOOP('',(#729,#730,#731,#732));
#1990=EDGE_LOOP('',(#733,#734,#735,#736));
#1991=EDGE_LOOP('',(#737,#738,#739,#740));
#1992=EDGE_LOOP('',(#741,#742,#743,#744));
#1993=EDGE_LOOP('',(#745,#746,#747,#748));
#1994=EDGE_LOOP('',(#749,#750,#751,#752));
#1995=EDGE_LOOP('',(#753,#754,#755,#756));
#1996=EDGE_LOOP('',(#757,#758,#759,#760));
#1997=EDGE_LOOP('',(#761,#762,#763,#764));
#1998=EDGE_LOOP('',(#765,#766,#767,#768));
#1999=EDGE_LOOP('',(#769,#770,#771,#772));
#2000=EDGE_LOOP('',(#773,#774,#775,#776));
#2001=EDGE_LOOP('',(#777,#778,#779,#780));
#2002=EDGE_LOOP('',(#781,#782,#783,#784));
#2003=EDGE_LOOP('',(#785,#786,#787,#788));
#2004=EDGE_LOOP('',(#789));
#2005=EDGE_LOOP('',(#790));
#2006=EDGE_LOOP('',(#791));
#2007=EDGE_LOOP('',(#792));
#2008=EDGE_LOOP('',(#793,#794,#795,#796));
#2009=EDGE_LOOP('',(#797,#798,#799,#800));
#2010=EDGE_LOOP('',(#801,#802,#803,#804));
#2011=EDGE_LOOP('',(#805));
#2012=EDGE_LOOP('',(#806));
#2013=EDGE_LOOP('',(#807));
#2014=EDGE_LOOP('',(#808));
#2015=EDGE_LOOP('',(#809,#810,#811,#812));
#2016=EDGE_LOOP('',(#813,#814,#815,#816));
#2017=EDGE_LOOP('',(#817,#818,#819,#820));
#2018=EDGE_LOOP('',(#821,#822,#823,#824));
#2019=EDGE_LOOP('',(#825,#826,#827,#828));
#2020=EDGE_LOOP('',(#829,#830,#831,#832));
#2021=EDGE_LOOP('',(#833,#834,#835,#836));
#2022=EDGE_LOOP('',(#837,#838,#839,#840));
#2023=EDGE_LOOP('',(#841,#842,#843,#844));
#2024=EDGE_LOOP('',(#845,#846,#847,#848));
#2025=EDGE_LOOP('',(#849,#850,#851,#852,#853,#854,#855,#856,#857,#858,#859,
#860,#861,#862,#863,#864,#865,#866,#867,#868,#869));
#2026=EDGE_LOOP('',(#870,#871,#872,#873));
#2027=EDGE_LOOP('',(#874,#875,#876,#877));
#2028=EDGE_LOOP('',(#878,#879,#880,#881));
#2029=EDGE_LOOP('',(#882,#883,#884,#885));
#2030=EDGE_LOOP('',(#886,#887,#888,#889));
#2031=EDGE_LOOP('',(#890,#891,#892,#893));
#2032=EDGE_LOOP('',(#894,#895,#896,#897));
#2033=EDGE_LOOP('',(#898,#899,#900,#901));
#2034=EDGE_LOOP('',(#902));
#2035=EDGE_LOOP('',(#903));
#2036=EDGE_LOOP('',(#904,#905,#906,#907));
#2037=EDGE_LOOP('',(#908,#909,#910,#911));
#2038=EDGE_LOOP('',(#912,#913,#914,#915));
#2039=EDGE_LOOP('',(#916));
#2040=EDGE_LOOP('',(#917));
#2041=EDGE_LOOP('',(#918,#919,#920,#921));
#2042=EDGE_LOOP('',(#922,#923,#924,#925,#926,#927,#928,#929,#930,#931,#932,
#933,#934,#935,#936,#937,#938,#939,#940,#941,#942));
#2043=EDGE_LOOP('',(#943,#944,#945,#946));
#2044=EDGE_LOOP('',(#947,#948,#949,#950));
#2045=EDGE_LOOP('',(#951,#952,#953,#954));
#2046=EDGE_LOOP('',(#955,#956,#957,#958));
#2047=EDGE_LOOP('',(#959,#960,#961,#962));
#2048=EDGE_LOOP('',(#963,#964,#965,#966));
#2049=EDGE_LOOP('',(#967,#968,#969,#970));
#2050=EDGE_LOOP('',(#971,#972,#973,#974));
#2051=EDGE_LOOP('',(#975));
#2052=EDGE_LOOP('',(#976));
#2053=EDGE_LOOP('',(#977,#978,#979,#980));
#2054=EDGE_LOOP('',(#981,#982,#983,#984));
#2055=EDGE_LOOP('',(#985,#986,#987,#988));
#2056=EDGE_LOOP('',(#989));
#2057=EDGE_LOOP('',(#990));
#2058=EDGE_LOOP('',(#991,#992,#993,#994));
#2059=EDGE_LOOP('',(#995,#996,#997,#998));
#2060=EDGE_LOOP('',(#999,#1000,#1001,#1002));
#2061=EDGE_LOOP('',(#1003,#1004,#1005,#1006));
#2062=EDGE_LOOP('',(#1007,#1008,#1009,#1010));
#2063=EDGE_LOOP('',(#1011,#1012,#1013,#1014));
#2064=EDGE_LOOP('',(#1015,#1016,#1017,#1018));
#2065=EDGE_LOOP('',(#1019,#1020,#1021,#1022));
#2066=EDGE_LOOP('',(#1023,#1024,#1025,#1026));
#2067=EDGE_LOOP('',(#1027,#1028,#1029,#1030));
#2068=EDGE_LOOP('',(#1031,#1032,#1033,#1034));
#2069=EDGE_LOOP('',(#1035,#1036,#1037,#1038));
#2070=EDGE_LOOP('',(#1039,#1040,#1041,#1042));
#2071=EDGE_LOOP('',(#1043,#1044,#1045,#1046));
#2072=EDGE_LOOP('',(#1047,#1048,#1049,#1050));
#2073=EDGE_LOOP('',(#1051,#1052,#1053,#1054,#1055));
#2074=EDGE_LOOP('',(#1056,#1057,#1058,#1059,#1060,#1061));
#2075=EDGE_LOOP('',(#1062,#1063,#1064,#1065,#1066));
#2076=EDGE_LOOP('',(#1067,#1068,#1069,#1070));
#2077=EDGE_LOOP('',(#1071,#1072,#1073,#1074,#1075));
#2078=EDGE_LOOP('',(#1076,#1077,#1078,#1079,#1080,#1081));
#2079=EDGE_LOOP('',(#1082,#1083,#1084,#1085,#1086));
#2080=EDGE_LOOP('',(#1087,#1088,#1089,#1090,#1091));
#2081=EDGE_LOOP('',(#1092,#1093,#1094,#1095,#1096,#1097));
#2082=EDGE_LOOP('',(#1098,#1099,#1100,#1101,#1102));
#2083=EDGE_LOOP('',(#1103,#1104,#1105,#1106));
#2084=EDGE_LOOP('',(#1107,#1108,#1109,#1110));
#2085=EDGE_LOOP('',(#1111,#1112,#1113,#1114,#1115));
#2086=EDGE_LOOP('',(#1116,#1117,#1118,#1119,#1120,#1121));
#2087=EDGE_LOOP('',(#1122,#1123,#1124,#1125,#1126));
#2088=EDGE_LOOP('',(#1127,#1128,#1129,#1130));
#2089=EDGE_LOOP('',(#1131,#1132,#1133,#1134,#1135));
#2090=EDGE_LOOP('',(#1136,#1137,#1138,#1139,#1140));
#2091=EDGE_LOOP('',(#1141,#1142,#1143,#1144));
#2092=EDGE_LOOP('',(#1145,#1146,#1147,#1148,#1149));
#2093=EDGE_LOOP('',(#1150,#1151,#1152,#1153,#1154,#1155));
#2094=EDGE_LOOP('',(#1156,#1157,#1158,#1159));
#2095=EDGE_LOOP('',(#1160,#1161,#1162,#1163));
#2096=EDGE_LOOP('',(#1164,#1165,#1166,#1167));
#2097=EDGE_LOOP('',(#1168,#1169,#1170,#1171));
#2098=EDGE_LOOP('',(#1172,#1173,#1174,#1175));
#2099=EDGE_LOOP('',(#1176,#1177,#1178,#1179));
#2100=EDGE_LOOP('',(#1180,#1181,#1182,#1183,#1184));
#2101=EDGE_LOOP('',(#1185,#1186,#1187,#1188,#1189,#1190,#1191,#1192,#1193,
#1194,#1195,#1196,#1197,#1198));
#2102=EDGE_LOOP('',(#1199,#1200,#1201,#1202,#1203,#1204,#1205,#1206,#1207,
#1208,#1209,#1210,#1211,#1212,#1213,#1214,#1215,#1216,#1217,#1218,#1219,
#1220,#1221,#1222,#1223,#1224,#1225,#1226));
#2103=EDGE_LOOP('',(#1227,#1228,#1229,#1230,#1231,#1232,#1233,#1234,#1235,
#1236,#1237,#1238,#1239,#1240));
#2104=EDGE_LOOP('',(#1241,#1242,#1243,#1244,#1245,#1246,#1247,#1248,#1249,
#1250,#1251,#1252,#1253,#1254,#1255,#1256,#1257,#1258,#1259,#1260,#1261,
#1262,#1263,#1264,#1265,#1266,#1267,#1268));
#2105=FACE_BOUND('',#1948,.T.);
#2106=FACE_BOUND('',#1949,.T.);
#2107=FACE_BOUND('',#1950,.T.);
#2108=FACE_BOUND('',#1951,.T.);
#2109=FACE_BOUND('',#1952,.T.);
#2110=FACE_BOUND('',#1953,.T.);
#2111=FACE_BOUND('',#1954,.T.);
#2112=FACE_BOUND('',#1955,.T.);
#2113=FACE_BOUND('',#1956,.T.);
#2114=FACE_BOUND('',#1957,.T.);
#2115=FACE_BOUND('',#1958,.T.);
#2116=FACE_BOUND('',#1959,.T.);
#2117=FACE_BOUND('',#1960,.T.);
#2118=FACE_BOUND('',#1961,.T.);
#2119=FACE_BOUND('',#1962,.T.);
#2120=FACE_BOUND('',#1963,.T.);
#2121=FACE_BOUND('',#1964,.T.);
#2122=FACE_BOUND('',#1965,.T.);
#2123=FACE_BOUND('',#1966,.T.);
#2124=FACE_BOUND('',#1967,.T.);
#2125=FACE_BOUND('',#1968,.T.);
#2126=FACE_BOUND('',#1969,.T.);
#2127=FACE_BOUND('',#1970,.T.);
#2128=FACE_BOUND('',#1971,.T.);
#2129=FACE_BOUND('',#1972,.T.);
#2130=FACE_BOUND('',#1973,.T.);
#2131=FACE_BOUND('',#1974,.T.);
#2132=FACE_BOUND('',#1975,.T.);
#2133=FACE_BOUND('',#1976,.T.);
#2134=FACE_BOUND('',#1977,.T.);
#2135=FACE_BOUND('',#1978,.T.);
#2136=FACE_BOUND('',#1979,.T.);
#2137=FACE_BOUND('',#1980,.T.);
#2138=FACE_BOUND('',#1981,.T.);
#2139=FACE_BOUND('',#1982,.T.);
#2140=FACE_BOUND('',#1983,.T.);
#2141=FACE_BOUND('',#1984,.T.);
#2142=FACE_BOUND('',#1985,.T.);
#2143=FACE_BOUND('',#1986,.T.);
#2144=FACE_BOUND('',#1987,.T.);
#2145=FACE_BOUND('',#1988,.T.);
#2146=FACE_BOUND('',#1989,.T.);
#2147=FACE_BOUND('',#1990,.T.);
#2148=FACE_BOUND('',#1991,.T.);
#2149=FACE_BOUND('',#1992,.T.);
#2150=FACE_BOUND('',#1993,.T.);
#2151=FACE_BOUND('',#1994,.T.);
#2152=FACE_BOUND('',#1995,.T.);
#2153=FACE_BOUND('',#1996,.T.);
#2154=FACE_BOUND('',#1997,.T.);
#2155=FACE_BOUND('',#1998,.T.);
#2156=FACE_BOUND('',#1999,.T.);
#2157=FACE_BOUND('',#2000,.T.);
#2158=FACE_BOUND('',#2001,.T.);
#2159=FACE_BOUND('',#2002,.T.);
#2160=FACE_BOUND('',#2003,.T.);
#2161=FACE_BOUND('',#2004,.T.);
#2162=FACE_BOUND('',#2005,.T.);
#2163=FACE_BOUND('',#2006,.T.);
#2164=FACE_BOUND('',#2007,.T.);
#2165=FACE_BOUND('',#2008,.T.);
#2166=FACE_BOUND('',#2009,.T.);
#2167=FACE_BOUND('',#2010,.T.);
#2168=FACE_BOUND('',#2011,.T.);
#2169=FACE_BOUND('',#2012,.T.);
#2170=FACE_BOUND('',#2013,.T.);
#2171=FACE_BOUND('',#2014,.T.);
#2172=FACE_BOUND('',#2015,.T.);
#2173=FACE_BOUND('',#2016,.T.);
#2174=FACE_BOUND('',#2017,.T.);
#2175=FACE_BOUND('',#2018,.T.);
#2176=FACE_BOUND('',#2019,.T.);
#2177=FACE_BOUND('',#2020,.T.);
#2178=FACE_BOUND('',#2021,.T.);
#2179=FACE_BOUND('',#2022,.T.);
#2180=FACE_BOUND('',#2023,.T.);
#2181=FACE_BOUND('',#2024,.T.);
#2182=FACE_BOUND('',#2025,.T.);
#2183=FACE_BOUND('',#2026,.T.);
#2184=FACE_BOUND('',#2027,.T.);
#2185=FACE_BOUND('',#2028,.T.);
#2186=FACE_BOUND('',#2029,.T.);
#2187=FACE_BOUND('',#2030,.T.);
#2188=FACE_BOUND('',#2031,.T.);
#2189=FACE_BOUND('',#2032,.T.);
#2190=FACE_BOUND('',#2033,.T.);
#2191=FACE_BOUND('',#2034,.T.);
#2192=FACE_BOUND('',#2035,.T.);
#2193=FACE_BOUND('',#2036,.T.);
#2194=FACE_BOUND('',#2037,.T.);
#2195=FACE_BOUND('',#2038,.T.);
#2196=FACE_BOUND('',#2039,.T.);
#2197=FACE_BOUND('',#2040,.T.);
#2198=FACE_BOUND('',#2041,.T.);
#2199=FACE_BOUND('',#2042,.T.);
#2200=FACE_BOUND('',#2043,.T.);
#2201=FACE_BOUND('',#2044,.T.);
#2202=FACE_BOUND('',#2045,.T.);
#2203=FACE_BOUND('',#2046,.T.);
#2204=FACE_BOUND('',#2047,.T.);
#2205=FACE_BOUND('',#2048,.T.);
#2206=FACE_BOUND('',#2049,.T.);
#2207=FACE_BOUND('',#2050,.T.);
#2208=FACE_BOUND('',#2051,.T.);
#2209=FACE_BOUND('',#2052,.T.);
#2210=FACE_BOUND('',#2053,.T.);
#2211=FACE_BOUND('',#2054,.T.);
#2212=FACE_BOUND('',#2055,.T.);
#2213=FACE_BOUND('',#2056,.T.);
#2214=FACE_BOUND('',#2057,.T.);
#2215=FACE_BOUND('',#2058,.T.);
#2216=FACE_BOUND('',#2059,.T.);
#2217=FACE_BOUND('',#2060,.T.);
#2218=FACE_BOUND('',#2061,.T.);
#2219=FACE_BOUND('',#2062,.T.);
#2220=FACE_BOUND('',#2063,.T.);
#2221=FACE_BOUND('',#2064,.T.);
#2222=FACE_BOUND('',#2065,.T.);
#2223=FACE_BOUND('',#2066,.T.);
#2224=FACE_BOUND('',#2067,.T.);
#2225=FACE_BOUND('',#2068,.T.);
#2226=FACE_BOUND('',#2069,.T.);
#2227=FACE_BOUND('',#2070,.T.);
#2228=FACE_BOUND('',#2071,.T.);
#2229=FACE_BOUND('',#2072,.T.);
#2230=FACE_BOUND('',#2073,.T.);
#2231=FACE_BOUND('',#2074,.T.);
#2232=FACE_BOUND('',#2075,.T.);
#2233=FACE_BOUND('',#2076,.T.);
#2234=FACE_BOUND('',#2077,.T.);
#2235=FACE_BOUND('',#2078,.T.);
#2236=FACE_BOUND('',#2079,.T.);
#2237=FACE_BOUND('',#2080,.T.);
#2238=FACE_BOUND('',#2081,.T.);
#2239=FACE_BOUND('',#2082,.T.);
#2240=FACE_BOUND('',#2083,.T.);
#2241=FACE_BOUND('',#2084,.T.);
#2242=FACE_BOUND('',#2085,.T.);
#2243=FACE_BOUND('',#2086,.T.);
#2244=FACE_BOUND('',#2087,.T.);
#2245=FACE_BOUND('',#2088,.T.);
#2246=FACE_BOUND('',#2089,.T.);
#2247=FACE_BOUND('',#2090,.T.);
#2248=FACE_BOUND('',#2091,.T.);
#2249=FACE_BOUND('',#2092,.T.);
#2250=FACE_BOUND('',#2093,.T.);
#2251=FACE_BOUND('',#2094,.T.);
#2252=FACE_BOUND('',#2095,.T.);
#2253=FACE_BOUND('',#2096,.T.);
#2254=FACE_BOUND('',#2097,.T.);
#2255=FACE_BOUND('',#2098,.T.);
#2256=FACE_BOUND('',#2099,.T.);
#2257=FACE_BOUND('',#2100,.T.);
#2258=FACE_BOUND('',#2101,.T.);
#2259=FACE_BOUND('',#2102,.T.);
#2260=FACE_BOUND('',#2103,.T.);
#2261=FACE_BOUND('',#2104,.T.);
#2262=CYLINDRICAL_SURFACE('',#2449,0.0003465);
#2263=CYLINDRICAL_SURFACE('',#2453,0.0003465);
#2264=CYLINDRICAL_SURFACE('',#2456,0.0003465);
#2265=CYLINDRICAL_SURFACE('',#2460,0.0003465);
#2266=CYLINDRICAL_SURFACE('',#2463,0.000404264668528875);
#2267=CYLINDRICAL_SURFACE('',#2467,0.000404264668528875);
#2268=CYLINDRICAL_SURFACE('',#2470,0.0003465);
#2269=CYLINDRICAL_SURFACE('',#2474,0.0003465);
#2270=CYLINDRICAL_SURFACE('',#2477,0.0003465);
#2271=CYLINDRICAL_SURFACE('',#2481,0.0003465);
#2272=CYLINDRICAL_SURFACE('',#2484,0.000404264668528875);
#2273=CYLINDRICAL_SURFACE('',#2488,0.000404264668528875);
#2274=CYLINDRICAL_SURFACE('',#2491,0.000404264668528875);
#2275=CYLINDRICAL_SURFACE('',#2495,0.000404264668528875);
#2276=CYLINDRICAL_SURFACE('',#2498,0.0003465);
#2277=CYLINDRICAL_SURFACE('',#2502,0.0003465);
#2278=CYLINDRICAL_SURFACE('',#2505,0.0003465);
#2279=CYLINDRICAL_SURFACE('',#2509,0.0003465);
#2280=CYLINDRICAL_SURFACE('',#2512,0.000404264668528875);
#2281=CYLINDRICAL_SURFACE('',#2516,0.000404264668528875);
#2282=CYLINDRICAL_SURFACE('',#2519,0.0003465);
#2283=CYLINDRICAL_SURFACE('',#2523,0.0003465);
#2284=CYLINDRICAL_SURFACE('',#2526,0.0003465);
#2285=CYLINDRICAL_SURFACE('',#2530,0.0003465);
#2286=CYLINDRICAL_SURFACE('',#2536,7.334236534548E-5);
#2287=CYLINDRICAL_SURFACE('',#2540,4.4005306671353E-5);
#2288=CYLINDRICAL_SURFACE('',#2544,4.4005306671353E-5);
#2289=CYLINDRICAL_SURFACE('',#2548,7.334236534548E-5);
#2290=CYLINDRICAL_SURFACE('',#2554,7.33431003349391E-5);
#2291=CYLINDRICAL_SURFACE('',#2562,4.40066074795232E-5);
#2292=CYLINDRICAL_SURFACE('',#2565,0.000404264668528875);
#2293=CYLINDRICAL_SURFACE('',#2568,0.000404264668528875);
#2294=CYLINDRICAL_SURFACE('',#2574,0.000404264668528875);
#2295=CYLINDRICAL_SURFACE('',#2577,0.000404264668528875);
#2296=CYLINDRICAL_SURFACE('',#2607,4.40059448652054E-5);
#2297=CYLINDRICAL_SURFACE('',#2611,4.4004919415226E-5);
#2298=CYLINDRICAL_SURFACE('',#2615,4.4006041660812E-5);
#2299=CYLINDRICAL_SURFACE('',#2620,4.40029593578999E-5);
#2300=CYLINDRICAL_SURFACE('',#2624,4.40053764724497E-5);
#2301=CYLINDRICAL_SURFACE('',#2631,4.40053066713761E-5);
#2302=CYLINDRICAL_SURFACE('',#2636,4.40033218478123E-5);
#2303=CYLINDRICAL_SURFACE('',#2640,4.40066074795232E-5);
#2304=CYLINDRICAL_SURFACE('',#2650,4.40037754369636E-5);
#2305=ADVANCED_FACE('',(#2105),#2262,.F.);
#2306=ADVANCED_FACE('',(#2106),#71,.T.);
#2307=ADVANCED_FACE('',(#2107),#2263,.F.);
#2308=ADVANCED_FACE('',(#2108),#2264,.F.);
#2309=ADVANCED_FACE('',(#2109),#72,.T.);
#2310=ADVANCED_FACE('',(#2110),#2265,.F.);
#2311=ADVANCED_FACE('',(#2111),#2266,.F.);
#2312=ADVANCED_FACE('',(#2112),#73,.T.);
#2313=ADVANCED_FACE('',(#2113),#2267,.F.);
#2314=ADVANCED_FACE('',(#2114),#2268,.F.);
#2315=ADVANCED_FACE('',(#2115),#74,.T.);
#2316=ADVANCED_FACE('',(#2116),#2269,.F.);
#2317=ADVANCED_FACE('',(#2117),#2270,.F.);
#2318=ADVANCED_FACE('',(#2118),#75,.T.);
#2319=ADVANCED_FACE('',(#2119),#2271,.F.);
#2320=ADVANCED_FACE('',(#2120),#2272,.F.);
#2321=ADVANCED_FACE('',(#2121),#76,.T.);
#2322=ADVANCED_FACE('',(#2122),#2273,.F.);
#2323=ADVANCED_FACE('',(#2123),#2274,.F.);
#2324=ADVANCED_FACE('',(#2124),#77,.T.);
#2325=ADVANCED_FACE('',(#2125),#2275,.F.);
#2326=ADVANCED_FACE('',(#2126),#2276,.F.);
#2327=ADVANCED_FACE('',(#2127),#78,.T.);
#2328=ADVANCED_FACE('',(#2128),#2277,.F.);
#2329=ADVANCED_FACE('',(#2129),#2278,.F.);
#2330=ADVANCED_FACE('',(#2130),#79,.T.);
#2331=ADVANCED_FACE('',(#2131),#2279,.F.);
#2332=ADVANCED_FACE('',(#2132),#2280,.F.);
#2333=ADVANCED_FACE('',(#2133),#80,.T.);
#2334=ADVANCED_FACE('',(#2134),#2281,.F.);
#2335=ADVANCED_FACE('',(#2135),#2282,.F.);
#2336=ADVANCED_FACE('',(#2136),#81,.T.);
#2337=ADVANCED_FACE('',(#2137),#2283,.F.);
#2338=ADVANCED_FACE('',(#2138),#2284,.F.);
#2339=ADVANCED_FACE('',(#2139),#82,.T.);
#2340=ADVANCED_FACE('',(#2140),#2285,.F.);
#2341=ADVANCED_FACE('',(#2141),#83,.T.);
#2342=ADVANCED_FACE('',(#2142),#84,.T.);
#2343=ADVANCED_FACE('',(#2143),#85,.T.);
#2344=ADVANCED_FACE('',(#2144),#2286,.F.);
#2345=ADVANCED_FACE('',(#2145),#86,.T.);
#2346=ADVANCED_FACE('',(#2146),#2287,.T.);
#2347=ADVANCED_FACE('',(#2147),#87,.T.);
#2348=ADVANCED_FACE('',(#2148),#2288,.T.);
#2349=ADVANCED_FACE('',(#2149),#88,.T.);
#2350=ADVANCED_FACE('',(#2150),#2289,.F.);
#2351=ADVANCED_FACE('',(#2151),#89,.T.);
#2352=ADVANCED_FACE('',(#2152),#90,.T.);
#2353=ADVANCED_FACE('',(#2153),#91,.T.);
#2354=ADVANCED_FACE('',(#2154),#2290,.F.);
#2355=ADVANCED_FACE('',(#2155),#92,.T.);
#2356=ADVANCED_FACE('',(#2156),#93,.T.);
#2357=ADVANCED_FACE('',(#2157),#94,.T.);
#2358=ADVANCED_FACE('',(#2158),#95,.T.);
#2359=ADVANCED_FACE('',(#2159),#96,.T.);
#2360=ADVANCED_FACE('',(#2160),#2291,.T.);
#2361=ADVANCED_FACE('',(#2161,#2162),#2292,.F.);
#2362=ADVANCED_FACE('',(#2163,#2164),#2293,.F.);
#2363=ADVANCED_FACE('',(#2165),#97,.T.);
#2364=ADVANCED_FACE('',(#2166),#98,.T.);
#2365=ADVANCED_FACE('',(#2167),#99,.T.);
#2366=ADVANCED_FACE('',(#2168,#2169),#2294,.F.);
#2367=ADVANCED_FACE('',(#2170,#2171),#2295,.F.);
#2368=ADVANCED_FACE('',(#2172),#100,.T.);
#2369=ADVANCED_FACE('',(#2173),#101,.T.);
#2370=ADVANCED_FACE('',(#2174),#102,.T.);
#2371=ADVANCED_FACE('',(#2175),#103,.T.);
#2372=ADVANCED_FACE('',(#2176),#104,.T.);
#2373=ADVANCED_FACE('',(#2177),#105,.T.);
#2374=ADVANCED_FACE('',(#2178),#106,.T.);
#2375=ADVANCED_FACE('',(#2179),#107,.T.);
#2376=ADVANCED_FACE('',(#2180),#108,.T.);
#2377=ADVANCED_FACE('',(#2181),#109,.T.);
#2378=ADVANCED_FACE('',(#2182,#2183,#2184,#2185,#2186,#2187,#2188,#2189,
#2190,#2191,#2192,#2193,#2194,#2195,#2196,#2197,#2198),#110,.T.);
#2379=ADVANCED_FACE('',(#2199,#2200,#2201,#2202,#2203,#2204,#2205,#2206,
#2207,#2208,#2209,#2210,#2211,#2212,#2213,#2214,#2215),#111,.F.);
#2380=ADVANCED_FACE('',(#2216),#112,.F.);
#2381=ADVANCED_FACE('',(#2217),#113,.F.);
#2382=ADVANCED_FACE('',(#2218),#114,.F.);
#2383=ADVANCED_FACE('',(#2219),#115,.F.);
#2384=ADVANCED_FACE('',(#2220),#116,.F.);
#2385=ADVANCED_FACE('',(#2221),#117,.F.);
#2386=ADVANCED_FACE('',(#2222),#118,.F.);
#2387=ADVANCED_FACE('',(#2223),#119,.F.);
#2388=ADVANCED_FACE('',(#2224),#120,.F.);
#2389=ADVANCED_FACE('',(#2225),#121,.F.);
#2390=ADVANCED_FACE('',(#2226),#122,.F.);
#2391=ADVANCED_FACE('',(#2227),#123,.F.);
#2392=ADVANCED_FACE('',(#2228),#124,.F.);
#2393=ADVANCED_FACE('',(#2229),#125,.F.);
#2394=ADVANCED_FACE('',(#2230),#2296,.F.);
#2395=ADVANCED_FACE('',(#2231),#126,.F.);
#2396=ADVANCED_FACE('',(#2232),#2297,.F.);
#2397=ADVANCED_FACE('',(#2233),#127,.F.);
#2398=ADVANCED_FACE('',(#2234),#2298,.F.);
#2399=ADVANCED_FACE('',(#2235),#128,.F.);
#2400=ADVANCED_FACE('',(#2236),#129,.F.);
#2401=ADVANCED_FACE('',(#2237),#2299,.F.);
#2402=ADVANCED_FACE('',(#2238),#130,.F.);
#2403=ADVANCED_FACE('',(#2239),#2300,.F.);
#2404=ADVANCED_FACE('',(#2240),#131,.F.);
#2405=ADVANCED_FACE('',(#2241),#132,.F.);
#2406=ADVANCED_FACE('',(#2242),#133,.F.);
#2407=ADVANCED_FACE('',(#2243),#134,.F.);
#2408=ADVANCED_FACE('',(#2244),#2301,.F.);
#2409=ADVANCED_FACE('',(#2245),#135,.F.);
#2410=ADVANCED_FACE('',(#2246),#136,.F.);
#2411=ADVANCED_FACE('',(#2247),#2302,.F.);
#2412=ADVANCED_FACE('',(#2248),#137,.F.);
#2413=ADVANCED_FACE('',(#2249),#2303,.F.);
#2414=ADVANCED_FACE('',(#2250),#138,.F.);
#2415=ADVANCED_FACE('',(#2251),#139,.F.);
#2416=ADVANCED_FACE('',(#2252),#140,.F.);
#2417=ADVANCED_FACE('',(#2253),#141,.F.);
#2418=ADVANCED_FACE('',(#2254),#142,.F.);
#2419=ADVANCED_FACE('',(#2255),#143,.F.);
#2420=ADVANCED_FACE('',(#2256),#144,.F.);
#2421=ADVANCED_FACE('',(#2257),#2304,.F.);
#2422=ADVANCED_FACE('',(#2258,#2259),#145,.F.);
#2423=ADVANCED_FACE('',(#2260,#2261),#146,.T.);
#2424=CLOSED_SHELL('',(#2305,#2306,#2307,#2308,#2309,#2310,#2311,#2312,
#2313,#2314,#2315,#2316,#2317,#2318,#2319,#2320,#2321,#2322,#2323,#2324,
#2325,#2326,#2327,#2328,#2329,#2330,#2331,#2332,#2333,#2334,#2335,#2336,
#2337,#2338,#2339,#2340,#2341,#2342,#2343,#2344,#2345,#2346,#2347,#2348,
#2349,#2350,#2351,#2352,#2353,#2354,#2355,#2356,#2357,#2358,#2359,#2360,
#2361,#2362,#2363,#2364,#2365,#2366,#2367,#2368,#2369,#2370,#2371,#2372,
#2373,#2374,#2375,#2376,#2377,#2378,#2379));
#2425=CLOSED_SHELL('',(#2380,#2381,#2382,#2383,#2384,#2385,#2386,#2387,
#2388,#2389,#2390,#2391,#2392,#2393,#2394,#2395,#2396,#2397,#2398,#2399,
#2400,#2401,#2402,#2403,#2404,#2405,#2406,#2407,#2408,#2409,#2410,#2411,
#2412,#2413,#2414,#2415,#2416,#2417,#2418,#2419,#2420,#2421,#2422,#2423));
#2426=STYLED_ITEM('',(#2428),#2442);
#2427=STYLED_ITEM('',(#2429),#2443);
#2428=PRESENTATION_STYLE_ASSIGNMENT((#2430));
#2429=PRESENTATION_STYLE_ASSIGNMENT((#2431));
#2430=SURFACE_STYLE_USAGE(.BOTH.,#2432);
#2431=SURFACE_STYLE_USAGE(.BOTH.,#2433);
#2432=SURFACE_SIDE_STYLE('',(#2434));
#2433=SURFACE_SIDE_STYLE('',(#2435));
#2434=SURFACE_STYLE_FILL_AREA(#2436);
#2435=SURFACE_STYLE_FILL_AREA(#2437);
#2436=FILL_AREA_STYLE('',(#2438));
#2437=FILL_AREA_STYLE('',(#2439));
#2438=FILL_AREA_STYLE_COLOUR('',#2440);
#2439=FILL_AREA_STYLE_COLOUR('',#2441);
#2440=COLOUR_RGB('',0.980392156862745,0.713725490196078,0.00392156862745098);
#2441=COLOUR_RGB('',0.498039215686275,0.498039215686275,0.498039215686275);
#2442=MANIFOLD_SOLID_BREP('Part 88',#2424);
#2443=MANIFOLD_SOLID_BREP('Part 89',#2425);
#2444=SHAPE_DEFINITION_REPRESENTATION(#4175,#2446);
#2445=SHAPE_DEFINITION_REPRESENTATION(#4176,#2447);
#2446=SHAPE_REPRESENTATION('Part 88',(#2448),#4165);
#2447=SHAPE_REPRESENTATION('Part 89',(#2592),#4166);
#2448=AXIS2_PLACEMENT_3D('',#3278,#2655,#2656);
#2449=AXIS2_PLACEMENT_3D('',#3279,#2657,#2658);
#2450=AXIS2_PLACEMENT_3D('',#3280,#2659,#2660);
#2451=AXIS2_PLACEMENT_3D('',#3285,#2662,#2663);
#2452=AXIS2_PLACEMENT_3D('',#3288,#2665,#2666);
#2453=AXIS2_PLACEMENT_3D('',#3294,#2670,#2671);
#2454=AXIS2_PLACEMENT_3D('',#3295,#2672,#2673);
#2455=AXIS2_PLACEMENT_3D('',#3297,#2674,#2675);
#2456=AXIS2_PLACEMENT_3D('',#3300,#2677,#2678);
#2457=AXIS2_PLACEMENT_3D('',#3301,#2679,#2680);
#2458=AXIS2_PLACEMENT_3D('',#3309,#2681,#2682);
#2459=AXIS2_PLACEMENT_3D('',#3315,#2683,#2684);
#2460=AXIS2_PLACEMENT_3D('',#3324,#2687,#2688);
#2461=AXIS2_PLACEMENT_3D('',#3325,#2689,#2690);
#2462=AXIS2_PLACEMENT_3D('',#3327,#2691,#2692);
#2463=AXIS2_PLACEMENT_3D('',#3333,#2693,#2694);
#2464=AXIS2_PLACEMENT_3D('',#3334,#2695,#2696);
#2465=AXIS2_PLACEMENT_3D('',#3342,#2697,#2698);
#2466=AXIS2_PLACEMENT_3D('',#3345,#2700,#2701);
#2467=AXIS2_PLACEMENT_3D('',#3351,#2705,#2706);
#2468=AXIS2_PLACEMENT_3D('',#3352,#2707,#2708);
#2469=AXIS2_PLACEMENT_3D('',#3354,#2709,#2710);
#2470=AXIS2_PLACEMENT_3D('',#3360,#2711,#2712);
#2471=AXIS2_PLACEMENT_3D('',#3361,#2713,#2714);
#2472=AXIS2_PLACEMENT_3D('',#3369,#2715,#2716);
#2473=AXIS2_PLACEMENT_3D('',#3375,#2717,#2718);
#2474=AXIS2_PLACEMENT_3D('',#3384,#2721,#2722);
#2475=AXIS2_PLACEMENT_3D('',#3385,#2723,#2724);
#2476=AXIS2_PLACEMENT_3D('',#3387,#2725,#2726);
#2477=AXIS2_PLACEMENT_3D('',#3393,#2727,#2728);
#2478=AXIS2_PLACEMENT_3D('',#3394,#2729,#2730);
#2479=AXIS2_PLACEMENT_3D('',#3402,#2731,#2732);
#2480=AXIS2_PLACEMENT_3D('',#3408,#2733,#2734);
#2481=AXIS2_PLACEMENT_3D('',#3417,#2737,#2738);
#2482=AXIS2_PLACEMENT_3D('',#3418,#2739,#2740);
#2483=AXIS2_PLACEMENT_3D('',#3420,#2741,#2742);
#2484=AXIS2_PLACEMENT_3D('',#3426,#2743,#2744);
#2485=AXIS2_PLACEMENT_3D('',#3427,#2745,#2746);
#2486=AXIS2_PLACEMENT_3D('',#3435,#2747,#2748);
#2487=AXIS2_PLACEMENT_3D('',#3441,#2749,#2750);
#2488=AXIS2_PLACEMENT_3D('',#3450,#2753,#2754);
#2489=AXIS2_PLACEMENT_3D('',#3451,#2755,#2756);
#2490=AXIS2_PLACEMENT_3D('',#3453,#2757,#2758);
#2491=AXIS2_PLACEMENT_3D('',#3459,#2759,#2760);
#2492=AXIS2_PLACEMENT_3D('',#3460,#2761,#2762);
#2493=AXIS2_PLACEMENT_3D('',#3468,#2763,#2764);
#2494=AXIS2_PLACEMENT_3D('',#3474,#2765,#2766);
#2495=AXIS2_PLACEMENT_3D('',#3483,#2769,#2770);
#2496=AXIS2_PLACEMENT_3D('',#3484,#2771,#2772);
#2497=AXIS2_PLACEMENT_3D('',#3486,#2773,#2774);
#2498=AXIS2_PLACEMENT_3D('',#3492,#2775,#2776);
#2499=AXIS2_PLACEMENT_3D('',#3493,#2777,#2778);
#2500=AXIS2_PLACEMENT_3D('',#3498,#2780,#2781);
#2501=AXIS2_PLACEMENT_3D('',#3501,#2783,#2784);
#2502=AXIS2_PLACEMENT_3D('',#3507,#2788,#2789);
#2503=AXIS2_PLACEMENT_3D('',#3508,#2790,#2791);
#2504=AXIS2_PLACEMENT_3D('',#3510,#2792,#2793);
#2505=AXIS2_PLACEMENT_3D('',#3513,#2795,#2796);
#2506=AXIS2_PLACEMENT_3D('',#3514,#2797,#2798);
#2507=AXIS2_PLACEMENT_3D('',#3519,#2800,#2801);
#2508=AXIS2_PLACEMENT_3D('',#3522,#2803,#2804);
#2509=AXIS2_PLACEMENT_3D('',#3528,#2808,#2809);
#2510=AXIS2_PLACEMENT_3D('',#3529,#2810,#2811);
#2511=AXIS2_PLACEMENT_3D('',#3531,#2812,#2813);
#2512=AXIS2_PLACEMENT_3D('',#3534,#2815,#2816);
#2513=AXIS2_PLACEMENT_3D('',#3535,#2817,#2818);
#2514=AXIS2_PLACEMENT_3D('',#3543,#2819,#2820);
#2515=AXIS2_PLACEMENT_3D('',#3546,#2822,#2823);
#2516=AXIS2_PLACEMENT_3D('',#3552,#2827,#2828);
#2517=AXIS2_PLACEMENT_3D('',#3553,#2829,#2830);
#2518=AXIS2_PLACEMENT_3D('',#3555,#2831,#2832);
#2519=AXIS2_PLACEMENT_3D('',#3561,#2833,#2834);
#2520=AXIS2_PLACEMENT_3D('',#3562,#2835,#2836);
#2521=AXIS2_PLACEMENT_3D('',#3570,#2837,#2838);
#2522=AXIS2_PLACEMENT_3D('',#3576,#2839,#2840);
#2523=AXIS2_PLACEMENT_3D('',#3585,#2843,#2844);
#2524=AXIS2_PLACEMENT_3D('',#3586,#2845,#2846);
#2525=AXIS2_PLACEMENT_3D('',#3588,#2847,#2848);
#2526=AXIS2_PLACEMENT_3D('',#3594,#2849,#2850);
#2527=AXIS2_PLACEMENT_3D('',#3595,#2851,#2852);
#2528=AXIS2_PLACEMENT_3D('',#3600,#2854,#2855);
#2529=AXIS2_PLACEMENT_3D('',#3603,#2857,#2858);
#2530=AXIS2_PLACEMENT_3D('',#3609,#2862,#2863);
#2531=AXIS2_PLACEMENT_3D('',#3610,#2864,#2865);
#2532=AXIS2_PLACEMENT_3D('',#3612,#2866,#2867);
#2533=AXIS2_PLACEMENT_3D('',#3615,#2869,#2870);
#2534=AXIS2_PLACEMENT_3D('',#3624,#2875,#2876);
#2535=AXIS2_PLACEMENT_3D('',#3630,#2880,#2881);
#2536=AXIS2_PLACEMENT_3D('',#3639,#2884,#2885);
#2537=AXIS2_PLACEMENT_3D('',#3640,#2886,#2887);
#2538=AXIS2_PLACEMENT_3D('',#3642,#2888,#2889);
#2539=AXIS2_PLACEMENT_3D('',#3645,#2891,#2892);
#2540=AXIS2_PLACEMENT_3D('',#3651,#2896,#2897);
#2541=AXIS2_PLACEMENT_3D('',#3652,#2898,#2899);
#2542=AXIS2_PLACEMENT_3D('',#3654,#2900,#2901);
#2543=AXIS2_PLACEMENT_3D('',#3660,#2902,#2903);
#2544=AXIS2_PLACEMENT_3D('',#3669,#2906,#2907);
#2545=AXIS2_PLACEMENT_3D('',#3670,#2908,#2909);
#2546=AXIS2_PLACEMENT_3D('',#3672,#2910,#2911);
#2547=AXIS2_PLACEMENT_3D('',#3675,#2913,#2914);
#2548=AXIS2_PLACEMENT_3D('',#3681,#2918,#2919);
#2549=AXIS2_PLACEMENT_3D('',#3682,#2920,#2921);
#2550=AXIS2_PLACEMENT_3D('',#3684,#2922,#2923);
#2551=AXIS2_PLACEMENT_3D('',#3687,#2925,#2926);
#2552=AXIS2_PLACEMENT_3D('',#3696,#2929,#2930);
#2553=AXIS2_PLACEMENT_3D('',#3702,#2934,#2935);
#2554=AXIS2_PLACEMENT_3D('',#3708,#2939,#2940);
#2555=AXIS2_PLACEMENT_3D('',#3709,#2941,#2942);
#2556=AXIS2_PLACEMENT_3D('',#3711,#2943,#2944);
#2557=AXIS2_PLACEMENT_3D('',#3717,#2945,#2946);
#2558=AXIS2_PLACEMENT_3D('',#3723,#2950,#2951);
#2559=AXIS2_PLACEMENT_3D('',#3732,#2954,#2955);
#2560=AXIS2_PLACEMENT_3D('',#3738,#2959,#2960);
#2561=AXIS2_PLACEMENT_3D('',#3744,#2964,#2965);
#2562=AXIS2_PLACEMENT_3D('',#3753,#2968,#2969);
#2563=AXIS2_PLACEMENT_3D('',#3754,#2970,#2971);
#2564=AXIS2_PLACEMENT_3D('',#3756,#2972,#2973);
#2565=AXIS2_PLACEMENT_3D('',#3759,#2975,#2976);
#2566=AXIS2_PLACEMENT_3D('',#3760,#2977,#2978);
#2567=AXIS2_PLACEMENT_3D('',#3762,#2979,#2980);
#2568=AXIS2_PLACEMENT_3D('',#3764,#2981,#2982);
#2569=AXIS2_PLACEMENT_3D('',#3765,#2983,#2984);
#2570=AXIS2_PLACEMENT_3D('',#3767,#2985,#2986);
#2571=AXIS2_PLACEMENT_3D('',#3769,#2987,#2988);
#2572=AXIS2_PLACEMENT_3D('',#3772,#2991,#2992);
#2573=AXIS2_PLACEMENT_3D('',#3775,#2995,#2996);
#2574=AXIS2_PLACEMENT_3D('',#3778,#2999,#3000);
#2575=AXIS2_PLACEMENT_3D('',#3779,#3001,#3002);
#2576=AXIS2_PLACEMENT_3D('',#3781,#3003,#3004);
#2577=AXIS2_PLACEMENT_3D('',#3783,#3005,#3006);
#2578=AXIS2_PLACEMENT_3D('',#3784,#3007,#3008);
#2579=AXIS2_PLACEMENT_3D('',#3786,#3009,#3010);
#2580=AXIS2_PLACEMENT_3D('',#3788,#3011,#3012);
#2581=AXIS2_PLACEMENT_3D('',#3791,#3015,#3016);
#2582=AXIS2_PLACEMENT_3D('',#3794,#3019,#3020);
#2583=AXIS2_PLACEMENT_3D('',#3797,#3023,#3024);
#2584=AXIS2_PLACEMENT_3D('',#3800,#3027,#3028);
#2585=AXIS2_PLACEMENT_3D('',#3803,#3031,#3032);
#2586=AXIS2_PLACEMENT_3D('',#3806,#3035,#3036);
#2587=AXIS2_PLACEMENT_3D('',#3809,#3039,#3040);
#2588=AXIS2_PLACEMENT_3D('',#3812,#3043,#3044);
#2589=AXIS2_PLACEMENT_3D('',#3815,#3047,#3048);
#2590=AXIS2_PLACEMENT_3D('',#3818,#3051,#3052);
#2591=AXIS2_PLACEMENT_3D('',#3819,#3053,#3054);
#2592=AXIS2_PLACEMENT_3D('',#3820,#3055,#3056);
#2593=AXIS2_PLACEMENT_3D('',#3821,#3057,#3058);
#2594=AXIS2_PLACEMENT_3D('',#3830,#3063,#3064);
#2595=AXIS2_PLACEMENT_3D('',#3839,#3069,#3070);
#2596=AXIS2_PLACEMENT_3D('',#3845,#3074,#3075);
#2597=AXIS2_PLACEMENT_3D('',#3851,#3079,#3080);
#2598=AXIS2_PLACEMENT_3D('',#3860,#3085,#3086);
#2599=AXIS2_PLACEMENT_3D('',#3866,#3090,#3091);
#2600=AXIS2_PLACEMENT_3D('',#3872,#3095,#3096);
#2601=AXIS2_PLACEMENT_3D('',#3881,#3101,#3102);
#2602=AXIS2_PLACEMENT_3D('',#3887,#3106,#3107);
#2603=AXIS2_PLACEMENT_3D('',#3896,#3112,#3113);
#2604=AXIS2_PLACEMENT_3D('',#3902,#3117,#3118);
#2605=AXIS2_PLACEMENT_3D('',#3908,#3122,#3123);
#2606=AXIS2_PLACEMENT_3D('',#3914,#3127,#3128);
#2607=AXIS2_PLACEMENT_3D('',#3920,#3132,#3133);
#2608=AXIS2_PLACEMENT_3D('',#3921,#3134,#3135);
#2609=AXIS2_PLACEMENT_3D('',#3933,#3136,#3137);
#2610=AXIS2_PLACEMENT_3D('',#3934,#3138,#3139);
#2611=AXIS2_PLACEMENT_3D('',#3948,#3142,#3143);
#2612=AXIS2_PLACEMENT_3D('',#3949,#3144,#3145);
#2613=AXIS2_PLACEMENT_3D('',#3953,#3147,#3148);
#2614=AXIS2_PLACEMENT_3D('',#3954,#3149,#3150);
#2615=AXIS2_PLACEMENT_3D('',#3960,#3154,#3155);
#2616=AXIS2_PLACEMENT_3D('',#3961,#3156,#3157);
#2617=AXIS2_PLACEMENT_3D('',#3973,#3158,#3159);
#2618=AXIS2_PLACEMENT_3D('',#3974,#3160,#3161);
#2619=AXIS2_PLACEMENT_3D('',#3988,#3164,#3165);
#2620=AXIS2_PLACEMENT_3D('',#3994,#3169,#3170);
#2621=AXIS2_PLACEMENT_3D('',#3995,#3171,#3172);
#2622=AXIS2_PLACEMENT_3D('',#4007,#3173,#3174);
#2623=AXIS2_PLACEMENT_3D('',#4008,#3175,#3176);
#2624=AXIS2_PLACEMENT_3D('',#4022,#3179,#3180);
#2625=AXIS2_PLACEMENT_3D('',#4023,#3181,#3182);
#2626=AXIS2_PLACEMENT_3D('',#4027,#3184,#3185);
#2627=AXIS2_PLACEMENT_3D('',#4028,#3186,#3187);
#2628=AXIS2_PLACEMENT_3D('',#4031,#3190,#3191);
#2629=AXIS2_PLACEMENT_3D('',#4037,#3195,#3196);
#2630=AXIS2_PLACEMENT_3D('',#4051,#3199,#3200);
#2631=AXIS2_PLACEMENT_3D('',#4065,#3203,#3204);
#2632=AXIS2_PLACEMENT_3D('',#4066,#3205,#3206);
#2633=AXIS2_PLACEMENT_3D('',#4070,#3208,#3209);
#2634=AXIS2_PLACEMENT_3D('',#4071,#3210,#3211);
#2635=AXIS2_PLACEMENT_3D('',#4077,#3215,#3216);
#2636=AXIS2_PLACEMENT_3D('',#4091,#3219,#3220);
#2637=AXIS2_PLACEMENT_3D('',#4092,#3221,#3222);
#2638=AXIS2_PLACEMENT_3D('',#4096,#3224,#3225);
#2639=AXIS2_PLACEMENT_3D('',#4097,#3226,#3227);
#2640=AXIS2_PLACEMENT_3D('',#4103,#3231,#3232);
#2641=AXIS2_PLACEMENT_3D('',#4104,#3233,#3234);
#2642=AXIS2_PLACEMENT_3D('',#4116,#3235,#3236);
#2643=AXIS2_PLACEMENT_3D('',#4117,#3237,#3238);
#2644=AXIS2_PLACEMENT_3D('',#4131,#3241,#3242);
#2645=AXIS2_PLACEMENT_3D('',#4137,#3246,#3247);
#2646=AXIS2_PLACEMENT_3D('',#4140,#3250,#3251);
#2647=AXIS2_PLACEMENT_3D('',#4146,#3255,#3256);
#2648=AXIS2_PLACEMENT_3D('',#4149,#3259,#3260);
#2649=AXIS2_PLACEMENT_3D('',#4155,#3264,#3265);
#2650=AXIS2_PLACEMENT_3D('',#4158,#3268,#3269);
#2651=AXIS2_PLACEMENT_3D('',#4159,#3270,#3271);
#2652=AXIS2_PLACEMENT_3D('',#4160,#3272,#3273);
#2653=AXIS2_PLACEMENT_3D('',#4161,#3274,#3275);
#2654=AXIS2_PLACEMENT_3D('',#4162,#3276,#3277);
#2655=DIRECTION('',(0.,0.,1.));
#2656=DIRECTION('',(1.,0.,0.));
#2657=DIRECTION('',(0.,0.,-1.));
#2658=DIRECTION('',(1.,0.,0.));
#2659=DIRECTION('',(0.,0.,1.));
#2660=DIRECTION('',(1.,0.,0.));
#2661=DIRECTION('',(0.,0.,-1.));
#2662=DIRECTION('',(0.,0.,1.));
#2663=DIRECTION('',(1.,0.,0.));
#2664=DIRECTION('',(0.,0.,-1.));
#2665=DIRECTION('',(0.,1.,0.));
#2666=DIRECTION('',(0.,0.,1.));
#2667=DIRECTION('',(-1.,0.,0.));
#2668=DIRECTION('',(-1.,0.,0.));
#2669=DIRECTION('',(0.,0.,-1.));
#2670=DIRECTION('',(0.,0.,-1.));
#2671=DIRECTION('',(1.,0.,0.));
#2672=DIRECTION('',(0.,0.,1.));
#2673=DIRECTION('',(1.,0.,0.));
#2674=DIRECTION('',(0.,0.,1.));
#2675=DIRECTION('',(1.,0.,0.));
#2676=DIRECTION('',(0.,0.,-1.));
#2677=DIRECTION('',(0.,0.,-1.));
#2678=DIRECTION('',(1.,0.,0.));
#2679=DIRECTION('',(0.,0.,-1.));
#2680=DIRECTION('',(-1.110223024625E-16,-1.,0.));
#2681=DIRECTION('',(0.,0.,-1.));
#2682=DIRECTION('',(-1.110223024625E-16,-1.,0.));
#2683=DIRECTION('',(0.,1.,0.));
#2684=DIRECTION('',(0.,0.,1.));
#2685=DIRECTION('',(-1.,0.,0.));
#2686=DIRECTION('',(-1.,0.,0.));
#2687=DIRECTION('',(0.,0.,-1.));
#2688=DIRECTION('',(1.,0.,0.));
#2689=DIRECTION('',(0.,0.,-1.));
#2690=DIRECTION('',(1.110223024625E-16,1.,0.));
#2691=DIRECTION('',(0.,0.,-1.));
#2692=DIRECTION('',(1.110223024625E-16,1.,0.));
#2693=DIRECTION('',(0.,0.,-1.));
#2694=DIRECTION('',(1.,0.,0.));
#2695=DIRECTION('',(0.,0.,-1.));
#2696=DIRECTION('',(-1.,1.110223024625E-16,0.));
#2697=DIRECTION('',(0.,0.,-1.));
#2698=DIRECTION('',(-1.,1.110223024625E-16,0.));
#2699=DIRECTION('',(0.,0.,-1.));
#2700=DIRECTION('',(1.,7.895030694101E-15,0.));
#2701=DIRECTION('',(7.895030694101E-15,-1.,0.));
#2702=DIRECTION('',(-7.895030694101E-15,1.,0.));
#2703=DIRECTION('',(-7.895030694101E-15,1.,0.));
#2704=DIRECTION('',(0.,0.,-1.));
#2705=DIRECTION('',(0.,0.,-1.));
#2706=DIRECTION('',(1.,0.,0.));
#2707=DIRECTION('',(0.,0.,-1.));
#2708=DIRECTION('',(1.,-1.110223024625E-16,0.));
#2709=DIRECTION('',(0.,0.,-1.));
#2710=DIRECTION('',(1.,-1.110223024625E-16,0.));
#2711=DIRECTION('',(0.,0.,-1.));
#2712=DIRECTION('',(1.,0.,0.));
#2713=DIRECTION('',(0.,0.,-1.));
#2714=DIRECTION('',(-1.,1.110223024625E-16,0.));
#2715=DIRECTION('',(0.,0.,-1.));
#2716=DIRECTION('',(-1.,1.110223024625E-16,0.));
#2717=DIRECTION('',(1.,0.,0.));
#2718=DIRECTION('',(0.,0.,1.));
#2719=DIRECTION('',(0.,1.,0.));
#2720=DIRECTION('',(0.,1.,0.));
#2721=DIRECTION('',(0.,0.,-1.));
#2722=DIRECTION('',(1.,0.,0.));
#2723=DIRECTION('',(0.,0.,-1.));
#2724=DIRECTION('',(1.,-1.110223024625E-16,0.));
#2725=DIRECTION('',(0.,0.,-1.));
#2726=DIRECTION('',(1.,-1.110223024625E-16,0.));
#2727=DIRECTION('',(0.,0.,-1.));
#2728=DIRECTION('',(1.,0.,0.));
#2729=DIRECTION('',(0.,0.,-1.));
#2730=DIRECTION('',(-1.,1.110223024625E-16,0.));
#2731=DIRECTION('',(0.,0.,-1.));
#2732=DIRECTION('',(-1.,1.110223024625E-16,0.));
#2733=DIRECTION('',(1.,0.,0.));
#2734=DIRECTION('',(0.,0.,1.));
#2735=DIRECTION('',(0.,1.,0.));
#2736=DIRECTION('',(0.,1.,0.));
#2737=DIRECTION('',(0.,0.,-1.));
#2738=DIRECTION('',(1.,0.,0.));
#2739=DIRECTION('',(0.,0.,-1.));
#2740=DIRECTION('',(1.,-1.110223024625E-16,0.));
#2741=DIRECTION('',(0.,0.,-1.));
#2742=DIRECTION('',(1.,-1.110223024625E-16,0.));
#2743=DIRECTION('',(0.,0.,-1.));
#2744=DIRECTION('',(1.,0.,0.));
#2745=DIRECTION('',(0.,0.,-1.));
#2746=DIRECTION('',(-1.110223024625E-16,-1.,0.));
#2747=DIRECTION('',(0.,0.,-1.));
#2748=DIRECTION('',(-1.110223024625E-16,-1.,0.));
#2749=DIRECTION('',(0.,1.,0.));
#2750=DIRECTION('',(0.,0.,1.));
#2751=DIRECTION('',(-1.,0.,0.));
#2752=DIRECTION('',(-1.,0.,0.));
#2753=DIRECTION('',(0.,0.,-1.));
#2754=DIRECTION('',(1.,0.,0.));
#2755=DIRECTION('',(0.,0.,-1.));
#2756=DIRECTION('',(1.110223024625E-16,1.,0.));
#2757=DIRECTION('',(0.,0.,-1.));
#2758=DIRECTION('',(1.110223024625E-16,1.,0.));
#2759=DIRECTION('',(0.,0.,-1.));
#2760=DIRECTION('',(1.,0.,0.));
#2761=DIRECTION('',(0.,0.,-1.));
#2762=DIRECTION('',(-1.110223024625E-16,-1.,0.));
#2763=DIRECTION('',(0.,0.,-1.));
#2764=DIRECTION('',(-1.110223024625E-16,-1.,0.));
#2765=DIRECTION('',(0.,1.,0.));
#2766=DIRECTION('',(0.,0.,1.));
#2767=DIRECTION('',(-1.,0.,0.));
#2768=DIRECTION('',(-1.,0.,0.));
#2769=DIRECTION('',(0.,0.,-1.));
#2770=DIRECTION('',(1.,0.,0.));
#2771=DIRECTION('',(0.,0.,-1.));
#2772=DIRECTION('',(1.110223024625E-16,1.,0.));
#2773=DIRECTION('',(0.,0.,-1.));
#2774=DIRECTION('',(1.110223024625E-16,1.,0.));
#2775=DIRECTION('',(0.,0.,-1.));
#2776=DIRECTION('',(1.,0.,0.));
#2777=DIRECTION('',(0.,0.,1.));
#2778=DIRECTION('',(1.,0.,0.));
#2779=DIRECTION('',(0.,0.,-1.));
#2780=DIRECTION('',(0.,0.,1.));
#2781=DIRECTION('',(1.,0.,0.));
#2782=DIRECTION('',(0.,0.,-1.));
#2783=DIRECTION('',(1.,0.,0.));
#2784=DIRECTION('',(0.,0.,1.));
#2785=DIRECTION('',(0.,1.,0.));
#2786=DIRECTION('',(0.,1.,0.));
#2787=DIRECTION('',(0.,0.,-1.));
#2788=DIRECTION('',(0.,0.,-1.));
#2789=DIRECTION('',(1.,0.,0.));
#2790=DIRECTION('',(0.,0.,1.));
#2791=DIRECTION('',(1.,0.,0.));
#2792=DIRECTION('',(0.,0.,1.));
#2793=DIRECTION('',(1.,0.,0.));
#2794=DIRECTION('',(0.,0.,-1.));
#2795=DIRECTION('',(0.,0.,-1.));
#2796=DIRECTION('',(1.,0.,0.));
#2797=DIRECTION('',(0.,0.,1.));
#2798=DIRECTION('',(1.,0.,0.));
#2799=DIRECTION('',(0.,0.,-1.));
#2800=DIRECTION('',(0.,0.,1.));
#2801=DIRECTION('',(1.,0.,0.));
#2802=DIRECTION('',(0.,0.,-1.));
#2803=DIRECTION('',(1.,0.,0.));
#2804=DIRECTION('',(0.,0.,1.));
#2805=DIRECTION('',(0.,1.,0.));
#2806=DIRECTION('',(0.,1.,0.));
#2807=DIRECTION('',(0.,0.,-1.));
#2808=DIRECTION('',(0.,0.,-1.));
#2809=DIRECTION('',(1.,0.,0.));
#2810=DIRECTION('',(0.,0.,1.));
#2811=DIRECTION('',(1.,0.,0.));
#2812=DIRECTION('',(0.,0.,1.));
#2813=DIRECTION('',(1.,0.,0.));
#2814=DIRECTION('',(0.,0.,-1.));
#2815=DIRECTION('',(0.,0.,-1.));
#2816=DIRECTION('',(1.,0.,0.));
#2817=DIRECTION('',(0.,0.,-1.));
#2818=DIRECTION('',(-1.,1.110223024625E-16,0.));
#2819=DIRECTION('',(0.,0.,-1.));
#2820=DIRECTION('',(-1.,1.110223024625E-16,0.));
#2821=DIRECTION('',(0.,0.,-1.));
#2822=DIRECTION('',(1.,7.895030694101E-15,0.));
#2823=DIRECTION('',(7.895030694101E-15,-1.,0.));
#2824=DIRECTION('',(-7.895030694101E-15,1.,0.));
#2825=DIRECTION('',(-7.895030694101E-15,1.,0.));
#2826=DIRECTION('',(0.,0.,-1.));
#2827=DIRECTION('',(0.,0.,-1.));
#2828=DIRECTION('',(1.,0.,0.));
#2829=DIRECTION('',(0.,0.,-1.));
#2830=DIRECTION('',(1.,-1.110223024625E-16,0.));
#2831=DIRECTION('',(0.,0.,-1.));
#2832=DIRECTION('',(1.,-1.110223024625E-16,0.));
#2833=DIRECTION('',(0.,0.,-1.));
#2834=DIRECTION('',(1.,0.,0.));
#2835=DIRECTION('',(0.,0.,-1.));
#2836=DIRECTION('',(-1.110223024625E-16,-1.,0.));
#2837=DIRECTION('',(0.,0.,-1.));
#2838=DIRECTION('',(-1.110223024625E-16,-1.,0.));
#2839=DIRECTION('',(0.,1.,0.));
#2840=DIRECTION('',(0.,0.,1.));
#2841=DIRECTION('',(-1.,0.,0.));
#2842=DIRECTION('',(-1.,0.,0.));
#2843=DIRECTION('',(0.,0.,-1.));
#2844=DIRECTION('',(1.,0.,0.));
#2845=DIRECTION('',(0.,0.,-1.));
#2846=DIRECTION('',(1.110223024625E-16,1.,0.));
#2847=DIRECTION('',(0.,0.,-1.));
#2848=DIRECTION('',(1.110223024625E-16,1.,0.));
#2849=DIRECTION('',(0.,0.,-1.));
#2850=DIRECTION('',(1.,0.,0.));
#2851=DIRECTION('',(0.,0.,1.));
#2852=DIRECTION('',(1.,0.,0.));
#2853=DIRECTION('',(0.,0.,-1.));
#2854=DIRECTION('',(0.,0.,1.));
#2855=DIRECTION('',(1.,0.,0.));
#2856=DIRECTION('',(0.,0.,-1.));
#2857=DIRECTION('',(0.,1.,0.));
#2858=DIRECTION('',(0.,0.,1.));
#2859=DIRECTION('',(-1.,0.,0.));
#2860=DIRECTION('',(-1.,0.,0.));
#2861=DIRECTION('',(0.,0.,-1.));
#2862=DIRECTION('',(0.,0.,-1.));
#2863=DIRECTION('',(1.,0.,0.));
#2864=DIRECTION('',(0.,0.,1.));
#2865=DIRECTION('',(1.,0.,0.));
#2866=DIRECTION('',(0.,0.,1.));
#2867=DIRECTION('',(1.,0.,0.));
#2868=DIRECTION('',(0.,0.,-1.));
#2869=DIRECTION('',(0.635896660408087,0.771774213926484,0.));
#2870=DIRECTION('',(0.771774213926484,-0.635896660408087,0.));
#2871=DIRECTION('',(-0.771774213926484,0.635896660408087,0.));
#2872=DIRECTION('',(0.,0.,-1.));
#2873=DIRECTION('',(-0.771774213926484,0.635896660408087,0.));
#2874=DIRECTION('',(0.,0.,-1.));
#2875=DIRECTION('',(0.707106782497048,0.707106779876048,0.));
#2876=DIRECTION('',(0.707106779876048,-0.707106782497048,0.));
#2877=DIRECTION('',(-0.707106779876048,0.707106782497048,0.));
#2878=DIRECTION('',(-0.707106779876048,0.707106782497048,0.));
#2879=DIRECTION('',(0.,0.,-1.));
#2880=DIRECTION('',(0.999999714663089,0.000755429506953757,0.));
#2881=DIRECTION('',(0.000755429506953757,-0.999999714663089,0.));
#2882=DIRECTION('',(-0.000755429506953757,0.999999714663089,0.));
#2883=DIRECTION('',(-0.000755429506953757,0.999999714663089,0.));
#2884=DIRECTION('',(0.,0.,-1.));
#2885=DIRECTION('',(1.,0.,0.));
#2886=DIRECTION('',(0.,0.,-1.));
#2887=DIRECTION('',(-0.707098595483668,-0.707114966794668,0.));
#2888=DIRECTION('',(0.,0.,-1.));
#2889=DIRECTION('',(-0.707098595483668,-0.707114966794668,0.));
#2890=DIRECTION('',(0.,0.,-1.));
#2891=DIRECTION('',(0.707106781186548,0.707106781186548,0.));
#2892=DIRECTION('',(0.707106781186548,-0.707106781186548,0.));
#2893=DIRECTION('',(-0.707106781186548,0.707106781186548,0.));
#2894=DIRECTION('',(-0.707106781186548,0.707106781186548,0.));
#2895=DIRECTION('',(0.,0.,-1.));
#2896=DIRECTION('',(0.,0.,-1.));
#2897=DIRECTION('',(1.,0.,0.));
#2898=DIRECTION('',(0.,0.,1.));
#2899=DIRECTION('',(0.999999999932995,1.15762651507999E-5,0.));
#2900=DIRECTION('',(0.,0.,1.));
#2901=DIRECTION('',(0.999999999932995,1.15762651507999E-5,0.));
#2902=DIRECTION('',(1.,0.,0.));
#2903=DIRECTION('',(0.,0.,1.));
#2904=DIRECTION('',(0.,1.,0.));
#2905=DIRECTION('',(0.,1.,0.));
#2906=DIRECTION('',(0.,0.,-1.));
#2907=DIRECTION('',(1.,0.,0.));
#2908=DIRECTION('',(0.,0.,1.));
#2909=DIRECTION('',(0.707098595483668,-0.707114966794668,0.));
#2910=DIRECTION('',(0.,0.,1.));
#2911=DIRECTION('',(0.707098595483668,-0.707114966794668,0.));
#2912=DIRECTION('',(0.,0.,-1.));
#2913=DIRECTION('',(0.707106781186548,-0.707106781186548,0.));
#2914=DIRECTION('',(-0.707106781186548,-0.707106781186548,0.));
#2915=DIRECTION('',(0.707106781186548,0.707106781186548,0.));
#2916=DIRECTION('',(0.707106781186548,0.707106781186548,0.));
#2917=DIRECTION('',(0.,0.,-1.));
#2918=DIRECTION('',(0.,0.,-1.));
#2919=DIRECTION('',(1.,0.,0.));
#2920=DIRECTION('',(0.,0.,-1.));
#2921=DIRECTION('',(-0.999999999932995,1.15762647495799E-5,0.));
#2922=DIRECTION('',(0.,0.,-1.));
#2923=DIRECTION('',(-0.999999999932995,1.15762647495799E-5,0.));
#2924=DIRECTION('',(0.,0.,-1.));
#2925=DIRECTION('',(0.999999099282275,-0.00134217533811075,0.));
#2926=DIRECTION('',(-0.00134217533811075,-0.999999099282275,0.));
#2927=DIRECTION('',(0.00134217533811075,0.999999099282275,0.));
#2928=DIRECTION('',(0.00134217533811075,0.999999099282275,0.));
#2929=DIRECTION('',(0.567216799977592,-0.823568516775125,0.));
#2930=DIRECTION('',(-0.823568516775126,-0.567216799977592,0.));
#2931=DIRECTION('',(0.823568516775125,0.567216799977592,0.));
#2932=DIRECTION('',(0.823568516775125,0.567216799977592,0.));
#2933=DIRECTION('',(0.,0.,-1.));
#2934=DIRECTION('',(-1.097123523661E-12,-1.,0.));
#2935=DIRECTION('',(-1.,1.097123523661E-12,0.));
#2936=DIRECTION('',(1.,-1.097123523661E-12,0.));
#2937=DIRECTION('',(1.,-1.097123523661E-12,0.));
#2938=DIRECTION('',(0.,0.,-1.));
#2939=DIRECTION('',(0.,0.,-1.));
#2940=DIRECTION('',(1.,0.,0.));
#2941=DIRECTION('',(0.,0.,-1.));
#2942=DIRECTION('',(-0.745234409074888,0.666802576127899,0.));
#2943=DIRECTION('',(0.,0.,-1.));
#2944=DIRECTION('',(-0.745234409074888,0.666802576127899,0.));
#2945=DIRECTION('',(0.742989914659483,-0.669302612212365,0.));
#2946=DIRECTION('',(-0.669302612212365,-0.742989914659483,0.));
#2947=DIRECTION('',(0.669302612212365,0.742989914659483,0.));
#2948=DIRECTION('',(0.669302612212365,0.742989914659483,0.));
#2949=DIRECTION('',(0.,0.,-1.));
#2950=DIRECTION('',(-0.000431074747129304,-0.999999907087277,0.));
#2951=DIRECTION('',(-0.999999907087277,0.000431074747129304,0.));
#2952=DIRECTION('',(0.999999907087277,-0.000431074747129304,0.));
#2953=DIRECTION('',(0.999999907087277,-0.000431074747129304,0.));
#2954=DIRECTION('',(-0.568228860766359,-0.822870561991475,0.));
#2955=DIRECTION('',(-0.822870561991475,0.568228860766359,0.));
#2956=DIRECTION('',(0.822870561991475,-0.568228860766359,0.));
#2957=DIRECTION('',(0.822870561991475,-0.568228860766359,0.));
#2958=DIRECTION('',(0.,0.,-1.));
#2959=DIRECTION('',(-1.,4.316169373565E-15,0.));
#2960=DIRECTION('',(4.316169373565E-15,1.,0.));
#2961=DIRECTION('',(-4.316169373565E-15,-1.,0.));
#2962=DIRECTION('',(-4.316169373565E-15,-1.,0.));
#2963=DIRECTION('',(0.,0.,-1.));
#2964=DIRECTION('',(-0.513145018127278,0.858301922618816,0.));
#2965=DIRECTION('',(0.858301922618816,0.513145018127278,0.));
#2966=DIRECTION('',(-0.858301922618816,-0.513145018127278,0.));
#2967=DIRECTION('',(-0.858301922618816,-0.513145018127278,0.));
#2968=DIRECTION('',(0.,0.,-1.));
#2969=DIRECTION('',(1.,0.,0.));
#2970=DIRECTION('',(0.,0.,1.));
#2971=DIRECTION('',(5.18803236625012E-5,0.999999998654216,0.));
#2972=DIRECTION('',(0.,0.,1.));
#2973=DIRECTION('',(5.18803236625012E-5,0.999999998654216,0.));
#2974=DIRECTION('',(0.,0.,-1.));
#2975=DIRECTION('',(0.,0.,-1.));
#2976=DIRECTION('',(1.,0.,0.));
#2977=DIRECTION('',(0.,0.,-1.));
#2978=DIRECTION('',(-1.,1.110223024625E-16,0.));
#2979=DIRECTION('',(0.,0.,-1.));
#2980=DIRECTION('',(-1.,1.110223024625E-16,0.));
#2981=DIRECTION('',(0.,0.,-1.));
#2982=DIRECTION('',(1.,0.,0.));
#2983=DIRECTION('',(0.,0.,-1.));
#2984=DIRECTION('',(-1.,1.110223024625E-16,0.));
#2985=DIRECTION('',(0.,0.,-1.));
#2986=DIRECTION('',(-1.,1.110223024625E-16,0.));
#2987=DIRECTION('',(0.,-1.,0.));
#2988=DIRECTION('',(0.,0.,-1.));
#2989=DIRECTION('',(1.,0.,0.));
#2990=DIRECTION('',(1.,0.,0.));
#2991=DIRECTION('',(-1.,0.,0.));
#2992=DIRECTION('',(0.,0.,-1.));
#2993=DIRECTION('',(0.,-1.,0.));
#2994=DIRECTION('',(0.,-1.,0.));
#2995=DIRECTION('',(-1.,0.,0.));
#2996=DIRECTION('',(0.,0.,-1.));
#2997=DIRECTION('',(0.,-1.,0.));
#2998=DIRECTION('',(0.,-1.,0.));
#2999=DIRECTION('',(0.,0.,-1.));
#3000=DIRECTION('',(1.,0.,0.));
#3001=DIRECTION('',(0.,0.,-1.));
#3002=DIRECTION('',(-1.,1.110223024625E-16,0.));
#3003=DIRECTION('',(0.,0.,-1.));
#3004=DIRECTION('',(-1.,1.110223024625E-16,0.));
#3005=DIRECTION('',(0.,0.,-1.));
#3006=DIRECTION('',(1.,0.,0.));
#3007=DIRECTION('',(0.,0.,-1.));
#3008=DIRECTION('',(-1.,1.110223024625E-16,0.));
#3009=DIRECTION('',(0.,0.,-1.));
#3010=DIRECTION('',(-1.,1.110223024625E-16,0.));
#3011=DIRECTION('',(-1.,0.,0.));
#3012=DIRECTION('',(0.,0.,-1.));
#3013=DIRECTION('',(0.,-1.,0.));
#3014=DIRECTION('',(0.,-1.,0.));
#3015=DIRECTION('',(0.,-1.,0.));
#3016=DIRECTION('',(0.,0.,-1.));
#3017=DIRECTION('',(1.,0.,0.));
#3018=DIRECTION('',(1.,0.,0.));
#3019=DIRECTION('',(0.,-1.,0.));
#3020=DIRECTION('',(0.,0.,-1.));
#3021=DIRECTION('',(1.,0.,0.));
#3022=DIRECTION('',(1.,0.,0.));
#3023=DIRECTION('',(-1.,0.,0.));
#3024=DIRECTION('',(0.,0.,-1.));
#3025=DIRECTION('',(0.,-1.,0.));
#3026=DIRECTION('',(0.,-1.,0.));
#3027=DIRECTION('',(-1.,0.,0.));
#3028=DIRECTION('',(0.,0.,-1.));
#3029=DIRECTION('',(0.,-1.,0.));
#3030=DIRECTION('',(0.,-1.,0.));
#3031=DIRECTION('',(-1.,0.,0.));
#3032=DIRECTION('',(0.,0.,-1.));
#3033=DIRECTION('',(0.,-1.,0.));
#3034=DIRECTION('',(0.,-1.,0.));
#3035=DIRECTION('',(0.,-1.,0.));
#3036=DIRECTION('',(0.,0.,-1.));
#3037=DIRECTION('',(1.,0.,0.));
#3038=DIRECTION('',(1.,0.,0.));
#3039=DIRECTION('',(0.,-1.,0.));
#3040=DIRECTION('',(0.,0.,-1.));
#3041=DIRECTION('',(1.,0.,0.));
#3042=DIRECTION('',(1.,0.,0.));
#3043=DIRECTION('',(1.823804042326E-13,1.,0.));
#3044=DIRECTION('',(1.,-1.823804042326E-13,0.));
#3045=DIRECTION('',(-1.,1.823804042326E-13,0.));
#3046=DIRECTION('',(-1.,1.823804042326E-13,0.));
#3047=DIRECTION('',(0.,-1.,0.));
#3048=DIRECTION('',(0.,0.,-1.));
#3049=DIRECTION('',(1.,0.,0.));
#3050=DIRECTION('',(1.,0.,0.));
#3051=DIRECTION('',(0.,0.,1.));
#3052=DIRECTION('',(-1.,0.,0.));
#3053=DIRECTION('',(0.,0.,1.));
#3054=DIRECTION('',(-1.,0.,0.));
#3055=DIRECTION('',(0.,0.,1.));
#3056=DIRECTION('',(1.,0.,0.));
#3057=DIRECTION('',(0.708696234218361,-0.705513747282585,0.));
#3058=DIRECTION('',(-0.705513747282585,-0.708696234218361,0.));
#3059=DIRECTION('',(0.705513747282585,0.708696234218361,0.));
#3060=DIRECTION('',(0.,0.,-1.));
#3061=DIRECTION('',(0.705513747282585,0.708696234218361,0.));
#3062=DIRECTION('',(0.,0.,-1.));
#3063=DIRECTION('',(0.0232495550383246,-0.999729692562205,0.));
#3064=DIRECTION('',(-0.999729692562205,-0.0232495550383246,0.));
#3065=DIRECTION('',(0.999729692562205,0.0232495550383246,0.));
#3066=DIRECTION('',(0.,0.,-1.));
#3067=DIRECTION('',(0.999729692562205,0.0232495550383246,0.));
#3068=DIRECTION('',(0.,0.,-1.));
#3069=DIRECTION('',(-0.602092163265369,-0.798426594581135,0.));
#3070=DIRECTION('',(-0.798426594581135,0.602092163265369,0.));
#3071=DIRECTION('',(0.798426594581135,-0.602092163265369,0.));
#3072=DIRECTION('',(0.,0.,-1.));
#3073=DIRECTION('',(0.798426594581135,-0.602092163265369,0.));
#3074=DIRECTION('',(-1.,0.,0.));
#3075=DIRECTION('',(0.,0.,-1.));
#3076=DIRECTION('',(0.,-1.,0.));
#3077=DIRECTION('',(0.,0.,-1.));
#3078=DIRECTION('',(0.,-1.,0.));
#3079=DIRECTION('',(-0.70270124213661,0.711485041515045,0.));
#3080=DIRECTION('',(0.711485041515045,0.70270124213661,0.));
#3081=DIRECTION('',(-0.711485041515045,-0.70270124213661,0.));
#3082=DIRECTION('',(0.,0.,-1.));
#3083=DIRECTION('',(-0.711485041515045,-0.70270124213661,0.));
#3084=DIRECTION('',(0.,0.,-1.));
#3085=DIRECTION('',(-9.52048284959738E-17,1.,0.));
#3086=DIRECTION('',(1.,9.52048284959738E-17,0.));
#3087=DIRECTION('',(-1.,-9.52048284959738E-17,0.));
#3088=DIRECTION('',(0.,0.,-1.));
#3089=DIRECTION('',(-1.,-9.52048284959738E-17,0.));
#3090=DIRECTION('',(0.575052758420493,0.81811632732331,0.));
#3091=DIRECTION('',(0.818116327323311,-0.575052758420493,0.));
#3092=DIRECTION('',(-0.818116327323311,0.575052758420493,0.));
#3093=DIRECTION('',(0.,0.,-1.));
#3094=DIRECTION('',(-0.818116327323311,0.575052758420493,0.));
#3095=DIRECTION('',(1.,0.,0.));
#3096=DIRECTION('',(0.,0.,1.));
#3097=DIRECTION('',(0.,1.,0.));
#3098=DIRECTION('',(0.,0.,-1.));
#3099=DIRECTION('',(0.,1.,0.));
#3100=DIRECTION('',(0.,0.,-1.));
#3101=DIRECTION('',(0.522311724733519,-0.852754631887682,0.));
#3102=DIRECTION('',(-0.852754631887682,-0.522311724733519,0.));
#3103=DIRECTION('',(0.852754631887682,0.522311724733519,0.));
#3104=DIRECTION('',(0.852754631887682,0.522311724733519,0.));
#3105=DIRECTION('',(0.,0.,-1.));
#3106=DIRECTION('',(-1.,4.316169373565E-15,0.));
#3107=DIRECTION('',(4.316169373565E-15,1.,0.));
#3108=DIRECTION('',(-4.316169373565E-15,-1.,0.));
#3109=DIRECTION('',(0.,0.,-1.));
#3110=DIRECTION('',(-4.316169373565E-15,-1.,0.));
#3111=DIRECTION('',(0.,0.,-1.));
#3112=DIRECTION('',(0.,1.,0.));
#3113=DIRECTION('',(0.,0.,1.));
#3114=DIRECTION('',(-1.,0.,0.));
#3115=DIRECTION('',(0.,0.,-1.));
#3116=DIRECTION('',(-1.,0.,0.));
#3117=DIRECTION('',(-1.,0.,0.));
#3118=DIRECTION('',(0.,0.,-1.));
#3119=DIRECTION('',(0.,-1.,0.));
#3120=DIRECTION('',(0.,0.,-1.));
#3121=DIRECTION('',(0.,-1.,0.));
#3122=DIRECTION('',(0.,-1.,0.));
#3123=DIRECTION('',(0.,0.,-1.));
#3124=DIRECTION('',(1.,0.,0.));
#3125=DIRECTION('',(0.,0.,-1.));
#3126=DIRECTION('',(1.,0.,0.));
#3127=DIRECTION('',(-1.,4.316169373565E-15,0.));
#3128=DIRECTION('',(4.316169373565E-15,1.,0.));
#3129=DIRECTION('',(-4.316169373565E-15,-1.,0.));
#3130=DIRECTION('',(0.,0.,-1.));
#3131=DIRECTION('',(-4.316169373565E-15,-1.,0.));
#3132=DIRECTION('',(0.,0.,-1.));
#3133=DIRECTION('',(1.,0.,0.));
#3134=DIRECTION('',(0.,0.,1.));
#3135=DIRECTION('',(-0.999999999991077,-4.22455661838133E-6,0.));
#3136=DIRECTION('',(0.,0.,1.));
#3137=DIRECTION('',(-0.999999999991077,-4.22455661838133E-6,0.));
#3138=DIRECTION('',(-0.567755888146888,-0.823196970034838,0.));
#3139=DIRECTION('',(-0.823196970034838,0.567755888146888,0.));
#3140=DIRECTION('',(0.823196970034838,-0.567755888146888,0.));
#3141=DIRECTION('',(0.823196970034838,-0.567755888146888,0.));
#3142=DIRECTION('',(0.,0.,-1.));
#3143=DIRECTION('',(1.,0.,0.));
#3144=DIRECTION('',(0.,0.,1.));
#3145=DIRECTION('',(-0.567754416059882,-0.823197985325829,0.));
#3146=DIRECTION('',(0.,0.,-1.));
#3147=DIRECTION('',(0.,0.,1.));
#3148=DIRECTION('',(-0.567754416059882,-0.823197985325829,0.));
#3149=DIRECTION('',(-3.760842701547E-14,-1.,0.));
#3150=DIRECTION('',(-1.,3.760842701547E-14,0.));
#3151=DIRECTION('',(1.,-3.760842701547E-14,0.));
#3152=DIRECTION('',(0.,0.,-1.));
#3153=DIRECTION('',(1.,-3.760842701547E-14,0.));
#3154=DIRECTION('',(0.,0.,-1.));
#3155=DIRECTION('',(1.,0.,0.));
#3156=DIRECTION('',(0.,0.,1.));
#3157=DIRECTION('',(-9.82893396446902E-6,-0.999999999951696,0.));
#3158=DIRECTION('',(0.,0.,1.));
#3159=DIRECTION('',(-9.82893396446902E-6,-0.999999999951696,0.));
#3160=DIRECTION('',(0.745241615633775,-0.666794521818799,0.));
#3161=DIRECTION('',(-0.666794521818799,-0.745241615633775,0.));
#3162=DIRECTION('',(0.666794521818799,0.745241615633775,0.));
#3163=DIRECTION('',(0.666794521818799,0.745241615633775,0.));
#3164=DIRECTION('',(0.00136793355032572,-0.999999064378463,0.));
#3165=DIRECTION('',(-0.999999064378463,-0.00136793355032572,0.));
#3166=DIRECTION('',(0.999999064378463,0.00136793355032572,0.));
#3167=DIRECTION('',(0.,0.,-1.));
#3168=DIRECTION('',(0.999999064378463,0.00136793355032572,0.));
#3169=DIRECTION('',(0.,0.,-1.));
#3170=DIRECTION('',(1.,0.,0.));
#3171=DIRECTION('',(0.,0.,1.));
#3172=DIRECTION('',(-5.25434689748886E-5,-0.999999998619592,0.));
#3173=DIRECTION('',(0.,0.,1.));
#3174=DIRECTION('',(-5.25434689748886E-5,-0.999999998619592,0.));
#3175=DIRECTION('',(0.567515507701827,-0.823362707752748,0.));
#3176=DIRECTION('',(-0.823362707752748,-0.567515507701827,0.));
#3177=DIRECTION('',(0.823362707752749,0.567515507701827,0.));
#3178=DIRECTION('',(0.823362707752749,0.567515507701827,0.));
#3179=DIRECTION('',(0.,0.,-1.));
#3180=DIRECTION('',(1.,0.,0.));
#3181=DIRECTION('',(0.,0.,1.));
#3182=DIRECTION('',(0.56749844046401,-0.823374471350015,0.));
#3183=DIRECTION('',(0.,0.,-1.));
#3184=DIRECTION('',(0.,0.,1.));
#3185=DIRECTION('',(0.56749844046401,-0.823374471350015,0.));
#3186=DIRECTION('',(1.,1.694268887236E-13,0.));
#3187=DIRECTION('',(1.694268887236E-13,-1.,0.));
#3188=DIRECTION('',(-1.694268887236E-13,1.,0.));
#3189=DIRECTION('',(-1.694268887236E-13,1.,0.));
#3190=DIRECTION('',(0.707104052630661,-0.707109509731905,0.));
#3191=DIRECTION('',(-0.707109509731905,-0.707104052630661,0.));
#3192=DIRECTION('',(0.707109509731905,0.707104052630661,0.));
#3193=DIRECTION('',(0.,0.,-1.));
#3194=DIRECTION('',(0.707109509731905,0.707104052630661,0.));
#3195=DIRECTION('',(0.467700816424423,0.883886840221037,0.));
#3196=DIRECTION('',(0.883886840221037,-0.467700816424423,0.));
#3197=DIRECTION('',(-0.883886840221037,0.467700816424423,0.));
#3198=DIRECTION('',(-0.883886840221037,0.467700816424423,0.));
#3199=DIRECTION('',(1.,0.,0.));
#3200=DIRECTION('',(0.,0.,1.));
#3201=DIRECTION('',(0.,1.,0.));
#3202=DIRECTION('',(0.,1.,0.));
#3203=DIRECTION('',(0.,0.,-1.));
#3204=DIRECTION('',(1.,0.,0.));
#3205=DIRECTION('',(0.,0.,1.));
#3206=DIRECTION('',(0.999999999932995,1.15762654543099E-5,0.));
#3207=DIRECTION('',(0.,0.,-1.));
#3208=DIRECTION('',(0.,0.,1.));
#3209=DIRECTION('',(0.999999999932995,1.15762654543099E-5,0.));
#3210=DIRECTION('',(0.707106782497048,0.707106779876048,0.));
#3211=DIRECTION('',(0.707106779876048,-0.707106782497048,0.));
#3212=DIRECTION('',(-0.707106779876048,0.707106782497048,0.));
#3213=DIRECTION('',(0.,0.,-1.));
#3214=DIRECTION('',(-0.707106779876048,0.707106782497048,0.));
#3215=DIRECTION('',(0.636901239818979,0.770945400606974,0.));
#3216=DIRECTION('',(0.770945400606974,-0.636901239818979,0.));
#3217=DIRECTION('',(-0.770945400606974,0.636901239818979,0.));
#3218=DIRECTION('',(-0.770945400606974,0.636901239818979,0.));
#3219=DIRECTION('',(0.,0.,-1.));
#3220=DIRECTION('',(1.,0.,0.));
#3221=DIRECTION('',(0.,0.,1.));
#3222=DIRECTION('',(0.636906381860594,0.770941152582509,0.));
#3223=DIRECTION('',(0.,0.,-1.));
#3224=DIRECTION('',(0.,0.,1.));
#3225=DIRECTION('',(0.636906381860594,0.770941152582509,0.));
#3226=DIRECTION('',(1.823804042326E-13,1.,0.));
#3227=DIRECTION('',(1.,-1.823804042326E-13,0.));
#3228=DIRECTION('',(-1.,1.823804042326E-13,0.));
#3229=DIRECTION('',(0.,0.,-1.));
#3230=DIRECTION('',(-1.,1.823804042326E-13,0.));
#3231=DIRECTION('',(0.,0.,-1.));
#3232=DIRECTION('',(1.,0.,0.));
#3233=DIRECTION('',(0.,0.,1.));
#3234=DIRECTION('',(5.18803236625012E-5,0.999999998654216,0.));
#3235=DIRECTION('',(0.,0.,1.));
#3236=DIRECTION('',(5.18803236625012E-5,0.999999998654216,0.));
#3237=DIRECTION('',(-0.512183935213954,0.858875786425923,0.));
#3238=DIRECTION('',(0.858875786425923,0.512183935213954,0.));
#3239=DIRECTION('',(-0.858875786425923,-0.512183935213954,0.));
#3240=DIRECTION('',(-0.858875786425923,-0.512183935213954,0.));
#3241=DIRECTION('',(-0.658504437936394,0.752576843397453,0.));
#3242=DIRECTION('',(0.752576843397453,0.658504437936394,0.));
#3243=DIRECTION('',(-0.752576843397453,-0.658504437936394,0.));
#3244=DIRECTION('',(0.,0.,-1.));
#3245=DIRECTION('',(-0.752576843397453,-0.658504437936394,0.));
#3246=DIRECTION('',(-1.,0.,0.));
#3247=DIRECTION('',(0.,0.,-1.));
#3248=DIRECTION('',(0.,-1.,0.));
#3249=DIRECTION('',(0.,-1.,0.));
#3250=DIRECTION('',(1.,0.,0.));
#3251=DIRECTION('',(0.,0.,1.));
#3252=DIRECTION('',(0.,1.,0.));
#3253=DIRECTION('',(0.,0.,-1.));
#3254=DIRECTION('',(0.,1.,0.));
#3255=DIRECTION('',(0.,1.,0.));
#3256=DIRECTION('',(0.,0.,1.));
#3257=DIRECTION('',(-1.,0.,0.));
#3258=DIRECTION('',(-1.,0.,0.));
#3259=DIRECTION('',(0.00953011703465055,-0.999954587403501,0.));
#3260=DIRECTION('',(-0.999954587403501,-0.00953011703465055,0.));
#3261=DIRECTION('',(0.999954587403501,0.00953011703465055,0.));
#3262=DIRECTION('',(0.,0.,-1.));
#3263=DIRECTION('',(0.999954587403501,0.00953011703465055,0.));
#3264=DIRECTION('',(1.,0.,0.));
#3265=DIRECTION('',(0.,0.,1.));
#3266=DIRECTION('',(0.,1.,0.));
#3267=DIRECTION('',(0.,1.,0.));
#3268=DIRECTION('',(0.,0.,-1.));
#3269=DIRECTION('',(1.,0.,0.));
#3270=DIRECTION('',(0.,0.,1.));
#3271=DIRECTION('',(-0.512184930305128,0.858875193010214,0.));
#3272=DIRECTION('',(0.,0.,1.));
#3273=DIRECTION('',(-0.512184930305128,0.858875193010214,0.));
#3274=DIRECTION('',(0.,0.,1.));
#3275=DIRECTION('',(-1.,0.,0.));
#3276=DIRECTION('',(0.,0.,1.));
#3277=DIRECTION('',(-1.,0.,0.));
#3278=CARTESIAN_POINT('',(0.,0.,0.));
#3279=CARTESIAN_POINT('',(0.101997604443408,-0.102243853068637,0.004140050800102));
#3280=CARTESIAN_POINT('',(0.101997604443408,-0.102243853068637,0.001206350800102));
#3281=CARTESIAN_POINT('',(0.101997604443408,-0.102590353068637,0.001206350800102));
#3282=CARTESIAN_POINT('',(0.101997604443408,-0.101897353068637,0.001206350800102));
#3283=CARTESIAN_POINT('',(0.101997604443408,-0.101897353068637,0.004140050800102));
#3284=CARTESIAN_POINT('',(0.101997604443408,-0.101897353068637,0.004140050800102));
#3285=CARTESIAN_POINT('',(0.101997604443408,-0.102243853068637,0.004140050800102));
#3286=CARTESIAN_POINT('',(0.101997604443408,-0.102590353068637,0.004140050800102));
#3287=CARTESIAN_POINT('',(0.101997604443408,-0.102590353068637,0.004140050800102));
#3288=CARTESIAN_POINT('',(0.146142870258424,-0.102590353068637,0.004140050800102));
#3289=CARTESIAN_POINT('',(0.146142870258424,-0.102590353068637,0.001206350800102));
#3290=CARTESIAN_POINT('',(0.102690604443408,-0.102590353068637,0.001206350800102));
#3291=CARTESIAN_POINT('',(0.146142870258424,-0.102590353068637,0.004140050800102));
#3292=CARTESIAN_POINT('',(0.102690604443408,-0.102590353068637,0.004140050800102));
#3293=CARTESIAN_POINT('',(0.102690604443408,-0.102590353068637,0.004140050800102));
#3294=CARTESIAN_POINT('',(0.102690604443408,-0.102243853068637,0.004140050800102));
#3295=CARTESIAN_POINT('',(0.102690604443408,-0.102243853068637,0.001206350800102));
#3296=CARTESIAN_POINT('',(0.102690604443408,-0.101897353068637,0.001206350800102));
#3297=CARTESIAN_POINT('',(0.102690604443408,-0.102243853068637,0.004140050800102));
#3298=CARTESIAN_POINT('',(0.102690604443408,-0.101897353068637,0.004140050800102));
#3299=CARTESIAN_POINT('',(0.102690604443408,-0.101897353068637,0.004140050800102));
#3300=CARTESIAN_POINT('',(0.106675398448989,-0.102243853068637,0.004140050800102));
#3301=CARTESIAN_POINT('',(0.106675398448989,-0.102243853068637,0.001206350800102));
#3302=CARTESIAN_POINT('',(0.106675398448989,-0.102590353068637,0.001206350800102));
#3303=CARTESIAN_POINT('',(0.106675398448989,-0.101897353068637,0.001206350800102));
#3304=CARTESIAN_POINT('',(0.106675398448989,-0.101897353068637,0.001206350800102));
#3305=CARTESIAN_POINT('',(0.106675398448989,-0.101897353068637,0.002184250800102));
#3306=CARTESIAN_POINT('',(0.106675398448989,-0.101897353068637,0.003162150800102));
#3307=CARTESIAN_POINT('',(0.106675398448989,-0.101897353068637,0.004140050800102));
#3308=CARTESIAN_POINT('',(0.106675398448989,-0.101897353068637,0.004140050800102));
#3309=CARTESIAN_POINT('',(0.106675398448989,-0.102243853068637,0.004140050800102));
#3310=CARTESIAN_POINT('',(0.106675398448989,-0.102590353068637,0.004140050800102));
#3311=CARTESIAN_POINT('',(0.106675398448989,-0.102590353068637,0.004140050800102));
#3312=CARTESIAN_POINT('',(0.106675398448989,-0.102590353068637,0.003162150800102));
#3313=CARTESIAN_POINT('',(0.106675398448989,-0.102590353068637,0.002184250800102));
#3314=CARTESIAN_POINT('',(0.106675398448989,-0.102590353068637,0.001206350800102));
#3315=CARTESIAN_POINT('',(0.107714927786047,-0.102590353068637,0.004140050800102));
#3316=CARTESIAN_POINT('',(0.107714927786047,-0.102590353068637,0.001206350800102));
#3317=CARTESIAN_POINT('',(0.107714927786047,-0.102590353068637,0.001206350800102));
#3318=CARTESIAN_POINT('',(0.107714927786047,-0.102590353068637,0.004140050800102));
#3319=CARTESIAN_POINT('',(0.107714927786047,-0.102590353068637,0.004140050800102));
#3320=CARTESIAN_POINT('',(0.107714927786047,-0.102590353068637,0.001206350800102));
#3321=CARTESIAN_POINT('',(0.107714927786047,-0.102590353068637,0.002184250800102));
#3322=CARTESIAN_POINT('',(0.107714927786047,-0.102590353068637,0.003162150800102));
#3323=CARTESIAN_POINT('',(0.107714927786047,-0.102590353068637,0.004140050800102));
#3324=CARTESIAN_POINT('',(0.107714927786047,-0.102243853068637,0.004140050800102));
#3325=CARTESIAN_POINT('',(0.107714927786047,-0.102243853068637,0.001206350800102));
#3326=CARTESIAN_POINT('',(0.107714927786047,-0.101897353068637,0.001206350800102));
#3327=CARTESIAN_POINT('',(0.107714927786047,-0.102243853068637,0.004140050800102));
#3328=CARTESIAN_POINT('',(0.107714927786047,-0.101897353068637,0.004140050800102));
#3329=CARTESIAN_POINT('',(0.107714927786047,-0.101897353068637,0.004140050800102));
#3330=CARTESIAN_POINT('',(0.107714927786047,-0.101897353068637,0.003162150800102));
#3331=CARTESIAN_POINT('',(0.107714927786047,-0.101897353068637,0.002184250800102));
#3332=CARTESIAN_POINT('',(0.107714927786047,-0.101897353068637,0.001206350800102));
#3333=CARTESIAN_POINT('',(0.130169307135803,-0.137852162758757,0.004140050800102));
#3334=CARTESIAN_POINT('',(0.130169307135803,-0.137852162758757,0.001206350800102));
#3335=CARTESIAN_POINT('',(0.129765042467278,-0.137852162758757,0.001206350800102));
#3336=CARTESIAN_POINT('',(0.130573571804335,-0.137852162758757,0.001206350800102));
#3337=CARTESIAN_POINT('',(0.130573571804338,-0.137852162758757,0.001206350800102));
#3338=CARTESIAN_POINT('',(0.130573571804338,-0.137852162758757,0.002184250800102));
#3339=CARTESIAN_POINT('',(0.130573571804338,-0.137852162758757,0.003162150800102));
#3340=CARTESIAN_POINT('',(0.130573571804338,-0.137852162758757,0.004140050800102));
#3341=CARTESIAN_POINT('',(0.130573571804335,-0.137852162758757,0.004140050800102));
#3342=CARTESIAN_POINT('',(0.130169307135803,-0.137852162758757,0.004140050800102));
#3343=CARTESIAN_POINT('',(0.129765042467278,-0.137852162758757,0.004140050800102));
#3344=CARTESIAN_POINT('',(0.129765042467278,-0.137852162758757,0.004140050800102));
#3345=CARTESIAN_POINT('',(0.12976504246728,-0.139931133421698,0.004140050800102));
#3346=CARTESIAN_POINT('',(0.12976504246728,-0.139931133421698,0.001206350800102));
#3347=CARTESIAN_POINT('',(0.129765042467274,-0.139931133421698,0.001206350800102));
#3348=CARTESIAN_POINT('',(0.12976504246728,-0.139931133421698,0.004140050800102));
#3349=CARTESIAN_POINT('',(0.129765042467274,-0.139931133421698,0.004140050800102));
#3350=CARTESIAN_POINT('',(0.129765042467274,-0.139931133421698,0.004140050800102));
#3351=CARTESIAN_POINT('',(0.130169307135803,-0.139931133421698,0.004140050800102));
#3352=CARTESIAN_POINT('',(0.130169307135803,-0.139931133421698,0.001206350800102));
#3353=CARTESIAN_POINT('',(0.130573571804335,-0.139931133421698,0.001206350800102));
#3354=CARTESIAN_POINT('',(0.130169307135803,-0.139931133421698,0.004140050800102));
#3355=CARTESIAN_POINT('',(0.130573571804335,-0.139931133421698,0.004140050800102));
#3356=CARTESIAN_POINT('',(0.130573571804338,-0.139931133421698,0.004140050800102));
#3357=CARTESIAN_POINT('',(0.130573571804338,-0.139931133421698,0.003162150800102));
#3358=CARTESIAN_POINT('',(0.130573571804338,-0.139931133421698,0.002184250800102));
#3359=CARTESIAN_POINT('',(0.130573571804338,-0.139931133421698,0.001206350800102));
#3360=CARTESIAN_POINT('',(0.149818740968678,-0.130116552459036,0.004140050800102));
#3361=CARTESIAN_POINT('',(0.149818740968678,-0.130116552459036,0.001206350800102));
#3362=CARTESIAN_POINT('',(0.149472240968678,-0.130116552459036,0.001206350800102));
#3363=CARTESIAN_POINT('',(0.150165240968678,-0.130116552459036,0.001206350800102));
#3364=CARTESIAN_POINT('',(0.150165240968678,-0.130116552459036,0.001206350800102));
#3365=CARTESIAN_POINT('',(0.150165240968678,-0.130116552459036,0.002184250800102));
#3366=CARTESIAN_POINT('',(0.150165240968678,-0.130116552459036,0.003162150800102));
#3367=CARTESIAN_POINT('',(0.150165240968678,-0.130116552459036,0.004140050800102));
#3368=CARTESIAN_POINT('',(0.150165240968678,-0.130116552459036,0.004140050800102));
#3369=CARTESIAN_POINT('',(0.149818740968678,-0.130116552459036,0.004140050800102));
#3370=CARTESIAN_POINT('',(0.149472240968678,-0.130116552459036,0.004140050800102));
#3371=CARTESIAN_POINT('',(0.149472240968678,-0.130116552459036,0.004140050800102));
#3372=CARTESIAN_POINT('',(0.149472240968678,-0.130116552459036,0.003162150800102));
#3373=CARTESIAN_POINT('',(0.149472240968678,-0.130116552459036,0.002184250800102));
#3374=CARTESIAN_POINT('',(0.149472240968678,-0.130116552459036,0.001206350800102));
#3375=CARTESIAN_POINT('',(0.149472240968678,-0.131156081796095,0.004140050800102));
#3376=CARTESIAN_POINT('',(0.149472240968678,-0.131156081796095,0.001206350800102));
#3377=CARTESIAN_POINT('',(0.149472240968678,-0.131156081796095,0.001206350800102));
#3378=CARTESIAN_POINT('',(0.149472240968678,-0.131156081796095,0.004140050800102));
#3379=CARTESIAN_POINT('',(0.149472240968678,-0.131156081796095,0.004140050800102));
#3380=CARTESIAN_POINT('',(0.149472240968678,-0.131156081796095,0.001206350800102));
#3381=CARTESIAN_POINT('',(0.149472240968678,-0.131156081796095,0.002184250800102));
#3382=CARTESIAN_POINT('',(0.149472240968678,-0.131156081796095,0.003162150800102));
#3383=CARTESIAN_POINT('',(0.149472240968678,-0.131156081796095,0.004140050800102));
#3384=CARTESIAN_POINT('',(0.149818740968678,-0.131156081796095,0.004140050800102));
#3385=CARTESIAN_POINT('',(0.149818740968678,-0.131156081796095,0.001206350800102));
#3386=CARTESIAN_POINT('',(0.150165240968678,-0.131156081796095,0.001206350800102));
#3387=CARTESIAN_POINT('',(0.149818740968678,-0.131156081796095,0.004140050800102));
#3388=CARTESIAN_POINT('',(0.150165240968678,-0.131156081796095,0.004140050800102));
#3389=CARTESIAN_POINT('',(0.150165240968678,-0.131156081796095,0.004140050800102));
#3390=CARTESIAN_POINT('',(0.150165240968678,-0.131156081796095,0.003162150800102));
#3391=CARTESIAN_POINT('',(0.150165240968678,-0.131156081796095,0.002184250800102));
#3392=CARTESIAN_POINT('',(0.150165240968678,-0.131156081796095,0.001206350800102));
#3393=CARTESIAN_POINT('',(0.159809534974259,-0.130116537790507,0.004140050800102));
#3394=CARTESIAN_POINT('',(0.159809534974259,-0.130116537790507,0.001206350800102));
#3395=CARTESIAN_POINT('',(0.159463034974259,-0.130116537790507,0.001206350800102));
#3396=CARTESIAN_POINT('',(0.160156034974259,-0.130116537790507,0.001206350800102));
#3397=CARTESIAN_POINT('',(0.160156034974259,-0.130116537790507,0.001206350800102));
#3398=CARTESIAN_POINT('',(0.160156034974259,-0.130116537790507,0.002184250800102));
#3399=CARTESIAN_POINT('',(0.160156034974259,-0.130116537790507,0.003162150800102));
#3400=CARTESIAN_POINT('',(0.160156034974259,-0.130116537790507,0.004140050800102));
#3401=CARTESIAN_POINT('',(0.160156034974259,-0.130116537790507,0.004140050800102));
#3402=CARTESIAN_POINT('',(0.159809534974259,-0.130116537790507,0.004140050800102));
#3403=CARTESIAN_POINT('',(0.159463034974259,-0.130116537790507,0.004140050800102));
#3404=CARTESIAN_POINT('',(0.159463034974259,-0.130116537790507,0.004140050800102));
#3405=CARTESIAN_POINT('',(0.159463034974259,-0.130116537790507,0.003162150800102));
#3406=CARTESIAN_POINT('',(0.159463034974259,-0.130116537790507,0.002184250800102));
#3407=CARTESIAN_POINT('',(0.159463034974259,-0.130116537790507,0.001206350800102));
#3408=CARTESIAN_POINT('',(0.159463034974259,-0.131156037790507,0.004140050800102));
#3409=CARTESIAN_POINT('',(0.159463034974259,-0.131156037790507,0.001206350800102));
#3410=CARTESIAN_POINT('',(0.159463034974259,-0.131156037790507,0.001206350800102));
#3411=CARTESIAN_POINT('',(0.159463034974259,-0.131156037790507,0.004140050800102));
#3412=CARTESIAN_POINT('',(0.159463034974259,-0.131156037790507,0.004140050800102));
#3413=CARTESIAN_POINT('',(0.159463034974259,-0.131156037790507,0.001206350800102));
#3414=CARTESIAN_POINT('',(0.159463034974259,-0.131156037790507,0.002184250800102));
#3415=CARTESIAN_POINT('',(0.159463034974259,-0.131156037790507,0.003162150800102));
#3416=CARTESIAN_POINT('',(0.159463034974259,-0.131156037790507,0.004140050800102));
#3417=CARTESIAN_POINT('',(0.159809534974259,-0.131156037790507,0.004140050800102));
#3418=CARTESIAN_POINT('',(0.159809534974259,-0.131156037790507,0.001206350800102));
#3419=CARTESIAN_POINT('',(0.160156034974259,-0.131156037790507,0.001206350800102));
#3420=CARTESIAN_POINT('',(0.159809534974259,-0.131156037790507,0.004140050800102));
#3421=CARTESIAN_POINT('',(0.160156034974259,-0.131156037790507,0.004140050800102));
#3422=CARTESIAN_POINT('',(0.160156034974259,-0.131156037790507,0.004140050800102));
#3423=CARTESIAN_POINT('',(0.160156034974259,-0.131156037790507,0.003162150800102));
#3424=CARTESIAN_POINT('',(0.160156034974259,-0.131156037790507,0.002184250800102));
#3425=CARTESIAN_POINT('',(0.160156034974259,-0.131156037790507,0.001206350800102));
#3426=CARTESIAN_POINT('',(0.178783600379389,-0.125053225496882,0.004140050800102));
#3427=CARTESIAN_POINT('',(0.178783600379389,-0.125053225496882,0.001206350800102));
#3428=CARTESIAN_POINT('',(0.178783600379389,-0.125457490165412,0.001206350800102));
#3429=CARTESIAN_POINT('',(0.178783600379389,-0.124648960828353,0.001206350800102));
#3430=CARTESIAN_POINT('',(0.178783600379389,-0.124648960828353,0.001206350800102));
#3431=CARTESIAN_POINT('',(0.178783600379389,-0.124648960828353,0.002184250800102));
#3432=CARTESIAN_POINT('',(0.178783600379389,-0.124648960828353,0.003162150800102));
#3433=CARTESIAN_POINT('',(0.178783600379389,-0.124648960828353,0.004140050800102));
#3434=CARTESIAN_POINT('',(0.178783600379389,-0.124648960828353,0.004140050800102));
#3435=CARTESIAN_POINT('',(0.178783600379389,-0.125053225496882,0.004140050800102));
#3436=CARTESIAN_POINT('',(0.178783600379389,-0.125457490165412,0.004140050800102));
#3437=CARTESIAN_POINT('',(0.178783600379389,-0.125457490165412,0.004140050800102));
#3438=CARTESIAN_POINT('',(0.178783600379389,-0.125457490165412,0.003162150800102));
#3439=CARTESIAN_POINT('',(0.178783600379389,-0.125457490165412,0.002184250800102));
#3440=CARTESIAN_POINT('',(0.178783600379389,-0.125457490165412,0.001206350800102));
#3441=CARTESIAN_POINT('',(0.18086257104233,-0.125457490165412,0.004140050800102));
#3442=CARTESIAN_POINT('',(0.18086257104233,-0.125457490165412,0.001206350800102));
#3443=CARTESIAN_POINT('',(0.18086257104233,-0.125457490165412,0.001206350800102));
#3444=CARTESIAN_POINT('',(0.18086257104233,-0.125457490165412,0.004140050800102));
#3445=CARTESIAN_POINT('',(0.18086257104233,-0.125457490165412,0.004140050800102));
#3446=CARTESIAN_POINT('',(0.18086257104233,-0.125457490165412,0.001206350800102));
#3447=CARTESIAN_POINT('',(0.18086257104233,-0.125457490165412,0.002184250800102));
#3448=CARTESIAN_POINT('',(0.18086257104233,-0.125457490165412,0.003162150800102));
#3449=CARTESIAN_POINT('',(0.18086257104233,-0.125457490165412,0.004140050800102));
#3450=CARTESIAN_POINT('',(0.18086257104233,-0.125053225496882,0.004140050800102));
#3451=CARTESIAN_POINT('',(0.18086257104233,-0.125053225496882,0.001206350800102));
#3452=CARTESIAN_POINT('',(0.18086257104233,-0.124648960828353,0.001206350800102));
#3453=CARTESIAN_POINT('',(0.18086257104233,-0.125053225496882,0.004140050800102));
#3454=CARTESIAN_POINT('',(0.18086257104233,-0.124648960828353,0.004140050800102));
#3455=CARTESIAN_POINT('',(0.18086257104233,-0.124648960828353,0.004140050800102));
#3456=CARTESIAN_POINT('',(0.18086257104233,-0.124648960828353,0.003162150800102));
#3457=CARTESIAN_POINT('',(0.18086257104233,-0.124648960828353,0.002184250800102));
#3458=CARTESIAN_POINT('',(0.18086257104233,-0.124648960828353,0.001206350800102));
#3459=CARTESIAN_POINT('',(0.178783600379389,-0.110153520137472,0.004140050800102));
#3460=CARTESIAN_POINT('',(0.178783600379389,-0.110153520137472,0.001206350800102));
#3461=CARTESIAN_POINT('',(0.178783600379389,-0.110557784806001,0.001206350800102));
#3462=CARTESIAN_POINT('',(0.178783600379389,-0.109749255468943,0.001206350800102));
#3463=CARTESIAN_POINT('',(0.178783600379389,-0.109749255468942,0.001206350800102));
#3464=CARTESIAN_POINT('',(0.178783600379389,-0.109749255468942,0.002184250800102));
#3465=CARTESIAN_POINT('',(0.178783600379389,-0.109749255468942,0.003162150800102));
#3466=CARTESIAN_POINT('',(0.178783600379389,-0.109749255468942,0.004140050800102));
#3467=CARTESIAN_POINT('',(0.178783600379389,-0.109749255468943,0.004140050800102));
#3468=CARTESIAN_POINT('',(0.178783600379389,-0.110153520137472,0.004140050800102));
#3469=CARTESIAN_POINT('',(0.178783600379389,-0.110557784806001,0.004140050800102));
#3470=CARTESIAN_POINT('',(0.178783600379389,-0.110557784806001,0.004140050800102));
#3471=CARTESIAN_POINT('',(0.178783600379389,-0.110557784806001,0.003162150800102));
#3472=CARTESIAN_POINT('',(0.178783600379389,-0.110557784806001,0.002184250800102));
#3473=CARTESIAN_POINT('',(0.178783600379389,-0.110557784806001,0.001206350800102));
#3474=CARTESIAN_POINT('',(0.18086257104233,-0.110557784806001,0.004140050800102));
#3475=CARTESIAN_POINT('',(0.18086257104233,-0.110557784806001,0.001206350800102));
#3476=CARTESIAN_POINT('',(0.18086257104233,-0.110557784806001,0.001206350800102));
#3477=CARTESIAN_POINT('',(0.18086257104233,-0.110557784806001,0.004140050800102));
#3478=CARTESIAN_POINT('',(0.18086257104233,-0.110557784806001,0.004140050800102));
#3479=CARTESIAN_POINT('',(0.18086257104233,-0.110557784806001,0.001206350800102));
#3480=CARTESIAN_POINT('',(0.18086257104233,-0.110557784806001,0.002184250800102));
#3481=CARTESIAN_POINT('',(0.18086257104233,-0.110557784806001,0.003162150800102));
#3482=CARTESIAN_POINT('',(0.18086257104233,-0.110557784806001,0.004140050800102));
#3483=CARTESIAN_POINT('',(0.18086257104233,-0.110153520137472,0.004140050800102));
#3484=CARTESIAN_POINT('',(0.18086257104233,-0.110153520137472,0.001206350800102));
#3485=CARTESIAN_POINT('',(0.18086257104233,-0.109749255468943,0.001206350800102));
#3486=CARTESIAN_POINT('',(0.18086257104233,-0.110153520137472,0.004140050800102));
#3487=CARTESIAN_POINT('',(0.18086257104233,-0.109749255468943,0.004140050800102));
#3488=CARTESIAN_POINT('',(0.18086257104233,-0.109749255468942,0.004140050800102));
#3489=CARTESIAN_POINT('',(0.18086257104233,-0.109749255468942,0.003162150800102));
#3490=CARTESIAN_POINT('',(0.18086257104233,-0.109749255468942,0.002184250800102));
#3491=CARTESIAN_POINT('',(0.18086257104233,-0.109749255468942,0.001206350800102));
#3492=CARTESIAN_POINT('',(0.159809534974259,-0.135140875801683,0.004140050800102));
#3493=CARTESIAN_POINT('',(0.159809534974259,-0.135140875801683,0.001206350800102));
#3494=CARTESIAN_POINT('',(0.159463034974259,-0.135140875801683,0.001206350800102));
#3495=CARTESIAN_POINT('',(0.160156034974259,-0.135140875801683,0.001206350800102));
#3496=CARTESIAN_POINT('',(0.160156034974259,-0.135140875801683,0.004140050800102));
#3497=CARTESIAN_POINT('',(0.160156034974259,-0.135140875801683,0.004140050800102));
#3498=CARTESIAN_POINT('',(0.159809534974259,-0.135140875801683,0.004140050800102));
#3499=CARTESIAN_POINT('',(0.159463034974259,-0.135140875801683,0.004140050800102));
#3500=CARTESIAN_POINT('',(0.159463034974259,-0.135140875801683,0.004140050800102));
#3501=CARTESIAN_POINT('',(0.159463034974259,-0.110242551518333,0.004140050800102));
#3502=CARTESIAN_POINT('',(0.159463034974259,-0.110242551518333,0.001206350800102));
#3503=CARTESIAN_POINT('',(0.159463034974259,-0.135833875801683,0.001206350800102));
#3504=CARTESIAN_POINT('',(0.159463034974259,-0.110242551518333,0.004140050800102));
#3505=CARTESIAN_POINT('',(0.159463034974259,-0.135833875801683,0.004140050800102));
#3506=CARTESIAN_POINT('',(0.159463034974259,-0.135833875801683,0.004140050800102));
#3507=CARTESIAN_POINT('',(0.159809534974259,-0.135833875801683,0.004140050800102));
#3508=CARTESIAN_POINT('',(0.159809534974259,-0.135833875801683,0.001206350800102));
#3509=CARTESIAN_POINT('',(0.160156034974259,-0.135833875801683,0.001206350800102));
#3510=CARTESIAN_POINT('',(0.159809534974259,-0.135833875801683,0.004140050800102));
#3511=CARTESIAN_POINT('',(0.160156034974259,-0.135833875801683,0.004140050800102));
#3512=CARTESIAN_POINT('',(0.160156034974259,-0.135833875801683,0.004140050800102));
#3513=CARTESIAN_POINT('',(0.149818740968678,-0.135140875801683,0.004140050800102));
#3514=CARTESIAN_POINT('',(0.149818740968678,-0.135140875801683,0.001206350800102));
#3515=CARTESIAN_POINT('',(0.149472240968678,-0.135140875801683,0.001206350800102));
#3516=CARTESIAN_POINT('',(0.150165240968678,-0.135140875801683,0.001206350800102));
#3517=CARTESIAN_POINT('',(0.150165240968678,-0.135140875801683,0.004140050800102));
#3518=CARTESIAN_POINT('',(0.150165240968678,-0.135140875801683,0.004140050800102));
#3519=CARTESIAN_POINT('',(0.149818740968678,-0.135140875801683,0.004140050800102));
#3520=CARTESIAN_POINT('',(0.149472240968678,-0.135140875801683,0.004140050800102));
#3521=CARTESIAN_POINT('',(0.149472240968678,-0.135140875801683,0.004140050800102));
#3522=CARTESIAN_POINT('',(0.149472240968678,-0.110242551518333,0.004140050800102));
#3523=CARTESIAN_POINT('',(0.149472240968678,-0.110242551518333,0.001206350800102));
#3524=CARTESIAN_POINT('',(0.149472240968678,-0.135833875801683,0.001206350800102));
#3525=CARTESIAN_POINT('',(0.149472240968678,-0.110242551518333,0.004140050800102));
#3526=CARTESIAN_POINT('',(0.149472240968678,-0.135833875801683,0.004140050800102));
#3527=CARTESIAN_POINT('',(0.149472240968678,-0.135833875801683,0.004140050800102));
#3528=CARTESIAN_POINT('',(0.149818740968678,-0.135833875801683,0.004140050800102));
#3529=CARTESIAN_POINT('',(0.149818740968678,-0.135833875801683,0.001206350800102));
#3530=CARTESIAN_POINT('',(0.150165240968678,-0.135833875801683,0.001206350800102));
#3531=CARTESIAN_POINT('',(0.149818740968678,-0.135833875801683,0.004140050800102));
#3532=CARTESIAN_POINT('',(0.150165240968678,-0.135833875801683,0.004140050800102));
#3533=CARTESIAN_POINT('',(0.150165240968678,-0.135833875801683,0.004140050800102));
#3534=CARTESIAN_POINT('',(0.145069012495219,-0.137852162758757,0.004140050800102));
#3535=CARTESIAN_POINT('',(0.145069012495219,-0.137852162758757,0.001206350800102));
#3536=CARTESIAN_POINT('',(0.144664747826686,-0.137852162758757,0.001206350800102));
#3537=CARTESIAN_POINT('',(0.14547327716375,-0.137852162758757,0.001206350800102));
#3538=CARTESIAN_POINT('',(0.145473277163753,-0.137852162758757,0.001206350800102));
#3539=CARTESIAN_POINT('',(0.145473277163753,-0.137852162758757,0.002184250800102));
#3540=CARTESIAN_POINT('',(0.145473277163753,-0.137852162758757,0.003162150800102));
#3541=CARTESIAN_POINT('',(0.145473277163753,-0.137852162758757,0.004140050800102));
#3542=CARTESIAN_POINT('',(0.14547327716375,-0.137852162758757,0.004140050800102));
#3543=CARTESIAN_POINT('',(0.145069012495219,-0.137852162758757,0.004140050800102));
#3544=CARTESIAN_POINT('',(0.144664747826686,-0.137852162758757,0.004140050800102));
#3545=CARTESIAN_POINT('',(0.144664747826686,-0.137852162758757,0.004140050800102));
#3546=CARTESIAN_POINT('',(0.144664747826684,-0.139931133421698,0.004140050800102));
#3547=CARTESIAN_POINT('',(0.144664747826684,-0.139931133421698,0.001206350800102));
#3548=CARTESIAN_POINT('',(0.14466474782669,-0.139931133421698,0.001206350800102));
#3549=CARTESIAN_POINT('',(0.144664747826684,-0.139931133421698,0.004140050800102));
#3550=CARTESIAN_POINT('',(0.14466474782669,-0.139931133421698,0.004140050800102));
#3551=CARTESIAN_POINT('',(0.14466474782669,-0.139931133421698,0.004140050800102));
#3552=CARTESIAN_POINT('',(0.145069012495219,-0.139931133421698,0.004140050800102));
#3553=CARTESIAN_POINT('',(0.145069012495219,-0.139931133421698,0.001206350800102));
#3554=CARTESIAN_POINT('',(0.14547327716375,-0.139931133421698,0.001206350800102));
#3555=CARTESIAN_POINT('',(0.145069012495219,-0.139931133421698,0.004140050800102));
#3556=CARTESIAN_POINT('',(0.14547327716375,-0.139931133421698,0.004140050800102));
#3557=CARTESIAN_POINT('',(0.145473277163753,-0.139931133421698,0.004140050800102));
#3558=CARTESIAN_POINT('',(0.145473277163753,-0.139931133421698,0.003162150800102));
#3559=CARTESIAN_POINT('',(0.145473277163753,-0.139931133421698,0.002184250800102));
#3560=CARTESIAN_POINT('',(0.145473277163753,-0.139931133421698,0.001206350800102));
#3561=CARTESIAN_POINT('',(0.106675442454581,-0.112234647074226,0.004140050800102));
#3562=CARTESIAN_POINT('',(0.106675442454581,-0.112234647074226,0.001206350800102));
#3563=CARTESIAN_POINT('',(0.106675442454581,-0.112581147074226,0.001206350800102));
#3564=CARTESIAN_POINT('',(0.106675442454581,-0.111888147074226,0.001206350800102));
#3565=CARTESIAN_POINT('',(0.106675442454581,-0.111888147074226,0.001206350800102));
#3566=CARTESIAN_POINT('',(0.106675442454581,-0.111888147074226,0.002184250800102));
#3567=CARTESIAN_POINT('',(0.106675442454581,-0.111888147074226,0.003162150800102));
#3568=CARTESIAN_POINT('',(0.106675442454581,-0.111888147074226,0.004140050800102));
#3569=CARTESIAN_POINT('',(0.106675442454581,-0.111888147074226,0.004140050800102));
#3570=CARTESIAN_POINT('',(0.106675442454581,-0.112234647074226,0.004140050800102));
#3571=CARTESIAN_POINT('',(0.106675442454581,-0.112581147074226,0.004140050800102));
#3572=CARTESIAN_POINT('',(0.106675442454581,-0.112581147074226,0.004140050800102));
#3573=CARTESIAN_POINT('',(0.106675442454581,-0.112581147074226,0.003162150800102));
#3574=CARTESIAN_POINT('',(0.106675442454581,-0.112581147074226,0.002184250800102));
#3575=CARTESIAN_POINT('',(0.106675442454581,-0.112581147074226,0.001206350800102));
#3576=CARTESIAN_POINT('',(0.107714942454581,-0.112581147074226,0.004140050800102));
#3577=CARTESIAN_POINT('',(0.107714942454581,-0.112581147074226,0.001206350800102));
#3578=CARTESIAN_POINT('',(0.107714942454581,-0.112581147074226,0.001206350800102));
#3579=CARTESIAN_POINT('',(0.107714942454581,-0.112581147074226,0.004140050800102));
#3580=CARTESIAN_POINT('',(0.107714942454581,-0.112581147074226,0.004140050800102));
#3581=CARTESIAN_POINT('',(0.107714942454581,-0.112581147074226,0.001206350800102));
#3582=CARTESIAN_POINT('',(0.107714942454581,-0.112581147074226,0.002184250800102));
#3583=CARTESIAN_POINT('',(0.107714942454581,-0.112581147074226,0.003162150800102));
#3584=CARTESIAN_POINT('',(0.107714942454581,-0.112581147074226,0.004140050800102));
#3585=CARTESIAN_POINT('',(0.107714942454581,-0.112234647074226,0.004140050800102));
#3586=CARTESIAN_POINT('',(0.107714942454581,-0.112234647074226,0.001206350800102));
#3587=CARTESIAN_POINT('',(0.107714942454581,-0.111888147074226,0.001206350800102));
#3588=CARTESIAN_POINT('',(0.107714942454581,-0.112234647074226,0.004140050800102));
#3589=CARTESIAN_POINT('',(0.107714942454581,-0.111888147074226,0.004140050800102));
#3590=CARTESIAN_POINT('',(0.107714942454581,-0.111888147074226,0.004140050800102));
#3591=CARTESIAN_POINT('',(0.107714942454581,-0.111888147074226,0.003162150800102));
#3592=CARTESIAN_POINT('',(0.107714942454581,-0.111888147074226,0.002184250800102));
#3593=CARTESIAN_POINT('',(0.107714942454581,-0.111888147074226,0.001206350800102));
#3594=CARTESIAN_POINT('',(0.101997604443408,-0.112234647074226,0.004140050800102));
#3595=CARTESIAN_POINT('',(0.101997604443408,-0.112234647074226,0.001206350800102));
#3596=CARTESIAN_POINT('',(0.101997604443408,-0.112581147074226,0.001206350800102));
#3597=CARTESIAN_POINT('',(0.101997604443408,-0.111888147074226,0.001206350800102));
#3598=CARTESIAN_POINT('',(0.101997604443408,-0.111888147074226,0.004140050800102));
#3599=CARTESIAN_POINT('',(0.101997604443408,-0.111888147074226,0.004140050800102));
#3600=CARTESIAN_POINT('',(0.101997604443408,-0.112234647074226,0.004140050800102));
#3601=CARTESIAN_POINT('',(0.101997604443408,-0.112581147074226,0.004140050800102));
#3602=CARTESIAN_POINT('',(0.101997604443408,-0.112581147074226,0.004140050800102));
#3603=CARTESIAN_POINT('',(0.146142870258424,-0.112581147074226,0.004140050800102));
#3604=CARTESIAN_POINT('',(0.146142870258424,-0.112581147074226,0.001206350800102));
#3605=CARTESIAN_POINT('',(0.102690604443408,-0.112581147074226,0.001206350800102));
#3606=CARTESIAN_POINT('',(0.146142870258424,-0.112581147074226,0.004140050800102));
#3607=CARTESIAN_POINT('',(0.102690604443408,-0.112581147074226,0.004140050800102));
#3608=CARTESIAN_POINT('',(0.102690604443408,-0.112581147074226,0.004140050800102));
#3609=CARTESIAN_POINT('',(0.102690604443408,-0.112234647074226,0.004140050800102));
#3610=CARTESIAN_POINT('',(0.102690604443408,-0.112234647074226,0.001206350800102));
#3611=CARTESIAN_POINT('',(0.102690604443408,-0.111888147074226,0.001206350800102));
#3612=CARTESIAN_POINT('',(0.102690604443408,-0.112234647074226,0.004140050800102));
#3613=CARTESIAN_POINT('',(0.102690604443408,-0.111888147074226,0.004140050800102));
#3614=CARTESIAN_POINT('',(0.102690604443408,-0.111888147074226,0.004140050800102));
#3615=CARTESIAN_POINT('',(0.188050070833962,-0.0862449604215731,0.004140050800102));
#3616=CARTESIAN_POINT('',(0.188050070833962,-0.0862449604215731,0.001206350800102));
#3617=CARTESIAN_POINT('',(0.191036449481672,-0.0887055611705031,0.001206350800102));
#3618=CARTESIAN_POINT('',(0.185063692186254,-0.0837843596726236,0.001206350800102));
#3619=CARTESIAN_POINT('',(0.185063692186254,-0.0837843596726236,0.004140050800102));
#3620=CARTESIAN_POINT('',(0.185063692186254,-0.0837843596726236,0.004140050800102));
#3621=CARTESIAN_POINT('',(0.188050070833962,-0.0862449604215731,0.004140050800102));
#3622=CARTESIAN_POINT('',(0.191036449481672,-0.0887055611705031,0.004140050800102));
#3623=CARTESIAN_POINT('',(0.191036449481672,-0.0887055611705031,0.004140050800102));
#3624=CARTESIAN_POINT('',(0.191163975577792,-0.0888330872670958,0.004140050800102));
#3625=CARTESIAN_POINT('',(0.191163975577792,-0.0888330872670958,0.001206350800102));
#3626=CARTESIAN_POINT('',(0.191163975817974,-0.0888330875072749,0.001206350800102));
#3627=CARTESIAN_POINT('',(0.191163975577792,-0.0888330872670958,0.004140050800102));
#3628=CARTESIAN_POINT('',(0.191163975817974,-0.0888330875072749,0.004140050800102));
#3629=CARTESIAN_POINT('',(0.191163975817974,-0.0888330875072749,0.004140050800102));
#3630=CARTESIAN_POINT('',(0.191170420305945,-0.0973639776499745,0.004140050800102));
#3631=CARTESIAN_POINT('',(0.191170420305945,-0.0973639776499745,0.001206350800102));
#3632=CARTESIAN_POINT('',(0.19117686479392,-0.105894867793551,0.001206350800102));
#3633=CARTESIAN_POINT('',(0.191170420305945,-0.0973639776499745,0.004140050800102));
#3634=CARTESIAN_POINT('',(0.19117686479392,-0.105894867793551,0.004140050800102));
#3635=CARTESIAN_POINT('',(0.191176864793919,-0.105894867793551,0.001206350800102));
#3636=CARTESIAN_POINT('',(0.191176864793919,-0.105894867793551,0.002184250800102));
#3637=CARTESIAN_POINT('',(0.191176864793919,-0.105894867793551,0.003162150800102));
#3638=CARTESIAN_POINT('',(0.191176864793919,-0.105894867793551,0.004140050800102));
#3639=CARTESIAN_POINT('',(0.19125020715926,-0.105894866943643,0.004140050800102));
#3640=CARTESIAN_POINT('',(0.19125020715926,-0.105894866943643,0.001206350800102));
#3641=CARTESIAN_POINT('',(0.191198346475497,-0.105946728027642,0.001206350800102));
#3642=CARTESIAN_POINT('',(0.19125020715926,-0.105894866943643,0.004140050800102));
#3643=CARTESIAN_POINT('',(0.191198346475497,-0.105946728027642,0.004140050800102));
#3644=CARTESIAN_POINT('',(0.191198346475497,-0.105946728027642,0.004140050800102));
#3645=CARTESIAN_POINT('',(0.191457346164533,-0.106205727716678,0.004140050800102));
#3646=CARTESIAN_POINT('',(0.191457346164533,-0.106205727716678,0.001206350800102));
#3647=CARTESIAN_POINT('',(0.191457346404677,-0.106205727956817,0.001206350800102));
#3648=CARTESIAN_POINT('',(0.191457346164533,-0.106205727716678,0.004140050800102));
#3649=CARTESIAN_POINT('',(0.191457346404677,-0.106205727956817,0.004140050800102));
#3650=CARTESIAN_POINT('',(0.191457346404677,-0.106205727956817,0.004140050800102));
#3651=CARTESIAN_POINT('',(0.191426230073992,-0.106236844527643,0.004140050800102));
#3652=CARTESIAN_POINT('',(0.191426230073992,-0.106236844527643,0.001206350800102));
#3653=CARTESIAN_POINT('',(0.191470235380661,-0.106236844400289,0.001206350800102));
#3654=CARTESIAN_POINT('',(0.191426230073992,-0.106236844527643,0.004140050800102));
#3655=CARTESIAN_POINT('',(0.191470235380661,-0.106236844400289,0.004140050800102));
#3656=CARTESIAN_POINT('',(0.19147023538066,-0.106236844527643,0.004140050800102));
#3657=CARTESIAN_POINT('',(0.19147023538066,-0.106236844527643,0.003162150800102));
#3658=CARTESIAN_POINT('',(0.19147023538066,-0.106236844527643,0.002184250800102));
#3659=CARTESIAN_POINT('',(0.19147023538066,-0.106236844527643,0.001206350800102));
#3660=CARTESIAN_POINT('',(0.19147023538066,-0.106481608626542,0.004140050800102));
#3661=CARTESIAN_POINT('',(0.19147023538066,-0.106481608626542,0.001206350800102));
#3662=CARTESIAN_POINT('',(0.191470235380662,-0.106481608117125,0.001206350800102));
#3663=CARTESIAN_POINT('',(0.19147023538066,-0.106481608626542,0.004140050800102));
#3664=CARTESIAN_POINT('',(0.191470235380662,-0.106481608117125,0.004140050800102));
#3665=CARTESIAN_POINT('',(0.19147023538066,-0.106481608117125,0.001206350800102));
#3666=CARTESIAN_POINT('',(0.19147023538066,-0.106481608117125,0.002184250800102));
#3667=CARTESIAN_POINT('',(0.19147023538066,-0.106481608117125,0.003162150800102));
#3668=CARTESIAN_POINT('',(0.19147023538066,-0.106481608117125,0.004140050800102));
#3669=CARTESIAN_POINT('',(0.191426230073992,-0.106481608117125,0.004140050800102));
#3670=CARTESIAN_POINT('',(0.191426230073992,-0.106481608117125,0.001206350800102));
#3671=CARTESIAN_POINT('',(0.191457346404675,-0.106512724687949,0.001206350800102));
#3672=CARTESIAN_POINT('',(0.191426230073992,-0.106481608117125,0.004140050800102));
#3673=CARTESIAN_POINT('',(0.191457346404675,-0.106512724687949,0.004140050800102));
#3674=CARTESIAN_POINT('',(0.191457346404675,-0.106512724687949,0.004140050800102));
#3675=CARTESIAN_POINT('',(0.184744193967429,-0.113225877125195,0.004140050800102));
#3676=CARTESIAN_POINT('',(0.184744193967429,-0.113225877125195,0.001206350800102));
#3677=CARTESIAN_POINT('',(0.184744193567192,-0.113225877525432,0.001206350800102));
#3678=CARTESIAN_POINT('',(0.184744193967429,-0.113225877125195,0.004140050800102));
#3679=CARTESIAN_POINT('',(0.184744193567192,-0.113225877525432,0.004140050800102));
#3680=CARTESIAN_POINT('',(0.184744193567192,-0.113225877525432,0.004140050800102));
#3681=CARTESIAN_POINT('',(0.184796054250954,-0.113277738609431,0.004140050800102));
#3682=CARTESIAN_POINT('',(0.184796054250954,-0.113277738609431,0.001206350800102));
#3683=CARTESIAN_POINT('',(0.184722711885613,-0.113277738326421,0.001206350800102));
#3684=CARTESIAN_POINT('',(0.184796054250954,-0.113277738609431,0.004140050800102));
#3685=CARTESIAN_POINT('',(0.184722711885613,-0.113277738326421,0.004140050800102));
#3686=CARTESIAN_POINT('',(0.184722711885613,-0.113277738326421,0.004140050800102));
#3687=CARTESIAN_POINT('',(0.184713195688643,-0.120367861448644,0.004140050800102));
#3688=CARTESIAN_POINT('',(0.184713195688643,-0.120367861448644,0.001206350800102));
#3689=CARTESIAN_POINT('',(0.184703679491672,-0.127457984570869,0.001206350800102));
#3690=CARTESIAN_POINT('',(0.184713195688643,-0.120367861448644,0.004140050800102));
#3691=CARTESIAN_POINT('',(0.184703679491672,-0.127457984570869,0.004140050800102));
#3692=CARTESIAN_POINT('',(0.184703679491673,-0.127457984570872,0.001206350800102));
#3693=CARTESIAN_POINT('',(0.184703679491673,-0.127457984570872,0.002184250800102));
#3694=CARTESIAN_POINT('',(0.184703679491673,-0.127457984570872,0.003162150800102));
#3695=CARTESIAN_POINT('',(0.184703679491673,-0.127457984570872,0.004140050800102));
#3696=CARTESIAN_POINT('',(0.175879842215541,-0.133535230897487,0.004140050800102));
#3697=CARTESIAN_POINT('',(0.175879842215541,-0.133535230897487,0.001206350800102));
#3698=CARTESIAN_POINT('',(0.167056004939408,-0.139612477224106,0.001206350800102));
#3699=CARTESIAN_POINT('',(0.175879842215541,-0.133535230897487,0.004140050800102));
#3700=CARTESIAN_POINT('',(0.167056004939408,-0.139612477224106,0.004140050800102));
#3701=CARTESIAN_POINT('',(0.167056004939408,-0.139612477224106,0.004140050800102));
#3702=CARTESIAN_POINT('',(0.149245973180416,-0.139612477224086,0.004140050800102));
#3703=CARTESIAN_POINT('',(0.149245973180416,-0.139612477224086,0.001206350800102));
#3704=CARTESIAN_POINT('',(0.149245972699828,-0.139612477224084,0.001206350800102));
#3705=CARTESIAN_POINT('',(0.149245973180416,-0.139612477224086,0.004140050800102));
#3706=CARTESIAN_POINT('',(0.149245972699828,-0.139612477224084,0.004140050800102));
#3707=CARTESIAN_POINT('',(0.149245972699828,-0.139612477224084,0.004140050800102));
#3708=CARTESIAN_POINT('',(0.149245972459534,-0.139685820324418,0.004140050800102));
#3709=CARTESIAN_POINT('',(0.149245972459534,-0.139685820324418,0.001206350800102));
#3710=CARTESIAN_POINT('',(0.149191314657495,-0.139636914956174,0.001206350800102));
#3711=CARTESIAN_POINT('',(0.149245972459534,-0.139685820324418,0.004140050800102));
#3712=CARTESIAN_POINT('',(0.149191314657495,-0.139636914956174,0.004140050800102));
#3713=CARTESIAN_POINT('',(0.149191314657493,-0.139636914956173,0.004140050800102));
#3714=CARTESIAN_POINT('',(0.149191314657493,-0.139636914956173,0.003162150800102));
#3715=CARTESIAN_POINT('',(0.149191314657493,-0.139636914956173,0.002184250800102));
#3716=CARTESIAN_POINT('',(0.149191314657493,-0.139636914956173,0.001206350800102));
#3717=CARTESIAN_POINT('',(0.147735457722008,-0.141253055399248,0.004140050800102));
#3718=CARTESIAN_POINT('',(0.147735457722008,-0.141253055399248,0.001206350800102));
#3719=CARTESIAN_POINT('',(0.146279600786523,-0.142869195842323,0.001206350800102));
#3720=CARTESIAN_POINT('',(0.147735457722008,-0.141253055399248,0.004140050800102));
#3721=CARTESIAN_POINT('',(0.146279600786523,-0.142869195842323,0.004140050800102));
#3722=CARTESIAN_POINT('',(0.146279600786523,-0.142869195842323,0.004140050800102));
#3723=CARTESIAN_POINT('',(0.137255460846807,-0.14286530576312,0.004140050800102));
#3724=CARTESIAN_POINT('',(0.137255460846807,-0.14286530576312,0.001206350800102));
#3725=CARTESIAN_POINT('',(0.12823132090709,-0.142861415683915,0.001206350800102));
#3726=CARTESIAN_POINT('',(0.137255460846807,-0.14286530576312,0.004140050800102));
#3727=CARTESIAN_POINT('',(0.12823132090709,-0.142861415683915,0.004140050800102));
#3728=CARTESIAN_POINT('',(0.12823132090709,-0.142861415683916,0.001206350800102));
#3729=CARTESIAN_POINT('',(0.12823132090709,-0.142861415683916,0.002184250800102));
#3730=CARTESIAN_POINT('',(0.12823132090709,-0.142861415683916,0.003162150800102));
#3731=CARTESIAN_POINT('',(0.12823132090709,-0.142861415683916,0.004140050800102));
#3732=CARTESIAN_POINT('',(0.114613033668386,-0.133457380346316,0.004140050800102));
#3733=CARTESIAN_POINT('',(0.114613033668386,-0.133457380346316,0.001206350800102));
#3734=CARTESIAN_POINT('',(0.100994746429681,-0.124053345008717,0.001206350800102));
#3735=CARTESIAN_POINT('',(0.114613033668386,-0.133457380346316,0.004140050800102));
#3736=CARTESIAN_POINT('',(0.100994746429681,-0.124053345008717,0.004140050800102));
#3737=CARTESIAN_POINT('',(0.100994746429681,-0.124053345008717,0.004140050800102));
#3738=CARTESIAN_POINT('',(0.100994746429681,-0.0936309297444415,0.004140050800102));
#3739=CARTESIAN_POINT('',(0.100994746429681,-0.0936309297444415,0.001206350800102));
#3740=CARTESIAN_POINT('',(0.100994746429691,-0.093630929705143,0.001206350800102));
#3741=CARTESIAN_POINT('',(0.100994746429681,-0.0936309297444415,0.004140050800102));
#3742=CARTESIAN_POINT('',(0.100994746429691,-0.093630929705143,0.004140050800102));
#3743=CARTESIAN_POINT('',(0.100994746429691,-0.093630929705143,0.004140050800102));
#3744=CARTESIAN_POINT('',(0.109224389417996,-0.0887107493011019,0.004140050800102));
#3745=CARTESIAN_POINT('',(0.109224389417996,-0.0887107493011019,0.001206350800102));
#3746=CARTESIAN_POINT('',(0.117454032407684,-0.0837905688962405,0.001206350800102));
#3747=CARTESIAN_POINT('',(0.109224389417996,-0.0887107493011019,0.004140050800102));
#3748=CARTESIAN_POINT('',(0.117454032407684,-0.0837905688962405,0.004140050800102));
#3749=CARTESIAN_POINT('',(0.117454032407683,-0.0837905688962403,0.001206350800102));
#3750=CARTESIAN_POINT('',(0.117454032407683,-0.0837905688962403,0.002184250800102));
#3751=CARTESIAN_POINT('',(0.117454032407683,-0.0837905688962403,0.003162150800102));
#3752=CARTESIAN_POINT('',(0.117454032407683,-0.0837905688962403,0.004140050800102));
#3753=CARTESIAN_POINT('',(0.117476569915952,-0.0838283662800512,0.004140050800102));
#3754=CARTESIAN_POINT('',(0.117476569915952,-0.0838283662800512,0.001206350800102));
#3755=CARTESIAN_POINT('',(0.117476570676977,-0.083784359672631,0.001206350800102));
#3756=CARTESIAN_POINT('',(0.117476569915952,-0.0838283662800512,0.004140050800102));
#3757=CARTESIAN_POINT('',(0.117476570676977,-0.083784359672631,0.004140050800102));
#3758=CARTESIAN_POINT('',(0.117476570676977,-0.083784359672631,0.004140050800102));
#3759=CARTESIAN_POINT('',(0.106594457504104,-0.103901220861373,0.004140050800102));
#3760=CARTESIAN_POINT('',(0.106594457504104,-0.103901220861373,0.004140050800102));
#3761=CARTESIAN_POINT('',(0.106190192835575,-0.103901220861373,0.004140050800102));
#3762=CARTESIAN_POINT('',(0.106594457504104,-0.103901220861373,0.001206350800102));
#3763=CARTESIAN_POINT('',(0.106190192835575,-0.103901220861373,0.001206350800102));
#3764=CARTESIAN_POINT('',(0.106594457504104,-0.110577161933256,0.004140050800102));
#3765=CARTESIAN_POINT('',(0.106594457504104,-0.110577161933256,0.004140050800102));
#3766=CARTESIAN_POINT('',(0.106190192835575,-0.110577161933256,0.004140050800102));
#3767=CARTESIAN_POINT('',(0.106594457504104,-0.110577161933256,0.001206350800102));
#3768=CARTESIAN_POINT('',(0.106190192835575,-0.110577161933256,0.001206350800102));
#3769=CARTESIAN_POINT('',(0.106675398448989,-0.101897353068637,0.004140050800102));
#3770=CARTESIAN_POINT('',(0.106675398448989,-0.101897353068637,0.001206350800102));
#3771=CARTESIAN_POINT('',(0.106675398448989,-0.101897353068637,0.004140050800102));
#3772=CARTESIAN_POINT('',(0.130573571804338,-0.137852162758757,0.004140050800102));
#3773=CARTESIAN_POINT('',(0.130573571804338,-0.137852162758757,0.001206350800102));
#3774=CARTESIAN_POINT('',(0.130573571804338,-0.137852162758757,0.004140050800102));
#3775=CARTESIAN_POINT('',(0.150165240968678,-0.130116552459036,0.004140050800102));
#3776=CARTESIAN_POINT('',(0.150165240968678,-0.130116552459036,0.001206350800102));
#3777=CARTESIAN_POINT('',(0.150165240968678,-0.130116552459036,0.004140050800102));
#3778=CARTESIAN_POINT('',(0.151476108761412,-0.131237022740977,0.004140050800102));
#3779=CARTESIAN_POINT('',(0.151476108761412,-0.131237022740977,0.004140050800102));
#3780=CARTESIAN_POINT('',(0.151071844092884,-0.131237022740977,0.004140050800102));
#3781=CARTESIAN_POINT('',(0.151476108761412,-0.131237022740977,0.001206350800102));
#3782=CARTESIAN_POINT('',(0.151071844092884,-0.131237022740977,0.001206350800102));
#3783=CARTESIAN_POINT('',(0.158152049833294,-0.131237022740977,0.004140050800102));
#3784=CARTESIAN_POINT('',(0.158152049833294,-0.131237022740977,0.004140050800102));
#3785=CARTESIAN_POINT('',(0.157747785164765,-0.131237022740977,0.004140050800102));
#3786=CARTESIAN_POINT('',(0.158152049833294,-0.131237022740977,0.001206350800102));
#3787=CARTESIAN_POINT('',(0.157747785164765,-0.131237022740977,0.001206350800102));
#3788=CARTESIAN_POINT('',(0.160156034974259,-0.130116537790507,0.004140050800102));
#3789=CARTESIAN_POINT('',(0.160156034974259,-0.130116537790507,0.001206350800102));
#3790=CARTESIAN_POINT('',(0.160156034974259,-0.130116537790507,0.004140050800102));
#3791=CARTESIAN_POINT('',(0.178783600379389,-0.124648960828353,0.004140050800102));
#3792=CARTESIAN_POINT('',(0.178783600379389,-0.124648960828353,0.001206350800102));
#3793=CARTESIAN_POINT('',(0.178783600379389,-0.124648960828353,0.004140050800102));
#3794=CARTESIAN_POINT('',(0.178783600379389,-0.109749255468942,0.004140050800102));
#3795=CARTESIAN_POINT('',(0.178783600379389,-0.109749255468942,0.001206350800102));
#3796=CARTESIAN_POINT('',(0.178783600379389,-0.109749255468942,0.004140050800102));
#3797=CARTESIAN_POINT('',(0.160156034974259,-0.110242551518333,0.004140050800102));
#3798=CARTESIAN_POINT('',(0.160156034974259,-0.110242551518333,0.001206350800102));
#3799=CARTESIAN_POINT('',(0.160156034974259,-0.110242551518333,0.004140050800102));
#3800=CARTESIAN_POINT('',(0.150165240968678,-0.110242551518333,0.004140050800102));
#3801=CARTESIAN_POINT('',(0.150165240968678,-0.110242551518333,0.001206350800102));
#3802=CARTESIAN_POINT('',(0.150165240968678,-0.110242551518333,0.004140050800102));
#3803=CARTESIAN_POINT('',(0.145473277163753,-0.137852162758757,0.004140050800102));
#3804=CARTESIAN_POINT('',(0.145473277163753,-0.137852162758757,0.001206350800102));
#3805=CARTESIAN_POINT('',(0.145473277163753,-0.137852162758757,0.004140050800102));
#3806=CARTESIAN_POINT('',(0.106675442454581,-0.111888147074226,0.004140050800102));
#3807=CARTESIAN_POINT('',(0.106675442454581,-0.111888147074226,0.001206350800102));
#3808=CARTESIAN_POINT('',(0.106675442454581,-0.111888147074226,0.004140050800102));
#3809=CARTESIAN_POINT('',(0.146142870258424,-0.111888147074226,0.004140050800102));
#3810=CARTESIAN_POINT('',(0.146142870258424,-0.111888147074226,0.001206350800102));
#3811=CARTESIAN_POINT('',(0.146142870258424,-0.111888147074226,0.004140050800102));
#3812=CARTESIAN_POINT('',(0.185063693118653,-0.083784359672643,0.004140050800102));
#3813=CARTESIAN_POINT('',(0.185063693118653,-0.083784359672643,0.001206350800102));
#3814=CARTESIAN_POINT('',(0.185063693118653,-0.083784359672643,0.004140050800102));
#3815=CARTESIAN_POINT('',(0.146142870258424,-0.101897353068637,0.004140050800102));
#3816=CARTESIAN_POINT('',(0.146142870258424,-0.101897353068637,0.001206350800102));
#3817=CARTESIAN_POINT('',(0.146142870258424,-0.101897353068637,0.004140050800102));
#3818=CARTESIAN_POINT('',(0.144062310118308,-0.112905370270102,0.004140050800102));
#3819=CARTESIAN_POINT('',(0.144062310118308,-0.112905370270102,0.001206350800102));
#3820=CARTESIAN_POINT('',(0.,0.,0.));
#3821=CARTESIAN_POINT('',(0.188090029145144,-0.109895231507185,0.004140050800102));
#3822=CARTESIAN_POINT('',(0.188090029145144,-0.109895231507185,0.008559650800102));
#3823=CARTESIAN_POINT('',(0.184722711885613,-0.113277738326421,0.008559650800102));
#3824=CARTESIAN_POINT('',(0.191457346404675,-0.106512724687949,0.008559650800102));
#3825=CARTESIAN_POINT('',(0.191457346404675,-0.106512724687949,0.004140050800102));
#3826=CARTESIAN_POINT('',(0.191457346404675,-0.106512724687949,0.001206350800102));
#3827=CARTESIAN_POINT('',(0.188090029145144,-0.109895231507185,0.001206350800102));
#3828=CARTESIAN_POINT('',(0.184722711885613,-0.113277738326421,0.001206350800102));
#3829=CARTESIAN_POINT('',(0.184722711885613,-0.113277738326421,0.004140050800102));
#3830=CARTESIAN_POINT('',(0.149424790866753,-0.0794151477801747,0.004140050800102));
#3831=CARTESIAN_POINT('',(0.149424790866753,-0.0794151477801747,0.008559650800102));
#3832=CARTESIAN_POINT('',(0.114619242210021,-0.0802245800948836,0.008559650800102));
#3833=CARTESIAN_POINT('',(0.184230339523485,-0.0786057154654659,0.008559650800102));
#3834=CARTESIAN_POINT('',(0.184230339523485,-0.0786057154654659,0.004140050800102));
#3835=CARTESIAN_POINT('',(0.184230339523485,-0.0786057154654659,0.001206350800102));
#3836=CARTESIAN_POINT('',(0.149424790866753,-0.0794151477801747,0.001206350800102));
#3837=CARTESIAN_POINT('',(0.114619242210021,-0.0802245800948836,0.001206350800102));
#3838=CARTESIAN_POINT('',(0.114619242210021,-0.0802245800948836,0.004140050800102));
#3839=CARTESIAN_POINT('',(0.190402254737994,-0.0832599464344926,0.004140050800102));
#3840=CARTESIAN_POINT('',(0.190402254737994,-0.0832599464344926,0.008559650800102));
#3841=CARTESIAN_POINT('',(0.196574169952503,-0.0879141774035193,0.008559650800102));
#3842=CARTESIAN_POINT('',(0.196574169952503,-0.0879141774035193,0.004140050800102));
#3843=CARTESIAN_POINT('',(0.196574169952503,-0.0879141774035193,0.001206350800102));
#3844=CARTESIAN_POINT('',(0.190402254737994,-0.0832599464344926,0.001206350800102));
#3845=CARTESIAN_POINT('',(0.196574169952503,-0.0982344270457648,0.004140050800102));
#3846=CARTESIAN_POINT('',(0.196574169952503,-0.0982344270457648,0.008559650800102));
#3847=CARTESIAN_POINT('',(0.196574169952503,-0.10855467668801,0.008559650800102));
#3848=CARTESIAN_POINT('',(0.196574169952503,-0.10855467668801,0.004140050800102));
#3849=CARTESIAN_POINT('',(0.196574169952503,-0.10855467668801,0.001206350800102));
#3850=CARTESIAN_POINT('',(0.196574169952503,-0.0982344270457648,0.001206350800102));
#3851=CARTESIAN_POINT('',(0.180284358333877,-0.139110711608747,0.004140050800102));
#3852=CARTESIAN_POINT('',(0.180284358333877,-0.139110711608747,0.008559650800102));
#3853=CARTESIAN_POINT('',(0.188479851108125,-0.131016398142757,0.008559650800102));
#3854=CARTESIAN_POINT('',(0.172088865559628,-0.147205025074737,0.008559650800102));
#3855=CARTESIAN_POINT('',(0.172088865559628,-0.147205025074737,0.004140050800102));
#3856=CARTESIAN_POINT('',(0.172088865559628,-0.147205025074737,0.001206350800102));
#3857=CARTESIAN_POINT('',(0.180284358333877,-0.139110711608747,0.001206350800102));
#3858=CARTESIAN_POINT('',(0.188479851108125,-0.131016398142757,0.001206350800102));
#3859=CARTESIAN_POINT('',(0.188479851108125,-0.131016398142757,0.004140050800102));
#3860=CARTESIAN_POINT('',(0.161566260527899,-0.147205025074737,0.004140050800102));
#3861=CARTESIAN_POINT('',(0.161566260527899,-0.147205025074737,0.008559650800102));
#3862=CARTESIAN_POINT('',(0.12493949938201,-0.147205025074737,0.008559650800102));
#3863=CARTESIAN_POINT('',(0.12493949938201,-0.147205025074737,0.004140050800102));
#3864=CARTESIAN_POINT('',(0.12493949938201,-0.147205025074737,0.001206350800102));
#3865=CARTESIAN_POINT('',(0.161566260527899,-0.147205025074737,0.001206350800102));
#3866=CARTESIAN_POINT('',(0.110976808626285,-0.137390670360266,0.004140050800102));
#3867=CARTESIAN_POINT('',(0.110976808626285,-0.137390670360266,0.008559650800102));
#3868=CARTESIAN_POINT('',(0.09701411787056,-0.127576315645794,0.008559650800102));
#3869=CARTESIAN_POINT('',(0.09701411787056,-0.127576315645794,0.004140050800102));
#3870=CARTESIAN_POINT('',(0.09701411787056,-0.127576315645794,0.001206350800102));
#3871=CARTESIAN_POINT('',(0.110976808626285,-0.137390670360266,0.001206350800102));
#3872=CARTESIAN_POINT('',(0.0915504502841142,-0.106935815285625,0.004140050800102));
#3873=CARTESIAN_POINT('',(0.0915504502841142,-0.106935815285625,0.008559650800102));
#3874=CARTESIAN_POINT('',(0.0915504502841142,-0.116041917531485,0.008559650800102));
#3875=CARTESIAN_POINT('',(0.0915504502841142,-0.0978297130397655,0.008559650800102));
#3876=CARTESIAN_POINT('',(0.0915504502841142,-0.0978297130397655,0.004140050800102));
#3877=CARTESIAN_POINT('',(0.0915504502841142,-0.0978297130397655,0.001206350800102));
#3878=CARTESIAN_POINT('',(0.0915504502841142,-0.106935815285625,0.001206350800102));
#3879=CARTESIAN_POINT('',(0.0915504502841142,-0.116041917531485,0.001206350800102));
#3880=CARTESIAN_POINT('',(0.0915504502841142,-0.116041917531485,0.004140050800102));
#3881=CARTESIAN_POINT('',(0.106524923365643,-0.0851823457616515,0.004140050800102));
#3882=CARTESIAN_POINT('',(0.106524923365643,-0.0851823457616515,0.008559650800102));
#3883=CARTESIAN_POINT('',(0.0984306045212653,-0.0901401114284195,0.008559650800102));
#3884=CARTESIAN_POINT('',(0.106524923365643,-0.0851823457616515,0.001206350800102));
#3885=CARTESIAN_POINT('',(0.0984306045212653,-0.0901401114284195,0.001206350800102));
#3886=CARTESIAN_POINT('',(0.0984306045212653,-0.0901401114284195,0.004140050800102));
#3887=CARTESIAN_POINT('',(0.100994746429681,-0.0936309297444414,0.004140050800102));
#3888=CARTESIAN_POINT('',(0.100994746429681,-0.0936309297444414,0.008559650800102));
#3889=CARTESIAN_POINT('',(0.100994746429691,-0.0936309297051429,0.008559650800102));
#3890=CARTESIAN_POINT('',(0.100994746429681,-0.101897353068637,0.008559650800102));
#3891=CARTESIAN_POINT('',(0.100994746429681,-0.101897353068637,0.004140050800102));
#3892=CARTESIAN_POINT('',(0.100994746429681,-0.101897353068637,0.001206350800102));
#3893=CARTESIAN_POINT('',(0.100994746429681,-0.0936309297444414,0.001206350800102));
#3894=CARTESIAN_POINT('',(0.100994746429691,-0.0936309297051429,0.001206350800102));
#3895=CARTESIAN_POINT('',(0.100994746429691,-0.0936309297051429,0.004140050800102));
#3896=CARTESIAN_POINT('',(0.0983874579155397,-0.101897353068637,0.004140050800102));
#3897=CARTESIAN_POINT('',(0.0983874579155397,-0.101897353068637,0.008559650800102));
#3898=CARTESIAN_POINT('',(0.095780169401398,-0.101897353068637,0.008559650800102));
#3899=CARTESIAN_POINT('',(0.095780169401398,-0.101897353068637,0.004140050800102));
#3900=CARTESIAN_POINT('',(0.095780169401398,-0.101897353068637,0.001206350800102));
#3901=CARTESIAN_POINT('',(0.0983874579155397,-0.101897353068637,0.001206350800102));
#3902=CARTESIAN_POINT('',(0.095780169401398,-0.107851001618153,0.004140050800102));
#3903=CARTESIAN_POINT('',(0.095780169401398,-0.107851001618153,0.008559650800102));
#3904=CARTESIAN_POINT('',(0.095780169401398,-0.113804650167669,0.008559650800102));
#3905=CARTESIAN_POINT('',(0.095780169401398,-0.113804650167669,0.004140050800102));
#3906=CARTESIAN_POINT('',(0.095780169401398,-0.113804650167669,0.001206350800102));
#3907=CARTESIAN_POINT('',(0.095780169401398,-0.107851001618153,0.001206350800102));
#3908=CARTESIAN_POINT('',(0.0983874579155396,-0.113804650167669,0.004140050800102));
#3909=CARTESIAN_POINT('',(0.0983874579155396,-0.113804650167669,0.008559650800102));
#3910=CARTESIAN_POINT('',(0.100994746429681,-0.113804650167669,0.008559650800102));
#3911=CARTESIAN_POINT('',(0.100994746429681,-0.113804650167669,0.004140050800102));
#3912=CARTESIAN_POINT('',(0.100994746429681,-0.113804650167669,0.001206350800102));
#3913=CARTESIAN_POINT('',(0.0983874579155396,-0.113804650167669,0.001206350800102));
#3914=CARTESIAN_POINT('',(0.100994746429681,-0.0936309297444414,0.004140050800102));
#3915=CARTESIAN_POINT('',(0.100994746429681,-0.0936309297444414,0.008559650800102));
#3916=CARTESIAN_POINT('',(0.100994746429681,-0.124053345008717,0.008559650800102));
#3917=CARTESIAN_POINT('',(0.100994746429681,-0.124053345008717,0.004140050800102));
#3918=CARTESIAN_POINT('',(0.100994746429681,-0.124053345008717,0.001206350800102));
#3919=CARTESIAN_POINT('',(0.100994746429681,-0.0936309297444414,0.001206350800102));
#3920=CARTESIAN_POINT('',(0.101038752374553,-0.124053344946749,0.004140050800102));
#3921=CARTESIAN_POINT('',(0.101038752374553,-0.124053344946749,0.008559650800102));
#3922=CARTESIAN_POINT('',(0.101013767740242,-0.124089570507225,0.008559650800102));
#3923=CARTESIAN_POINT('',(0.101013767740242,-0.124089570507225,0.008559650800102));
#3924=CARTESIAN_POINT('',(0.101013767740242,-0.124089570507225,0.007086450800102));
#3925=CARTESIAN_POINT('',(0.101013767740242,-0.124089570507225,0.005613250800102));
#3926=CARTESIAN_POINT('',(0.101013767740242,-0.124089570507225,0.004140050800102));
#3927=CARTESIAN_POINT('',(0.101013767740242,-0.124089570507225,0.004140050800102));
#3928=CARTESIAN_POINT('',(0.101013767740242,-0.124089570507225,0.004140050800102));
#3929=CARTESIAN_POINT('',(0.101013767740242,-0.124089570507225,0.003162150800102));
#3930=CARTESIAN_POINT('',(0.101013767740242,-0.124089570507225,0.002184250800102));
#3931=CARTESIAN_POINT('',(0.101013767740242,-0.124089570507225,0.001206350800102));
#3932=CARTESIAN_POINT('',(0.101013767740242,-0.124089570507225,0.001206350800102));
#3933=CARTESIAN_POINT('',(0.101038752374553,-0.124053344946749,0.001206350800102));
#3934=CARTESIAN_POINT('',(0.101013767883667,-0.124089570606144,0.004140050800102));
#3935=CARTESIAN_POINT('',(0.101013767883667,-0.124089570606144,0.008559650800102));
#3936=CARTESIAN_POINT('',(0.128231320858503,-0.142861415650413,0.008559650800102));
#3937=CARTESIAN_POINT('',(0.128231320842304,-0.14286141563925,0.004140050800102));
#3938=CARTESIAN_POINT('',(0.128231320842304,-0.14286141563925,0.005613250800102));
#3939=CARTESIAN_POINT('',(0.128231320842304,-0.14286141563925,0.007086450800102));
#3940=CARTESIAN_POINT('',(0.128231320842304,-0.14286141563925,0.008559650800102));
#3941=CARTESIAN_POINT('',(0.128231320842308,-0.142861415639243,0.004140050800102));
#3942=CARTESIAN_POINT('',(0.128231320842304,-0.14286141563925,0.001206350800102));
#3943=CARTESIAN_POINT('',(0.128231320842304,-0.14286141563925,0.002184250800102));
#3944=CARTESIAN_POINT('',(0.128231320842304,-0.14286141563925,0.003162150800102));
#3945=CARTESIAN_POINT('',(0.128231320842304,-0.14286141563925,0.004140050800102));
#3946=CARTESIAN_POINT('',(0.128231320858503,-0.142861415650413,0.001206350800102));
#3947=CARTESIAN_POINT('',(0.101013767883667,-0.124089570606144,0.001206350800102));
#3948=CARTESIAN_POINT('',(0.128256304894418,-0.142825190922908,0.004140050800102));
#3949=CARTESIAN_POINT('',(0.128256304894418,-0.142825190922908,0.008559650800102));
#3950=CARTESIAN_POINT('',(0.12825630492454,-0.142869195842323,0.008559650800102));
#3951=CARTESIAN_POINT('',(0.12825630492454,-0.142869195842323,0.004140050800102));
#3952=CARTESIAN_POINT('',(0.12825630492454,-0.142869195842323,0.001206350800102));
#3953=CARTESIAN_POINT('',(0.128256304894418,-0.142825190922908,0.001206350800102));
#3954=CARTESIAN_POINT('',(0.128256304984785,-0.142869195842323,0.004140050800102));
#3955=CARTESIAN_POINT('',(0.128256304984785,-0.142869195842323,0.008559650800102));
#3956=CARTESIAN_POINT('',(0.146279600786523,-0.142869195842323,0.008559650800102));
#3957=CARTESIAN_POINT('',(0.146279600786523,-0.142869195842323,0.004140050800102));
#3958=CARTESIAN_POINT('',(0.146279600786523,-0.142869195842323,0.001206350800102));
#3959=CARTESIAN_POINT('',(0.128256304984785,-0.142869195842323,0.001206350800102));
#3960=CARTESIAN_POINT('',(0.146279600930702,-0.142825189800665,0.004140050800102));
#3961=CARTESIAN_POINT('',(0.146279600930702,-0.142825189800665,0.008559650800102));
#3962=CARTESIAN_POINT('',(0.146312396064287,-0.142854532788171,0.008559650800102));
#3963=CARTESIAN_POINT('',(0.146312396064286,-0.14285453278817,0.008559650800102));
#3964=CARTESIAN_POINT('',(0.146312396064286,-0.14285453278817,0.007086450800102));
#3965=CARTESIAN_POINT('',(0.146312396064286,-0.14285453278817,0.005613250800102));
#3966=CARTESIAN_POINT('',(0.146312396064286,-0.14285453278817,0.004140050800102));
#3967=CARTESIAN_POINT('',(0.146312396064287,-0.142854532788171,0.004140050800102));
#3968=CARTESIAN_POINT('',(0.146312396064286,-0.14285453278817,0.004140050800102));
#3969=CARTESIAN_POINT('',(0.146312396064286,-0.14285453278817,0.003162150800102));
#3970=CARTESIAN_POINT('',(0.146312396064286,-0.14285453278817,0.002184250800102));
#3971=CARTESIAN_POINT('',(0.146312396064286,-0.14285453278817,0.001206350800102));
#3972=CARTESIAN_POINT('',(0.146312396064287,-0.142854532788171,0.001206350800102));
#3973=CARTESIAN_POINT('',(0.146279600930702,-0.142825189800665,0.001206350800102));
#3974=CARTESIAN_POINT('',(0.146312395747156,-0.14285453314261,0.004140050800102));
#3975=CARTESIAN_POINT('',(0.146312395747156,-0.14285453314261,0.008559650800102));
#3976=CARTESIAN_POINT('',(0.149191314657497,-0.139636914956173,0.008559650800102));
#3977=CARTESIAN_POINT('',(0.149191314657497,-0.139636914956173,0.004140050800102));
#3978=CARTESIAN_POINT('',(0.149191314657497,-0.139636914956173,0.005613250800102));
#3979=CARTESIAN_POINT('',(0.149191314657497,-0.139636914956173,0.007086450800102));
#3980=CARTESIAN_POINT('',(0.149191314657497,-0.139636914956173,0.008559650800102));
#3981=CARTESIAN_POINT('',(0.149191314657497,-0.139636914956173,0.004140050800102));
#3982=CARTESIAN_POINT('',(0.149191314657497,-0.139636914956173,0.001206350800102));
#3983=CARTESIAN_POINT('',(0.149191314657497,-0.139636914956173,0.002184250800102));
#3984=CARTESIAN_POINT('',(0.149191314657497,-0.139636914956173,0.003162150800102));
#3985=CARTESIAN_POINT('',(0.149191314657497,-0.139636914956173,0.004140050800102));
#3986=CARTESIAN_POINT('',(0.149191314657497,-0.139636914956173,0.001206350800102));
#3987=CARTESIAN_POINT('',(0.146312395747156,-0.14285453314261,0.001206350800102));
#3988=CARTESIAN_POINT('',(0.15812365979845,-0.139624696090139,0.004140050800102));
#3989=CARTESIAN_POINT('',(0.15812365979845,-0.139624696090139,0.008559650800102));
#3990=CARTESIAN_POINT('',(0.167056004939408,-0.139612477224106,0.008559650800102));
#3991=CARTESIAN_POINT('',(0.167056004939408,-0.139612477224106,0.004140050800102));
#3992=CARTESIAN_POINT('',(0.167056004939408,-0.139612477224106,0.001206350800102));
#3993=CARTESIAN_POINT('',(0.15812365979845,-0.139624696090139,0.001206350800102));
#3994=CARTESIAN_POINT('',(0.167056005710098,-0.139568474264809,0.004140050800102));
#3995=CARTESIAN_POINT('',(0.167056005710098,-0.139568474264809,0.008559650800102));
#3996=CARTESIAN_POINT('',(0.167080978071901,-0.13960470466055,0.008559650800102));
#3997=CARTESIAN_POINT('',(0.167080978071884,-0.139604704660526,0.008559650800102));
#3998=CARTESIAN_POINT('',(0.167080978071884,-0.139604704660526,0.007086450800102));
#3999=CARTESIAN_POINT('',(0.167080978071884,-0.139604704660526,0.005613250800102));
#4000=CARTESIAN_POINT('',(0.167080978071884,-0.139604704660526,0.004140050800102));
#4001=CARTESIAN_POINT('',(0.167080978071901,-0.13960470466055,0.004140050800102));
#4002=CARTESIAN_POINT('',(0.167080978071884,-0.139604704660526,0.004140050800102));
#4003=CARTESIAN_POINT('',(0.167080978071884,-0.139604704660526,0.003162150800102));
#4004=CARTESIAN_POINT('',(0.167080978071884,-0.139604704660526,0.002184250800102));
#4005=CARTESIAN_POINT('',(0.167080978071884,-0.139604704660526,0.001206350800102));
#4006=CARTESIAN_POINT('',(0.167080978071892,-0.139604704660538,0.001206350800102));
#4007=CARTESIAN_POINT('',(0.167056005710098,-0.139568474264809,0.001206350800102));
#4008=CARTESIAN_POINT('',(0.167080976196268,-0.139604705953323,0.004140050800102));
#4009=CARTESIAN_POINT('',(0.167080976196268,-0.139604705953323,0.008559650800102));
#4010=CARTESIAN_POINT('',(0.184703680054961,-0.12745798418262,0.008559650800102));
#4011=CARTESIAN_POINT('',(0.184703680242722,-0.127457984053203,0.004140050800102));
#4012=CARTESIAN_POINT('',(0.184703680242722,-0.127457984053203,0.005613250800102));
#4013=CARTESIAN_POINT('',(0.184703680242722,-0.127457984053203,0.007086450800102));
#4014=CARTESIAN_POINT('',(0.184703680242722,-0.127457984053203,0.008559650800102));
#4015=CARTESIAN_POINT('',(0.184703680242723,-0.127457984053205,0.004140050800102));
#4016=CARTESIAN_POINT('',(0.184703680242722,-0.127457984053203,0.001206350800102));
#4017=CARTESIAN_POINT('',(0.184703680242722,-0.127457984053203,0.002184250800102));
#4018=CARTESIAN_POINT('',(0.184703680242722,-0.127457984053203,0.003162150800102));
#4019=CARTESIAN_POINT('',(0.184703680242722,-0.127457984053203,0.004140050800102));
#4020=CARTESIAN_POINT('',(0.184703680054961,-0.12745798418262,0.001206350800102));
#4021=CARTESIAN_POINT('',(0.167080976196268,-0.139604705953323,0.001206350800102));
#4022=CARTESIAN_POINT('',(0.184678706509154,-0.127421751667278,0.004140050800102));
#4023=CARTESIAN_POINT('',(0.184678706509154,-0.127421751667278,0.008559650800102));
#4024=CARTESIAN_POINT('',(0.184722711885625,-0.127421751982693,0.008559650800102));
#4025=CARTESIAN_POINT('',(0.184722711885625,-0.127421751982693,0.004140050800102));
#4026=CARTESIAN_POINT('',(0.184722711885625,-0.127421751982693,0.001206350800102));
#4027=CARTESIAN_POINT('',(0.184678706509154,-0.127421751667278,0.001206350800102));
#4028=CARTESIAN_POINT('',(0.184722711885616,-0.127421752613521,0.004140050800102));
#4029=CARTESIAN_POINT('',(0.184722711885616,-0.127421752613521,0.008559650800102));
#4030=CARTESIAN_POINT('',(0.184722711885616,-0.127421752613521,0.001206350800102));
#4031=CARTESIAN_POINT('',(0.191610845954872,-0.106359226322385,0.004140050800102));
#4032=CARTESIAN_POINT('',(0.191610845954872,-0.106359226322385,0.008559650800102));
#4033=CARTESIAN_POINT('',(0.191764345505067,-0.106205727956819,0.008559650800102));
#4034=CARTESIAN_POINT('',(0.191764345505067,-0.106205727956819,0.004140050800102));
#4035=CARTESIAN_POINT('',(0.191764345505067,-0.106205727956819,0.001206350800102));
#4036=CARTESIAN_POINT('',(0.191610845954872,-0.106359226322385,0.001206350800102));
#4037=CARTESIAN_POINT('',(0.191470605149493,-0.106050297874746,0.004140050800102));
#4038=CARTESIAN_POINT('',(0.191470605149493,-0.106050297874746,0.008559650800102));
#4039=CARTESIAN_POINT('',(0.191176864793919,-0.105894867792673,0.008559650800102));
#4040=CARTESIAN_POINT('',(0.191176864793919,-0.105894867792673,0.004140050800102));
#4041=CARTESIAN_POINT('',(0.191176864793919,-0.105894867792673,0.005613250800102));
#4042=CARTESIAN_POINT('',(0.191176864793919,-0.105894867792673,0.007086450800102));
#4043=CARTESIAN_POINT('',(0.191176864793919,-0.105894867792673,0.00855965080010201));
#4044=CARTESIAN_POINT('',(0.191176864793919,-0.105894867792673,0.004140050800102));
#4045=CARTESIAN_POINT('',(0.191176864793919,-0.105894867792673,0.001206350800102));
#4046=CARTESIAN_POINT('',(0.191176864793919,-0.105894867792673,0.002184250800102));
#4047=CARTESIAN_POINT('',(0.191176864793919,-0.105894867792673,0.003162150800102));
#4048=CARTESIAN_POINT('',(0.191176864793919,-0.105894867792673,0.004140050800102));
#4049=CARTESIAN_POINT('',(0.191176864793919,-0.105894867792673,0.001206350800102));
#4050=CARTESIAN_POINT('',(0.191470605149493,-0.106050297874746,0.001206350800102));
#4051=CARTESIAN_POINT('',(0.191176864793919,-0.105894867792673,0.004140050800102));
#4052=CARTESIAN_POINT('',(0.191176864793919,-0.105894867792673,0.008559650800102));
#4053=CARTESIAN_POINT('',(0.19117686479392,-0.0888642039507083,0.008559650800102));
#4054=CARTESIAN_POINT('',(0.191176864793919,-0.0888642040780627,0.004140050800102));
#4055=CARTESIAN_POINT('',(0.191176864793919,-0.0888642040780627,0.005613250800102));
#4056=CARTESIAN_POINT('',(0.191176864793919,-0.0888642040780627,0.007086450800102));
#4057=CARTESIAN_POINT('',(0.191176864793919,-0.0888642040780627,0.008559650800102));
#4058=CARTESIAN_POINT('',(0.191176864793921,-0.0888642040780626,0.004140050800102));
#4059=CARTESIAN_POINT('',(0.191176864793919,-0.0888642040780627,0.001206350800102));
#4060=CARTESIAN_POINT('',(0.191176864793919,-0.0888642040780627,0.002184250800102));
#4061=CARTESIAN_POINT('',(0.191176864793919,-0.0888642040780627,0.003162150800102));
#4062=CARTESIAN_POINT('',(0.191176864793919,-0.0888642040780627,0.004140050800102));
#4063=CARTESIAN_POINT('',(0.19117686479392,-0.0888642039507083,0.001206350800102));
#4064=CARTESIAN_POINT('',(0.191176864793919,-0.105894867792673,0.001206350800102));
#4065=CARTESIAN_POINT('',(0.191132859487251,-0.0888642040780626,0.004140050800102));
#4066=CARTESIAN_POINT('',(0.191132859487251,-0.0888642040780626,0.008559650800102));
#4067=CARTESIAN_POINT('',(0.191163975817974,-0.0888330875072749,0.008559650800102));
#4068=CARTESIAN_POINT('',(0.191163975817974,-0.0888330875072749,0.004140050800102));
#4069=CARTESIAN_POINT('',(0.191163975817974,-0.0888330875072749,0.001206350800102));
#4070=CARTESIAN_POINT('',(0.191132859487251,-0.0888642040780626,0.001206350800102));
#4071=CARTESIAN_POINT('',(0.191163975577792,-0.0888330872670958,0.004140050800102));
#4072=CARTESIAN_POINT('',(0.191163975577792,-0.0888330872670958,0.008559650800102));
#4073=CARTESIAN_POINT('',(0.191036449481672,-0.0887055611705031,0.008559650800102));
#4074=CARTESIAN_POINT('',(0.191036449481672,-0.0887055611705031,0.004140050800102));
#4075=CARTESIAN_POINT('',(0.191036449481672,-0.0887055611705031,0.001206350800102));
#4076=CARTESIAN_POINT('',(0.191163975577792,-0.0888330872670958,0.001206350800102));
#4077=CARTESIAN_POINT('',(0.191036449481671,-0.0887055611705021,0.004140050800102));
#4078=CARTESIAN_POINT('',(0.191036449481671,-0.0887055611705021,0.008559650800102));
#4079=CARTESIAN_POINT('',(0.185091717546863,-0.0837944388826095,0.008559650800102));
#4080=CARTESIAN_POINT('',(0.185091717490297,-0.0837944388358765,0.004140050800102));
#4081=CARTESIAN_POINT('',(0.185091717490297,-0.0837944388358765,0.005613250800102));
#4082=CARTESIAN_POINT('',(0.185091717490297,-0.0837944388358765,0.007086450800102));
#4083=CARTESIAN_POINT('',(0.185091717490297,-0.0837944388358765,0.008559650800102));
#4084=CARTESIAN_POINT('',(0.185091717490295,-0.0837944388358777,0.004140050800102));
#4085=CARTESIAN_POINT('',(0.185091717490297,-0.0837944388358765,0.001206350800102));
#4086=CARTESIAN_POINT('',(0.185091717490297,-0.0837944388358765,0.002184250800102));
#4087=CARTESIAN_POINT('',(0.185091717490297,-0.0837944388358765,0.003162150800102));
#4088=CARTESIAN_POINT('',(0.185091717490297,-0.0837944388358765,0.004140050800102));
#4089=CARTESIAN_POINT('',(0.185091717546863,-0.0837944388826095,0.001206350800102));
#4090=CARTESIAN_POINT('',(0.191036449481671,-0.0887055611705021,0.001206350800102));
#4091=CARTESIAN_POINT('',(0.185063691720053,-0.0838283629944689,0.004140050800102));
#4092=CARTESIAN_POINT('',(0.185063691720053,-0.0838283629944689,0.008559650800102));
#4093=CARTESIAN_POINT('',(0.185063692186254,-0.0837843596726236,0.008559650800102));
#4094=CARTESIAN_POINT('',(0.185063692186254,-0.0837843596726236,0.004140050800102));
#4095=CARTESIAN_POINT('',(0.185063692186254,-0.0837843596726236,0.001206350800102));
#4096=CARTESIAN_POINT('',(0.185063691720053,-0.0838283629944689,0.001206350800102));
#4097=CARTESIAN_POINT('',(0.185063693118653,-0.083784359672643,0.004140050800102));
#4098=CARTESIAN_POINT('',(0.185063693118653,-0.083784359672643,0.008559650800102));
#4099=CARTESIAN_POINT('',(0.117476570676977,-0.083784359672631,0.008559650800102));
#4100=CARTESIAN_POINT('',(0.117476570676977,-0.083784359672631,0.004140050800102));
#4101=CARTESIAN_POINT('',(0.117476570676977,-0.083784359672631,0.001206350800102));
#4102=CARTESIAN_POINT('',(0.185063693118653,-0.083784359672643,0.001206350800102));
#4103=CARTESIAN_POINT('',(0.117476569915952,-0.0838283662800512,0.004140050800102));
#4104=CARTESIAN_POINT('',(0.117476569915952,-0.0838283662800512,0.008559650800102));
#4105=CARTESIAN_POINT('',(0.117454030438573,-0.0837905700704705,0.008559650800102));
#4106=CARTESIAN_POINT('',(0.117454030438589,-0.0837905700704968,0.008559650800102));
#4107=CARTESIAN_POINT('',(0.117454030438589,-0.0837905700704968,0.007086450800102));
#4108=CARTESIAN_POINT('',(0.117454030438589,-0.0837905700704968,0.005613250800102));
#4109=CARTESIAN_POINT('',(0.117454030438589,-0.0837905700704968,0.004140050800102));
#4110=CARTESIAN_POINT('',(0.117454030438573,-0.0837905700704705,0.004140050800102));
#4111=CARTESIAN_POINT('',(0.117454030438589,-0.0837905700704968,0.004140050800102));
#4112=CARTESIAN_POINT('',(0.117454030438589,-0.0837905700704968,0.003162150800102));
#4113=CARTESIAN_POINT('',(0.117454030438589,-0.0837905700704968,0.002184250800102));
#4114=CARTESIAN_POINT('',(0.117454030438589,-0.0837905700704968,0.001206350800102));
#4115=CARTESIAN_POINT('',(0.117454030438573,-0.0837905700704705,0.001206350800102));
#4116=CARTESIAN_POINT('',(0.117476569915952,-0.0838283662800512,0.001206350800102));
#4117=CARTESIAN_POINT('',(0.117454032406311,-0.0837905688970609,0.004140050800102));
#4118=CARTESIAN_POINT('',(0.117454032406311,-0.0837905688970609,0.008559650800102));
#4119=CARTESIAN_POINT('',(0.101016212167315,-0.0935931359147905,0.008559650800102));
#4120=CARTESIAN_POINT('',(0.101016212178264,-0.0935931359082652,0.004140050800102));
#4121=CARTESIAN_POINT('',(0.101016212178264,-0.0935931359082652,0.005613250800102));
#4122=CARTESIAN_POINT('',(0.101016212178264,-0.0935931359082652,0.007086450800102));
#4123=CARTESIAN_POINT('',(0.101016212178264,-0.0935931359082652,0.008559650800102));
#4124=CARTESIAN_POINT('',(0.101016212178262,-0.0935931359082624,0.004140050800102));
#4125=CARTESIAN_POINT('',(0.101016212178264,-0.0935931359082652,0.001206350800102));
#4126=CARTESIAN_POINT('',(0.101016212178264,-0.0935931359082652,0.002184250800102));
#4127=CARTESIAN_POINT('',(0.101016212178264,-0.0935931359082652,0.003162150800102));
#4128=CARTESIAN_POINT('',(0.101016212178264,-0.0935931359082652,0.004140050800102));
#4129=CARTESIAN_POINT('',(0.101016212167315,-0.0935931359147905,0.001206350800102));
#4130=CARTESIAN_POINT('',(0.117454032406311,-0.0837905688970609,0.001206350800102));
#4131=CARTESIAN_POINT('',(0.192527010530314,-0.112095939568909,0.004140050800102));
#4132=CARTESIAN_POINT('',(0.192527010530314,-0.112095939568909,0.008559650800102));
#4133=CARTESIAN_POINT('',(0.188479851108125,-0.115637202449808,0.008559650800102));
#4134=CARTESIAN_POINT('',(0.188479851108125,-0.115637202449808,0.004140050800102));
#4135=CARTESIAN_POINT('',(0.188479851108125,-0.115637202449808,0.001206350800102));
#4136=CARTESIAN_POINT('',(0.192527010530314,-0.112095939568909,0.001206350800102));
#4137=CARTESIAN_POINT('',(0.188479851108125,-0.123326800296283,0.004140050800102));
#4138=CARTESIAN_POINT('',(0.188479851108125,-0.123326800296283,0.008559650800102));
#4139=CARTESIAN_POINT('',(0.188479851108125,-0.123326800296283,0.001206350800102));
#4140=CARTESIAN_POINT('',(0.09701411787056,-0.121809116588639,0.004140050800102));
#4141=CARTESIAN_POINT('',(0.09701411787056,-0.121809116588639,0.008559650800102));
#4142=CARTESIAN_POINT('',(0.09701411787056,-0.116041917531485,0.008559650800102));
#4143=CARTESIAN_POINT('',(0.09701411787056,-0.116041917531485,0.004140050800102));
#4144=CARTESIAN_POINT('',(0.09701411787056,-0.116041917531485,0.001206350800102));
#4145=CARTESIAN_POINT('',(0.09701411787056,-0.121809116588639,0.001206350800102));
#4146=CARTESIAN_POINT('',(0.0942822840773371,-0.116041917531485,0.004140050800102));
#4147=CARTESIAN_POINT('',(0.0942822840773371,-0.116041917531485,0.008559650800102));
#4148=CARTESIAN_POINT('',(0.0942822840773371,-0.116041917531485,0.001206350800102));
#4149=CARTESIAN_POINT('',(0.0949905274026897,-0.0977969272133277,0.004140050800102));
#4150=CARTESIAN_POINT('',(0.0949905274026897,-0.0977969272133277,0.008559650800102));
#4151=CARTESIAN_POINT('',(0.0984306045212653,-0.09776414138689,0.008559650800102));
#4152=CARTESIAN_POINT('',(0.0984306045212653,-0.09776414138689,0.004140050800102));
#4153=CARTESIAN_POINT('',(0.0984306045212653,-0.09776414138689,0.001206350800102));
#4154=CARTESIAN_POINT('',(0.0949905274026897,-0.0977969272133277,0.001206350800102));
#4155=CARTESIAN_POINT('',(0.0984306045212653,-0.0939521264076547,0.004140050800102));
#4156=CARTESIAN_POINT('',(0.0984306045212653,-0.0939521264076547,0.008559650800102));
#4157=CARTESIAN_POINT('',(0.0984306045212653,-0.0939521264076547,0.001206350800102));
#4158=CARTESIAN_POINT('',(0.101038750205128,-0.0936309296854937,0.004140050800102));
#4159=CARTESIAN_POINT('',(0.101038750205128,-0.0936309296854937,0.008559650800102));
#4160=CARTESIAN_POINT('',(0.101038750205128,-0.0936309296854937,0.001206350800102));
#4161=CARTESIAN_POINT('',(0.144062310118308,-0.112905370270102,0.001206350800102));
#4162=CARTESIAN_POINT('',(0.144062310118308,-0.112905370270102,0.008559650800102));
#4163=MECHANICAL_DESIGN_GEOMETRIC_PRESENTATION_REPRESENTATION('',(#2426),
#4165);
#4164=MECHANICAL_DESIGN_GEOMETRIC_PRESENTATION_REPRESENTATION('',(#2427),
#4166);
#4165=(
GEOMETRIC_REPRESENTATION_CONTEXT(3)
GLOBAL_UNCERTAINTY_ASSIGNED_CONTEXT((#4167))
GLOBAL_UNIT_ASSIGNED_CONTEXT((#4173,#4171,#4169))
REPRESENTATION_CONTEXT('Part 88','TOP_LEVEL_ASSEMBLY_PART')
);
#4166=(
GEOMETRIC_REPRESENTATION_CONTEXT(3)
GLOBAL_UNCERTAINTY_ASSIGNED_CONTEXT((#4168))
GLOBAL_UNIT_ASSIGNED_CONTEXT((#4174,#4172,#4170))
REPRESENTATION_CONTEXT('Part 89','TOP_LEVEL_ASSEMBLY_PART')
);
#4167=UNCERTAINTY_MEASURE_WITH_UNIT(LENGTH_MEASURE(2.E-5),#4173,
'DISTANCE_ACCURACY_VALUE','Maximum Tolerance applied to model');
#4168=UNCERTAINTY_MEASURE_WITH_UNIT(LENGTH_MEASURE(2.E-5),#4174,
'DISTANCE_ACCURACY_VALUE','Maximum Tolerance applied to model');
#4169=(
NAMED_UNIT(*)
SI_UNIT($,.STERADIAN.)
SOLID_ANGLE_UNIT()
);
#4170=(
NAMED_UNIT(*)
SI_UNIT($,.STERADIAN.)
SOLID_ANGLE_UNIT()
);
#4171=(
NAMED_UNIT(*)
PLANE_ANGLE_UNIT()
SI_UNIT($,.RADIAN.)
);
#4172=(
NAMED_UNIT(*)
PLANE_ANGLE_UNIT()
SI_UNIT($,.RADIAN.)
);
#4173=(
LENGTH_UNIT()
NAMED_UNIT(*)
SI_UNIT($,.METRE.)
);
#4174=(
LENGTH_UNIT()
NAMED_UNIT(*)
SI_UNIT($,.METRE.)
);
#4175=PRODUCT_DEFINITION_SHAPE('','',#4177);
#4176=PRODUCT_DEFINITION_SHAPE('','',#4178);
#4177=PRODUCT_DEFINITION('','',#4181,#4179);
#4178=PRODUCT_DEFINITION('','',#4182,#4180);
#4179=PRODUCT_DEFINITION_CONTEXT('',#4193,'design');
#4180=PRODUCT_DEFINITION_CONTEXT('',#4194,'design');
#4181=PRODUCT_DEFINITION_FORMATION_WITH_SPECIFIED_SOURCE('','',#4185,
 .NOT_KNOWN.);
#4182=PRODUCT_DEFINITION_FORMATION_WITH_SPECIFIED_SOURCE('','',#4186,
 .NOT_KNOWN.);
#4183=PRODUCT_RELATED_PRODUCT_CATEGORY('','',(#4185));
#4184=PRODUCT_RELATED_PRODUCT_CATEGORY('','',(#4186));
#4185=PRODUCT('Part 88','Part 88','Part 88',(#4189));
#4186=PRODUCT('Part 89','Part 89','Part 89',(#4190));
#4187=PRODUCT_CATEGORY('','');
#4188=PRODUCT_CATEGORY('','');
#4189=PRODUCT_CONTEXT('',#4193,'mechanical');
#4190=PRODUCT_CONTEXT('',#4194,'mechanical');
#4191=APPLICATION_PROTOCOL_DEFINITION('international standard',
'ap242_managed_model_based_3d_engineering',2020,#4193);
#4192=APPLICATION_PROTOCOL_DEFINITION('international standard',
'ap242_managed_model_based_3d_engineering',2020,#4194);
#4193=APPLICATION_CONTEXT('managed model based 3d engineering');
#4194=APPLICATION_CONTEXT('managed model based 3d engineering');
ENDSEC;
END-ISO-10303-21;
